"common_name","stratum","country","pop_est"
"Plain Chachalaca","36_TX","USA",NA
"Mountain Quail","15_CA","USA",87000
"Mountain Quail","32_CA","USA",84000
"Mountain Quail","5_CA","USA",39000
"Mountain Quail","5_OR","USA",18000
"Mountain Quail","9_CA","USA",15000
"Mountain Quail","9_OR","USA",4700
"Mountain Quail","10_OR","USA",1900
"Mountain Quail","15_NV","USA",910
"Mountain Quail","5_WA","USA",170
"Northern Bobwhite","19_OK","USA",NA
"Northern Bobwhite","19_KS","USA",NA
"Northern Bobwhite","19_TX","USA",NA
"Northern Bobwhite","22_MO","USA",NA
"Northern Bobwhite","36_TX","USA",NA
"Northern Bobwhite","22_KS","USA",NA
"Northern Bobwhite","19_NE","USA",NA
"Northern Bobwhite","22_IL","USA",NA
"Northern Bobwhite","21_TX","USA",NA
"Northern Bobwhite","27_GA","USA",NA
"Northern Bobwhite","18_TX","USA",NA
"Northern Bobwhite","37_TX","USA",NA
"Northern Bobwhite","24_MO","USA",NA
"Northern Bobwhite","24_KY","USA",NA
"Northern Bobwhite","21_OK","USA",NA
"Northern Bobwhite","31_FL","USA",NA
"Northern Bobwhite","27_NC","USA",NA
"Northern Bobwhite","27_FL","USA",NA
"Northern Bobwhite","22_IA","USA",NA
"Northern Bobwhite","27_MS","USA",NA
"Northern Bobwhite","27_AL","USA",NA
"Northern Bobwhite","20_TX","USA",NA
"Northern Bobwhite","24_IN","USA",NA
"Northern Bobwhite","27_SC","USA",NA
"Northern Bobwhite","25_OK","USA",NA
"Northern Bobwhite","22_OK","USA",NA
"Northern Bobwhite","24_IL","USA",NA
"Northern Bobwhite","24_AR","USA",NA
"Northern Bobwhite","22_IN","USA",NA
"Northern Bobwhite","35_TX","USA",NA
"Northern Bobwhite","25_AR","USA",NA
"Northern Bobwhite","24_TN","USA",NA
"Northern Bobwhite","27_VA","USA",NA
"Northern Bobwhite","29_VA","USA",NA
"Northern Bobwhite","26_MO","USA",NA
"Northern Bobwhite","18_NM","USA",NA
"Northern Bobwhite","27_TN","USA",NA
"Northern Bobwhite","29_SC","USA",NA
"Northern Bobwhite","11_NE","USA",NA
"Northern Bobwhite","26_LA","USA",NA
"Northern Bobwhite","29_NC","USA",NA
"Northern Bobwhite","28_AL","USA",NA
"Northern Bobwhite","22_OH","USA",NA
"Northern Bobwhite","26_MS","USA",NA
"Northern Bobwhite","26_AR","USA",NA
"Northern Bobwhite","22_NE","USA",NA
"Northern Bobwhite","18_KS","USA",NA
"Northern Bobwhite","29_GA","USA",NA
"Northern Bobwhite","18_OK","USA",NA
"Northern Bobwhite","25_LA","USA",NA
"Northern Bobwhite","37_LA","USA",NA
"Northern Bobwhite","27_KY","USA",NA
"Northern Bobwhite","18_NE","USA",NA
"Northern Bobwhite","28_TN","USA",NA
"Northern Bobwhite","26_TN","USA",NA
"Northern Bobwhite","27_LA","USA",NA
"Northern Bobwhite","30_MD","USA",NA
"Northern Bobwhite","25_TX","USA",NA
"Northern Bobwhite","24_AL","USA",NA
"Northern Bobwhite","23_IN","USA",NA
"Northern Bobwhite","28_KY","USA",NA
"Northern Bobwhite","18_CO","USA",NA
"Northern Bobwhite","29_AL","USA",NA
"Northern Bobwhite","28_VA","USA",NA
"Northern Bobwhite","24_OK","USA",NA
"Northern Bobwhite","23_WI","USA",NA
"Northern Bobwhite","23_MI","USA",NA
"Northern Bobwhite","30_VA","USA",NA
"Northern Bobwhite","28_GA","USA",NA
"Northern Bobwhite","30_DE","USA",NA
"Northern Bobwhite","28_OH","USA",NA
"Northern Bobwhite","28_NC","USA",NA
"Northern Bobwhite","17_SD","USA",NA
"Northern Bobwhite","11_SD","USA",NA
"Northern Bobwhite","19_SD","USA",NA
"Northern Bobwhite","24_OH","USA",NA
"Northern Bobwhite","26_KY","USA",NA
"Northern Bobwhite","21_KS","USA",NA
"Northern Bobwhite","28_PA","USA",NA
"Northern Bobwhite","26_IL","USA",NA
"Northern Bobwhite","18_WY","USA",NA
"Northern Bobwhite","35_NM","USA",NA
"Northern Bobwhite","11_IA","USA",NA
"Northern Bobwhite","23_IL","USA",NA
"Northern Bobwhite","23_MN","USA",NA
"Northern Bobwhite","29_PA","USA",NA
"Northern Bobwhite","30_MA","USA",NA
"Northern Bobwhite","13_OH","USA",NA
"Northern Bobwhite","30_NJ","USA",NA
"Northern Bobwhite","12_WI","USA",NA
"Northern Bobwhite","28_SC","USA",NA
"Northern Bobwhite","28_WV","USA",NA
"Northern Bobwhite","14_ME","USA",NA
"Northern Bobwhite","12_MI","USA",NA
"Northern Bobwhite","17_NE","USA",NA
"Northern Bobwhite","12_MN","USA",NA
"Northern Bobwhite","30_NY","USA",NA
"Northern Bobwhite","28_NY","USA",NA
"Northern Bobwhite","13_NY","USA",NA
"Northern Bobwhite","5_OR","USA",NA
"Northern Bobwhite","24_KS","USA",NA
"Northern Bobwhite","11_MN","USA",NA
"Northern Bobwhite","23_OH","USA",NA
"Northern Bobwhite","13_PA","USA",NA
"Northern Bobwhite","30_NH","USA",NA
"Northern Bobwhite","37_MS","USA",NA
"Northern Bobwhite","28_NJ","USA",NA
"Northern Bobwhite","28_MD","USA",NA
"Northern Bobwhite","14_VT","USA",NA
"Northern Bobwhite","29_MD","USA",NA
"Northern Bobwhite","30_PA","USA",NA
"Northern Bobwhite","29_DE","USA",NA
"Scaled Quail","35_TX","USA",690000
"Scaled Quail","35_NM","USA",500000
"Scaled Quail","18_NM","USA",420000
"Scaled Quail","18_TX","USA",390000
"Scaled Quail","36_TX","USA",93000
"Scaled Quail","18_CO","USA",90000
"Scaled Quail","34_AZ","USA",77000
"Scaled Quail","16_NM","USA",53000
"Scaled Quail","34_NM","USA",34000
"Scaled Quail","18_OK","USA",18000
"Scaled Quail","19_TX","USA",12000
"Scaled Quail","35_AZ","USA",6400
"Scaled Quail","19_OK","USA",2200
"Scaled Quail","37_TX","USA",1900
"Scaled Quail","21_TX","USA",1600
"Scaled Quail","16_CO","USA",540
"Scaled Quail","16_UT","USA",270
"California Quail","32_CA","USA",1200000
"California Quail","9_WA","USA",610000
"California Quail","9_NV","USA",300000
"California Quail","9_OR","USA",290000
"California Quail","33_CA","USA",150000
"California Quail","9_CA","USA",140000
"California Quail","5_CA","USA",130000
"California Quail","9_ID","USA",120000
"California Quail","15_CA","USA",85000
"California Quail","9_BC","CAN",85000
"California Quail","5_OR","USA",64000
"California Quail","10_OR","USA",47000
"California Quail","10_WA","USA",36000
"California Quail","5_BC","CAN",31000
"California Quail","10_ID","USA",26000
"California Quail","5_WA","USA",23000
"California Quail","10_BC","CAN",19000
"California Quail","9_UT","USA",4400
"California Quail","16_UT","USA",3700
"California Quail","15_NV","USA",2000
"California Quail","35_NM","USA",950
"Gambel's Quail","33_AZ","USA",2000000
"Gambel's Quail","34_AZ","USA",1100000
"Gambel's Quail","35_NM","USA",630000
"Gambel's Quail","35_TX","USA",400000
"Gambel's Quail","33_CA","USA",360000
"Gambel's Quail","33_NV","USA",180000
"Gambel's Quail","16_AZ","USA",140000
"Gambel's Quail","16_NM","USA",130000
"Gambel's Quail","34_NM","USA",96000
"Gambel's Quail","16_UT","USA",49000
"Gambel's Quail","9_ID","USA",41000
"Gambel's Quail","16_CO","USA",18000
"Gambel's Quail","9_NV","USA",18000
"Gambel's Quail","35_AZ","USA",16000
"Gambel's Quail","33_UT","USA",4300
"Gambel's Quail","16_NV","USA",780
"Montezuma Quail","34_AZ","USA",NA
"Montezuma Quail","35_TX","USA",NA
"Montezuma Quail","34_NM","USA",NA
"Montezuma Quail","16_NM","USA",NA
"Montezuma Quail","35_NM","USA",NA
"Montezuma Quail","35_AZ","USA",NA
"Chukar","9_OR","USA",110000
"Chukar","9_NV","USA",100000
"Chukar","9_UT","USA",50000
"Chukar","33_NV","USA",49000
"Chukar","33_CA","USA",22000
"Chukar","9_WA","USA",17000
"Chukar","9_ID","USA",9700
"Chukar","16_UT","USA",8800
"Chukar","10_WY","USA",7100
"Chukar","10_ID","USA",5600
"Chukar","10_OR","USA",5500
"Chukar","16_CO","USA",2800
"Chukar","9_CA","USA",2800
"Chukar","9_BC","CAN",2600
"Chukar","16_AZ","USA",970
"Chukar","32_CA","USA",390
"Chukar","33_UT","USA",320
"Chukar","10_UT","USA",98
"Gray Partridge","11_SK","CAN",250000
"Gray Partridge","11_MT","USA",140000
"Gray Partridge","11_AB","CAN",140000
"Gray Partridge","11_ND","USA",54000
"Gray Partridge","17_ND","USA",36000
"Gray Partridge","17_MT","USA",31000
"Gray Partridge","9_ID","USA",24000
"Gray Partridge","11_MB","CAN",23000
"Gray Partridge","11_IA","USA",19000
"Gray Partridge","9_WA","USA",16000
"Gray Partridge","6_SK","CAN",15000
"Gray Partridge","11_MN","USA",12000
"Gray Partridge","9_NV","USA",11000
"Gray Partridge","10_MT","USA",11000
"Gray Partridge","11_SD","USA",6600
"Gray Partridge","22_IA","USA",6200
"Gray Partridge","10_ID","USA",5400
"Gray Partridge","6_MB","CAN",4700
"Gray Partridge","9_OR","USA",4600
"Gray Partridge","6_AB","CAN",4000
"Gray Partridge","17_SD","USA",2500
"Gray Partridge","13_ON","CAN",1800
"Gray Partridge","10_WY","USA",1500
"Gray Partridge","17_WY","USA",1100
"Gray Partridge","10_WA","USA",1000
"Gray Partridge","23_MN","USA",680
"Gray Partridge","23_WI","USA",670
"Gray Partridge","22_IL","USA",290
"Gray Partridge","9_BC","CAN",270
"Gray Partridge","17_NE","USA",91
"Gray Partridge","9_WY","USA",16
"Ring-necked Pheasant","11_SD","USA",2100000
"Ring-necked Pheasant","17_ND","USA",2000000
"Ring-necked Pheasant","19_KS","USA",1400000
"Ring-necked Pheasant","11_ND","USA",1400000
"Ring-necked Pheasant","19_NE","USA",1000000
"Ring-necked Pheasant","17_MT","USA",670000
"Ring-necked Pheasant","17_SD","USA",650000
"Ring-necked Pheasant","22_IA","USA",600000
"Ring-necked Pheasant","11_MT","USA",600000
"Ring-necked Pheasant","18_KS","USA",550000
"Ring-necked Pheasant","18_CO","USA",420000
"Ring-necked Pheasant","18_NE","USA",410000
"Ring-necked Pheasant","11_MN","USA",410000
"Ring-necked Pheasant","18_TX","USA",380000
"Ring-necked Pheasant","9_WA","USA",310000
"Ring-necked Pheasant","23_MN","USA",300000
"Ring-necked Pheasant","9_ID","USA",250000
"Ring-necked Pheasant","11_IA","USA",240000
"Ring-necked Pheasant","9_OR","USA",190000
"Ring-necked Pheasant","22_IL","USA",190000
"Ring-necked Pheasant","10_WY","USA",190000
"Ring-necked Pheasant","23_WI","USA",160000
"Ring-necked Pheasant","10_MT","USA",160000
"Ring-necked Pheasant","19_OK","USA",140000
"Ring-necked Pheasant","22_NE","USA",120000
"Ring-necked Pheasant","11_AB","CAN",110000
"Ring-necked Pheasant","32_CA","USA",100000
"Ring-necked Pheasant","4_AK","USA",100000
"Ring-necked Pheasant","11_NE","USA",93000
"Ring-necked Pheasant","23_MI","USA",82000
"Ring-necked Pheasant","18_OK","USA",76000
"Ring-necked Pheasant","9_UT","USA",73000
"Ring-necked Pheasant","11_SK","CAN",70000
"Ring-necked Pheasant","14_NS","CAN",70000
"Ring-necked Pheasant","9_NV","USA",62000
"Ring-necked Pheasant","22_KS","USA",59000
"Ring-necked Pheasant","22_MO","USA",58000
"Ring-necked Pheasant","22_MI","USA",55000
"Ring-necked Pheasant","22_MN","USA",53000
"Ring-necked Pheasant","17_WY","USA",49000
"Ring-necked Pheasant","18_WY","USA",46000
"Ring-necked Pheasant","22_IN","USA",38000
"Ring-necked Pheasant","12_MI","USA",37000
"Ring-necked Pheasant","9_BC","CAN",35000
"Ring-necked Pheasant","9_CA","USA",31000
"Ring-necked Pheasant","17_NE","USA",31000
"Ring-necked Pheasant","18_SD","USA",28000
"Ring-necked Pheasant","5_OR","USA",26000
"Ring-necked Pheasant","16_UT","USA",26000
"Ring-necked Pheasant","22_OH","USA",24000
"Ring-necked Pheasant","19_TX","USA",22000
"Ring-necked Pheasant","10_OR","USA",22000
"Ring-necked Pheasant","16_CO","USA",21000
"Ring-necked Pheasant","10_ID","USA",21000
"Ring-necked Pheasant","33_CA","USA",18000
"Ring-necked Pheasant","14_NB","CAN",18000
"Ring-necked Pheasant","13_NY","USA",14000
"Ring-necked Pheasant","28_PA","USA",12000
"Ring-necked Pheasant","35_NM","USA",12000
"Ring-necked Pheasant","23_IN","USA",11000
"Ring-necked Pheasant","19_SD","USA",10000
"Ring-necked Pheasant","12_WI","USA",9500
"Ring-necked Pheasant","12_MN","USA",7800
"Ring-necked Pheasant","5_AK","USA",7700
"Ring-necked Pheasant","5_BC","CAN",7700
"Ring-necked Pheasant","10_BC","CAN",6800
"Ring-necked Pheasant","13_ON","CAN",6500
"Ring-necked Pheasant","18_NM","USA",6300
"Ring-necked Pheasant","23_IA","USA",6100
"Ring-necked Pheasant","11_MB","CAN",5400
"Ring-necked Pheasant","23_IL","USA",5400
"Ring-necked Pheasant","10_WA","USA",5100
"Ring-necked Pheasant","5_CA","USA",4400
"Ring-necked Pheasant","33_AZ","USA",3900
"Ring-necked Pheasant","13_OH","USA",3900
"Ring-necked Pheasant","5_WA","USA",3600
"Ring-necked Pheasant","28_OH","USA",3500
"Ring-necked Pheasant","22_WI","USA",2100
"Ring-necked Pheasant","34_AZ","USA",1800
"Ring-necked Pheasant","6_AB","CAN",1200
"Ring-necked Pheasant","28_NY","USA",870
"Ring-necked Pheasant","29_PA","USA",810
"Ring-necked Pheasant","16_NM","USA",630
"Ring-necked Pheasant","14_ME","USA",580
"Ring-necked Pheasant","30_MA","USA",490
"Ring-necked Pheasant","22_OK","USA",440
"Ring-necked Pheasant","29_NJ","USA",360
"Ring-necked Pheasant","28_WV","USA",360
"Ring-necked Pheasant","13_PA","USA",320
"Ring-necked Pheasant","29_VA","USA",320
"Ring-necked Pheasant","16_WY","USA",280
"Ring-necked Pheasant","12_ON","CAN",250
"Ring-necked Pheasant","29_MD","USA",250
"Ring-necked Pheasant","21_TX","USA",220
"Ring-necked Pheasant","16_ID","USA",180
"Ring-necked Pheasant","30_RI","USA",170
"Ring-necked Pheasant","30_NJ","USA",140
"Ring-necked Pheasant","14_NH","USA",110
"Ring-necked Pheasant","23_OH","USA",93
"Ring-necked Pheasant","30_DE","USA",74
"Ring-necked Pheasant","28_NJ","USA",68
"Ring-necked Pheasant","14_PE","CAN",68
"Ring-necked Pheasant","14_VT","USA",51
"Ring-necked Pheasant","28_MD","USA",50
"Ring-necked Pheasant","14_MA","USA",43
"Ring-necked Pheasant","30_MD","USA",35
"Ring-necked Pheasant","28_CT","USA",33
"Ring-necked Pheasant","28_MA","USA",26
"Ring-necked Pheasant","29_NY","USA",16
"Ring-necked Pheasant","29_DE","USA",15
"Ring-necked Pheasant","30_PA","USA",5
"Ruffed Grouse","10_BC","CAN",NA
"Ruffed Grouse","8_ON","CAN",NA
"Ruffed Grouse","8_SK","CAN",NA
"Ruffed Grouse","6_NT","CAN",NA
"Ruffed Grouse","6_AB","CAN",NA
"Ruffed Grouse","8_MB","CAN",NA
"Ruffed Grouse","6_SK","CAN",NA
"Ruffed Grouse","4_AK","USA",NA
"Ruffed Grouse","12_MN","USA",NA
"Ruffed Grouse","12_ON","CAN",NA
"Ruffed Grouse","6_MB","CAN",NA
"Ruffed Grouse","12_QC","CAN",NA
"Ruffed Grouse","5_BC","CAN",NA
"Ruffed Grouse","10_MT","USA",NA
"Ruffed Grouse","12_MI","USA",NA
"Ruffed Grouse","4_YT","CAN",NA
"Ruffed Grouse","11_SK","CAN",NA
"Ruffed Grouse","6_BC","CAN",NA
"Ruffed Grouse","4_BC","CAN",NA
"Ruffed Grouse","12_WI","USA",NA
"Ruffed Grouse","8_QC","CAN",NA
"Ruffed Grouse","9_BC","CAN",NA
"Ruffed Grouse","10_AB","CAN",NA
"Ruffed Grouse","11_MB","CAN",NA
"Ruffed Grouse","14_QC","CAN",NA
"Ruffed Grouse","10_ID","USA",NA
"Ruffed Grouse","12_MB","CAN",NA
"Ruffed Grouse","14_NB","CAN",NA
"Ruffed Grouse","14_NS","CAN",NA
"Ruffed Grouse","14_ME","USA",NA
"Ruffed Grouse","13_ON","CAN",NA
"Ruffed Grouse","10_OR","USA",NA
"Ruffed Grouse","5_OR","USA",NA
"Ruffed Grouse","4_NT","CAN",NA
"Ruffed Grouse","14_NY","USA",NA
"Ruffed Grouse","8_NL","CAN",NA
"Ruffed Grouse","10_WY","USA",NA
"Ruffed Grouse","10_WA","USA",NA
"Ruffed Grouse","23_WI","USA",NA
"Ruffed Grouse","9_ID","USA",NA
"Ruffed Grouse","11_AB","CAN",NA
"Ruffed Grouse","28_NY","USA",NA
"Ruffed Grouse","28_PA","USA",NA
"Ruffed Grouse","16_UT","USA",NA
"Ruffed Grouse","23_MN","USA",NA
"Ruffed Grouse","9_WA","USA",NA
"Ruffed Grouse","28_WV","USA",NA
"Ruffed Grouse","8_AB","CAN",NA
"Ruffed Grouse","11_ND","USA",NA
"Ruffed Grouse","13_QC","CAN",NA
"Ruffed Grouse","5_WA","USA",NA
"Ruffed Grouse","11_MN","USA",NA
"Ruffed Grouse","14_VT","USA",NA
"Ruffed Grouse","9_NV","USA",NA
"Ruffed Grouse","23_MI","USA",NA
"Ruffed Grouse","13_NY","USA",NA
"Ruffed Grouse","9_OR","USA",NA
"Ruffed Grouse","28_VA","USA",NA
"Ruffed Grouse","14_NH","USA",NA
"Ruffed Grouse","5_CA","USA",NA
"Ruffed Grouse","17_SD","USA",NA
"Ruffed Grouse","28_NJ","USA",NA
"Ruffed Grouse","10_UT","USA",NA
"Ruffed Grouse","14_PE","CAN",NA
"Ruffed Grouse","14_MA","USA",NA
"Ruffed Grouse","17_WY","USA",NA
"Ruffed Grouse","28_MD","USA",NA
"Ruffed Grouse","28_OH","USA",NA
"Ruffed Grouse","29_NC","USA",NA
"Ruffed Grouse","30_NH","USA",NA
"Ruffed Grouse","16_ID","USA",NA
"Ruffed Grouse","9_WY","USA",NA
"Ruffed Grouse","30_VT","USA",NA
"Greater Sage-Grouse","10_WY","USA",NA
"Greater Sage-Grouse","9_NV","USA",NA
"Greater Sage-Grouse","10_CO","USA",NA
"Greater Sage-Grouse","17_WY","USA",NA
"Greater Sage-Grouse","17_MT","USA",NA
"Greater Sage-Grouse","9_CA","USA",NA
"Greater Sage-Grouse","9_OR","USA",NA
"Greater Sage-Grouse","16_UT","USA",NA
"Greater Sage-Grouse","9_ID","USA",NA
"Greater Sage-Grouse","16_CO","USA",NA
"Greater Sage-Grouse","11_MT","USA",NA
"Greater Sage-Grouse","10_UT","USA",NA
"Greater Sage-Grouse","10_ID","USA",NA
"Greater Sage-Grouse","9_UT","USA",NA
"Greater Sage-Grouse","16_WY","USA",NA
"Greater Sage-Grouse","17_SD","USA",NA
"Greater Sage-Grouse","16_ID","USA",NA
"Greater Sage-Grouse","17_NE","USA",NA
"Greater Sage-Grouse","9_WY","USA",NA
"Gunnison Sage-Grouse","16_CO","USA",NA
"Spruce Grouse","7_MB","CAN",NA
"Spruce Grouse","8_ON","CAN",NA
"Spruce Grouse","7_QC","CAN",NA
"Spruce Grouse","6_NT","CAN",NA
"Spruce Grouse","7_NL","CAN",NA
"Spruce Grouse","7_NT","CAN",NA
"Spruce Grouse","8_QC","CAN",NA
"Spruce Grouse","12_ON","CAN",NA
"Spruce Grouse","4_YT","CAN",NA
"Spruce Grouse","4_AK","USA",NA
"Spruce Grouse","10_ID","USA",NA
"Spruce Grouse","8_MB","CAN",NA
"Spruce Grouse","8_SK","CAN",NA
"Spruce Grouse","12_QC","CAN",NA
"Spruce Grouse","12_MB","CAN",NA
"Spruce Grouse","7_SK","CAN",NA
"Spruce Grouse","4_NT","CAN",NA
"Spruce Grouse","5_AK","USA",NA
"Spruce Grouse","6_AB","CAN",NA
"Spruce Grouse","8_NL","CAN",NA
"Spruce Grouse","5_BC","CAN",NA
"Spruce Grouse","10_MT","USA",NA
"Spruce Grouse","10_WA","USA",NA
"Spruce Grouse","14_ME","USA",NA
"Spruce Grouse","7_AB","CAN",NA
"Willow Ptarmigan","2_AK","USA",5700000
"Willow Ptarmigan","3_NU","CAN",2000000
"Willow Ptarmigan","7_MB","CAN",1500000
"Willow Ptarmigan","4_BC","CAN",880000
"Willow Ptarmigan","6_NT","CAN",580000
"Willow Ptarmigan","7_ON","CAN",530000
"Willow Ptarmigan","3_QC","CAN",470000
"Willow Ptarmigan","4_AK","USA",390000
"Willow Ptarmigan","3_NT","CAN",380000
"Willow Ptarmigan","1_AK","USA",200000
"Willow Ptarmigan","4_YT","CAN",89000
"Willow Ptarmigan","3_AK","USA",88000
"Willow Ptarmigan","5_AK","USA",14000
"Willow Ptarmigan","3_YT","CAN",7900
"Willow Ptarmigan","6_YT","CAN",3800
"Willow Ptarmigan","3_MB","CAN",3400
"Willow Ptarmigan","5_YT","CAN",340
"Rock Ptarmigan","3_NU","CAN",2200000
"Rock Ptarmigan","3_QC","CAN",560000
"Rock Ptarmigan","3_NT","CAN",440000
"Rock Ptarmigan","2_AK","USA",370000
"Rock Ptarmigan","3_AK","USA",200000
"Rock Ptarmigan","6_NT","CAN",120000
"Rock Ptarmigan","4_YT","CAN",37000
"Rock Ptarmigan","1_AK","USA",13000
"Rock Ptarmigan","3_YT","CAN",11000
"Rock Ptarmigan","4_NT","CAN",7400
"Rock Ptarmigan","4_AK","USA",5400
"Rock Ptarmigan","3_NL","CAN",4200
"Dusky Grouse","9_NV","USA",NA
"Dusky Grouse","16_CO","USA",NA
"Dusky Grouse","4_YT","CAN",NA
"Dusky Grouse","10_OR","USA",NA
"Dusky Grouse","10_BC","CAN",NA
"Dusky Grouse","4_NT","CAN",NA
"Dusky Grouse","10_WA","USA",NA
"Dusky Grouse","16_UT","USA",NA
"Dusky Grouse","10_ID","USA",NA
"Dusky Grouse","10_WY","USA",NA
"Dusky Grouse","10_MT","USA",NA
"Dusky Grouse","9_ID","USA",NA
"Dusky Grouse","16_AZ","USA",NA
"Dusky Grouse","9_BC","CAN",NA
"Dusky Grouse","16_WY","USA",NA
"Dusky Grouse","9_WY","USA",NA
"Sooty Grouse","4_BC","CAN",NA
"Sooty Grouse","5_BC","CAN",NA
"Sooty Grouse","5_AK","USA",NA
"Sooty Grouse","5_WA","USA",NA
"Sooty Grouse","5_OR","USA",NA
"Sooty Grouse","10_BC","CAN",NA
"Sooty Grouse","9_WA","USA",NA
"Sooty Grouse","9_BC","CAN",NA
"Sooty Grouse","15_CA","USA",NA
"Sooty Grouse","5_CA","USA",NA
"Sooty Grouse","9_OR","USA",NA
"Sooty Grouse","15_NV","USA",NA
"Sooty Grouse","9_CA","USA",NA
"Sharp-tailed Grouse","11_SK","CAN",130000
"Sharp-tailed Grouse","17_MT","USA",120000
"Sharp-tailed Grouse","11_ND","USA",110000
"Sharp-tailed Grouse","11_AB","CAN",62000
"Sharp-tailed Grouse","17_ND","USA",60000
"Sharp-tailed Grouse","11_MB","CAN",60000
"Sharp-tailed Grouse","11_MT","USA",40000
"Sharp-tailed Grouse","12_MN","USA",28000
"Sharp-tailed Grouse","17_SD","USA",24000
"Sharp-tailed Grouse","7_ON","CAN",19000
"Sharp-tailed Grouse","19_NE","USA",19000
"Sharp-tailed Grouse","6_MB","CAN",17000
"Sharp-tailed Grouse","11_MN","USA",16000
"Sharp-tailed Grouse","10_MT","USA",12000
"Sharp-tailed Grouse","6_SK","CAN",6900
"Sharp-tailed Grouse","6_NT","CAN",6800
"Sharp-tailed Grouse","12_MB","CAN",5800
"Sharp-tailed Grouse","17_WY","USA",5300
"Sharp-tailed Grouse","11_SD","USA",4600
"Sharp-tailed Grouse","10_BC","CAN",4000
"Sharp-tailed Grouse","6_AB","CAN",3100
"Sharp-tailed Grouse","17_NE","USA",2200
"Sharp-tailed Grouse","12_ON","CAN",1900
"Sharp-tailed Grouse","4_AK","USA",1600
"Sharp-tailed Grouse","18_WY","USA",1300
"Sharp-tailed Grouse","9_ID","USA",1100
"Sharp-tailed Grouse","8_ON","CAN",960
"Sharp-tailed Grouse","12_MI","USA",650
"Sharp-tailed Grouse","10_CO","USA",650
"Sharp-tailed Grouse","9_UT","USA",480
"Sharp-tailed Grouse","12_WI","USA",400
"Sharp-tailed Grouse","18_NE","USA",350
"Sharp-tailed Grouse","13_ON","CAN",260
"Sharp-tailed Grouse","7_AB","CAN",63
"Sharp-tailed Grouse","19_SD","USA",20
"Sharp-tailed Grouse","18_SD","USA",8
"Sharp-tailed Grouse","9_WY","USA",3
"Greater Prairie-Chicken","19_NE","USA",220000
"Greater Prairie-Chicken","19_KS","USA",45000
"Greater Prairie-Chicken","17_SD","USA",24000
"Greater Prairie-Chicken","22_KS","USA",21000
"Greater Prairie-Chicken","18_CO","USA",14000
"Greater Prairie-Chicken","11_MN","USA",11000
"Greater Prairie-Chicken","11_SD","USA",8800
"Greater Prairie-Chicken","11_NE","USA",5300
"Greater Prairie-Chicken","18_KS","USA",3300
"Greater Prairie-Chicken","18_NE","USA",2400
"Greater Prairie-Chicken","17_NE","USA",1900
"Greater Prairie-Chicken","23_WI","USA",480
"Greater Prairie-Chicken","19_SD","USA",190
"Greater Prairie-Chicken","22_OK","USA",150
"Lesser Prairie-Chicken","18_KS","USA",NA
"Lesser Prairie-Chicken","18_TX","USA",NA
"Lesser Prairie-Chicken","19_KS","USA",NA
"Lesser Prairie-Chicken","18_OK","USA",NA
"Lesser Prairie-Chicken","18_NM","USA",NA
"Lesser Prairie-Chicken","18_CO","USA",NA
"Wild Turkey","19_KS","USA",NA
"Wild Turkey","19_OK","USA",NA
"Wild Turkey","19_NE","USA",NA
"Wild Turkey","23_WI","USA",NA
"Wild Turkey","32_CA","USA",NA
"Wild Turkey","22_KS","USA",NA
"Wild Turkey","19_TX","USA",NA
"Wild Turkey","21_TX","USA",NA
"Wild Turkey","20_TX","USA",NA
"Wild Turkey","22_MO","USA",NA
"Wild Turkey","23_MI","USA",NA
"Wild Turkey","13_ON","CAN",NA
"Wild Turkey","17_SD","USA",NA
"Wild Turkey","22_IA","USA",NA
"Wild Turkey","12_MI","USA",NA
"Wild Turkey","24_KY","USA",NA
"Wild Turkey","28_PA","USA",NA
"Wild Turkey","24_MO","USA",NA
"Wild Turkey","24_TN","USA",NA
"Wild Turkey","23_MN","USA",NA
"Wild Turkey","17_MT","USA",NA
"Wild Turkey","17_ND","USA",NA
"Wild Turkey","17_WY","USA",NA
"Wild Turkey","22_IL","USA",NA
"Wild Turkey","22_NE","USA",NA
"Wild Turkey","36_TX","USA",NA
"Wild Turkey","27_NC","USA",NA
"Wild Turkey","11_NE","USA",NA
"Wild Turkey","13_NY","USA",NA
"Wild Turkey","11_ND","USA",NA
"Wild Turkey","37_TX","USA",NA
"Wild Turkey","18_NE","USA",NA
"Wild Turkey","31_FL","USA",NA
"Wild Turkey","27_SC","USA",NA
"Wild Turkey","16_CO","USA",NA
"Wild Turkey","28_NY","USA",NA
"Wild Turkey","35_TX","USA",NA
"Wild Turkey","11_MB","CAN",NA
"Wild Turkey","5_OR","USA",NA
"Wild Turkey","10_ID","USA",NA
"Wild Turkey","12_WI","USA",NA
"Wild Turkey","11_SD","USA",NA
"Wild Turkey","28_WV","USA",NA
"Wild Turkey","14_ME","USA",NA
"Wild Turkey","12_ON","CAN",NA
"Wild Turkey","27_MS","USA",NA
"Wild Turkey","10_MT","USA",NA
"Wild Turkey","27_AL","USA",NA
"Wild Turkey","21_OK","USA",NA
"Wild Turkey","27_GA","USA",NA
"Wild Turkey","27_FL","USA",NA
"Wild Turkey","35_NM","USA",NA
"Wild Turkey","5_CA","USA",NA
"Wild Turkey","10_WA","USA",NA
"Wild Turkey","18_CO","USA",NA
"Wild Turkey","12_MN","USA",NA
"Wild Turkey","30_NJ","USA",NA
"Wild Turkey","29_SC","USA",NA
"Wild Turkey","24_IN","USA",NA
"Wild Turkey","22_MN","USA",NA
"Wild Turkey","27_TN","USA",NA
"Wild Turkey","16_UT","USA",NA
"Wild Turkey","12_QC","CAN",NA
"Wild Turkey","28_OH","USA",NA
"Wild Turkey","34_AZ","USA",NA
"Wild Turkey","29_VA","USA",NA
"Wild Turkey","11_MT","USA",NA
"Wild Turkey","28_KY","USA",NA
"Wild Turkey","13_OH","USA",NA
"Wild Turkey","30_MD","USA",NA
"Wild Turkey","23_IN","USA",NA
"Wild Turkey","14_NH","USA",NA
"Wild Turkey","18_TX","USA",NA
"Wild Turkey","16_NM","USA",NA
"Wild Turkey","28_AL","USA",NA
"Wild Turkey","11_MN","USA",NA
"Wild Turkey","14_NY","USA",NA
"Wild Turkey","29_NC","USA",NA
"Wild Turkey","29_GA","USA",NA
"Wild Turkey","25_OK","USA",NA
"Wild Turkey","28_NC","USA",NA
"Wild Turkey","9_OR","USA",NA
"Wild Turkey","18_NM","USA",NA
"Wild Turkey","28_TN","USA",NA
"Wild Turkey","27_VA","USA",NA
"Wild Turkey","9_WA","USA",NA
"Wild Turkey","24_IL","USA",NA
"Wild Turkey","14_VT","USA",NA
"Wild Turkey","30_MA","USA",NA
"Wild Turkey","34_NM","USA",NA
"Wild Turkey","14_QC","CAN",NA
"Wild Turkey","10_OR","USA",NA
"Wild Turkey","25_AR","USA",NA
"Wild Turkey","24_AR","USA",NA
"Wild Turkey","15_CA","USA",NA
"Wild Turkey","10_WY","USA",NA
"Wild Turkey","28_VA","USA",NA
"Wild Turkey","13_PA","USA",NA
"Wild Turkey","25_LA","USA",NA
"Wild Turkey","30_VA","USA",NA
"Wild Turkey","30_CT","USA",NA
"Wild Turkey","18_OK","USA",NA
"Wild Turkey","19_SD","USA",NA
"Wild Turkey","10_BC","CAN",NA
"Wild Turkey","22_OH","USA",NA
"Wild Turkey","23_IL","USA",NA
"Wild Turkey","28_GA","USA",NA
"Wild Turkey","18_KS","USA",NA
"Wild Turkey","22_OK","USA",NA
"Wild Turkey","22_IN","USA",NA
"Wild Turkey","14_CT","USA",NA
"Wild Turkey","14_MA","USA",NA
"Wild Turkey","9_ID","USA",NA
"Wild Turkey","13_QC","CAN",NA
"Wild Turkey","26_MS","USA",NA
"Wild Turkey","23_IA","USA",NA
"Wild Turkey","29_AL","USA",NA
"Wild Turkey","29_NJ","USA",NA
"Wild Turkey","30_NH","USA",NA
"Wild Turkey","25_TX","USA",NA
"Wild Turkey","27_LA","USA",NA
"Wild Turkey","16_AZ","USA",NA
"Wild Turkey","18_SD","USA",NA
"Wild Turkey","16_WY","USA",NA
"Wild Turkey","26_AR","USA",NA
"Wild Turkey","27_KY","USA",NA
"Wild Turkey","24_OH","USA",NA
"Wild Turkey","11_SK","CAN",NA
"Wild Turkey","28_NJ","USA",NA
"Wild Turkey","28_MD","USA",NA
"Wild Turkey","24_AL","USA",NA
"Wild Turkey","22_WI","USA",NA
"Wild Turkey","26_LA","USA",NA
"Wild Turkey","18_WY","USA",NA
"Wild Turkey","5_WA","USA",NA
"Wild Turkey","30_NY","USA",NA
"Wild Turkey","33_CA","USA",NA
"Wild Turkey","30_RI","USA",NA
"Wild Turkey","13_VT","USA",NA
"Wild Turkey","30_DE","USA",NA
"Wild Turkey","22_MI","USA",NA
"Wild Turkey","11_IA","USA",NA
"Wild Turkey","6_MB","CAN",NA
"Wild Turkey","14_NB","CAN",NA
"Wild Turkey","28_SC","USA",NA
"Wild Turkey","17_NE","USA",NA
"Wild Turkey","26_TN","USA",NA
"Wild Turkey","12_MB","CAN",NA
"Wild Turkey","30_ME","USA",NA
"Wild Turkey","35_AZ","USA",NA
"Wild Turkey","9_UT","USA",NA
"Wild Turkey","26_KY","USA",NA
"Wild Turkey","29_MD","USA",NA
"Wild Turkey","29_PA","USA",NA
"Wild Turkey","26_MO","USA",NA
"Wild Turkey","26_IL","USA",NA
"Wild Turkey","23_OH","USA",NA
"Wild Turkey","24_OK","USA",NA
"Wild Turkey","28_CT","USA",NA
"Wild Turkey","21_KS","USA",NA
"Wild Turkey","28_MA","USA",NA
"Wild Turkey","9_CA","USA",NA
"Wild Turkey","30_VT","USA",NA
"Wild Turkey","24_KS","USA",NA
"Wild Turkey","29_DE","USA",NA
"Rock Pigeon","23_WI","USA",1000000
"Rock Pigeon","11_AB","CAN",740000
"Rock Pigeon","11_SK","CAN",620000
"Rock Pigeon","6_AB","CAN",520000
"Rock Pigeon","28_PA","USA",440000
"Rock Pigeon","11_ND","USA",440000
"Rock Pigeon","22_IA","USA",430000
"Rock Pigeon","32_CA","USA",400000
"Rock Pigeon","9_ID","USA",390000
"Rock Pigeon","13_ON","CAN",350000
"Rock Pigeon","9_WA","USA",330000
"Rock Pigeon","5_BC","CAN",330000
"Rock Pigeon","10_MT","USA",310000
"Rock Pigeon","23_MN","USA",290000
"Rock Pigeon","13_NY","USA",250000
"Rock Pigeon","22_IL","USA",250000
"Rock Pigeon","11_MN","USA",250000
"Rock Pigeon","5_AK","USA",240000
"Rock Pigeon","33_CA","USA",240000
"Rock Pigeon","21_TX","USA",230000
"Rock Pigeon","11_MT","USA",220000
"Rock Pigeon","18_TX","USA",220000
"Rock Pigeon","12_QC","CAN",220000
"Rock Pigeon","11_MB","CAN",210000
"Rock Pigeon","17_MT","USA",200000
"Rock Pigeon","18_CO","USA",190000
"Rock Pigeon","13_QC","CAN",170000
"Rock Pigeon","22_OH","USA",170000
"Rock Pigeon","9_OR","USA",160000
"Rock Pigeon","28_NY","USA",140000
"Rock Pigeon","18_NM","USA",140000
"Rock Pigeon","8_QC","CAN",140000
"Rock Pigeon","14_NB","CAN",140000
"Rock Pigeon","17_ND","USA",130000
"Rock Pigeon","20_TX","USA",130000
"Rock Pigeon","19_NE","USA",130000
"Rock Pigeon","12_MI","USA",130000
"Rock Pigeon","11_SD","USA",120000
"Rock Pigeon","22_MO","USA",120000
"Rock Pigeon","23_IN","USA",120000
"Rock Pigeon","14_QC","CAN",110000
"Rock Pigeon","9_BC","CAN",110000
"Rock Pigeon","22_IN","USA",110000
"Rock Pigeon","24_KY","USA",110000
"Rock Pigeon","29_PA","USA",110000
"Rock Pigeon","14_NS","CAN",110000
"Rock Pigeon","19_KS","USA",110000
"Rock Pigeon","12_ON","CAN",100000
"Rock Pigeon","28_OH","USA",100000
"Rock Pigeon","17_SD","USA",100000
"Rock Pigeon","36_TX","USA",93000
"Rock Pigeon","13_OH","USA",93000
"Rock Pigeon","23_MI","USA",92000
"Rock Pigeon","22_KS","USA",88000
"Rock Pigeon","10_WY","USA",87000
"Rock Pigeon","31_FL","USA",85000
"Rock Pigeon","6_SK","CAN",81000
"Rock Pigeon","5_OR","USA",75000
"Rock Pigeon","12_MN","USA",75000
"Rock Pigeon","16_CO","USA",74000
"Rock Pigeon","6_MB","CAN",74000
"Rock Pigeon","27_NC","USA",73000
"Rock Pigeon","24_TN","USA",73000
"Rock Pigeon","5_WA","USA",73000
"Rock Pigeon","30_NY","USA",73000
"Rock Pigeon","22_MN","USA",72000
"Rock Pigeon","12_WI","USA",70000
"Rock Pigeon","14_ME","USA",69000
"Rock Pigeon","9_NV","USA",67000
"Rock Pigeon","37_TX","USA",67000
"Rock Pigeon","27_GA","USA",66000
"Rock Pigeon","35_TX","USA",65000
"Rock Pigeon","19_OK","USA",65000
"Rock Pigeon","18_NE","USA",65000
"Rock Pigeon","9_UT","USA",62000
"Rock Pigeon","18_OK","USA",60000
"Rock Pigeon","24_MO","USA",59000
"Rock Pigeon","28_VA","USA",55000
"Rock Pigeon","25_AR","USA",55000
"Rock Pigeon","24_IN","USA",52000
"Rock Pigeon","16_NM","USA",51000
"Rock Pigeon","11_IA","USA",51000
"Rock Pigeon","28_WV","USA",49000
"Rock Pigeon","13_PA","USA",48000
"Rock Pigeon","33_AZ","USA",46000
"Rock Pigeon","30_NJ","USA",44000
"Rock Pigeon","27_FL","USA",43000
"Rock Pigeon","9_CA","USA",41000
"Rock Pigeon","29_VA","USA",39000
"Rock Pigeon","33_NV","USA",38000
"Rock Pigeon","18_KS","USA",37000
"Rock Pigeon","27_SC","USA",37000
"Rock Pigeon","28_TN","USA",37000
"Rock Pigeon","8_ON","CAN",36000
"Rock Pigeon","8_NL","CAN",36000
"Rock Pigeon","14_NY","USA",36000
"Rock Pigeon","35_NM","USA",35000
"Rock Pigeon","22_NE","USA",34000
"Rock Pigeon","25_TX","USA",34000
"Rock Pigeon","29_NC","USA",34000
"Rock Pigeon","6_BC","CAN",32000
"Rock Pigeon","10_BC","CAN",32000
"Rock Pigeon","26_MO","USA",31000
"Rock Pigeon","16_AZ","USA",30000
"Rock Pigeon","18_WY","USA",28000
"Rock Pigeon","14_NH","USA",26000
"Rock Pigeon","14_PE","CAN",25000
"Rock Pigeon","27_TN","USA",25000
"Rock Pigeon","27_AL","USA",24000
"Rock Pigeon","21_OK","USA",24000
"Rock Pigeon","26_AR","USA",23000
"Rock Pigeon","27_MS","USA",23000
"Rock Pigeon","29_GA","USA",23000
"Rock Pigeon","17_WY","USA",22000
"Rock Pigeon","29_MD","USA",22000
"Rock Pigeon","26_MS","USA",22000
"Rock Pigeon","24_IL","USA",21000
"Rock Pigeon","23_IL","USA",20000
"Rock Pigeon","30_MD","USA",20000
"Rock Pigeon","26_LA","USA",20000
"Rock Pigeon","14_VT","USA",20000
"Rock Pigeon","28_NJ","USA",19000
"Rock Pigeon","28_MD","USA",19000
"Rock Pigeon","24_AR","USA",18000
"Rock Pigeon","19_TX","USA",17000
"Rock Pigeon","28_KY","USA",17000
"Rock Pigeon","23_IA","USA",16000
"Rock Pigeon","13_VT","USA",15000
"Rock Pigeon","10_ID","USA",15000
"Rock Pigeon","30_DE","USA",15000
"Rock Pigeon","30_MA","USA",14000
"Rock Pigeon","10_WA","USA",14000
"Rock Pigeon","37_LA","USA",13000
"Rock Pigeon","34_AZ","USA",13000
"Rock Pigeon","25_OK","USA",12000
"Rock Pigeon","16_UT","USA",12000
"Rock Pigeon","12_MB","CAN",9100
"Rock Pigeon","28_AL","USA",9000
"Rock Pigeon","14_MA","USA",8600
"Rock Pigeon","10_OR","USA",8000
"Rock Pigeon","22_WI","USA",7700
"Rock Pigeon","25_LA","USA",7100
"Rock Pigeon","30_RI","USA",6700
"Rock Pigeon","15_CA","USA",6400
"Rock Pigeon","5_YT","CAN",6200
"Rock Pigeon","11_NE","USA",5800
"Rock Pigeon","27_VA","USA",5800
"Rock Pigeon","28_GA","USA",5600
"Rock Pigeon","22_OK","USA",5200
"Rock Pigeon","17_NE","USA",4700
"Rock Pigeon","22_MI","USA",4500
"Rock Pigeon","30_CT","USA",4500
"Rock Pigeon","5_CA","USA",4500
"Rock Pigeon","18_SD","USA",4500
"Rock Pigeon","29_NJ","USA",3800
"Rock Pigeon","24_OK","USA",3400
"Rock Pigeon","29_SC","USA",3300
"Rock Pigeon","30_ME","USA",2800
"Rock Pigeon","27_KY","USA",2700
"Rock Pigeon","16_WY","USA",2500
"Rock Pigeon","28_NC","USA",2000
"Rock Pigeon","29_DE","USA",1900
"Rock Pigeon","30_PA","USA",1300
"Rock Pigeon","27_LA","USA",1300
"Rock Pigeon","30_NH","USA",1200
"Rock Pigeon","19_SD","USA",1200
"Rock Pigeon","30_VA","USA",1100
"Rock Pigeon","23_OH","USA",980
"Rock Pigeon","24_OH","USA",900
"Rock Pigeon","26_KY","USA",880
"Rock Pigeon","24_AL","USA",750
"Rock Pigeon","26_IL","USA",550
"Rock Pigeon","33_UT","USA",460
"Rock Pigeon","35_AZ","USA",460
"Rock Pigeon","9_WY","USA",430
"Rock Pigeon","29_AL","USA",370
"Rock Pigeon","26_TN","USA",350
"Rock Pigeon","14_CT","USA",320
"Rock Pigeon","10_CO","USA",240
"Rock Pigeon","29_NY","USA",160
"Rock Pigeon","21_KS","USA",140
"Rock Pigeon","10_UT","USA",140
"Rock Pigeon","15_NV","USA",120
"Rock Pigeon","16_NV","USA",85
"Rock Pigeon","16_ID","USA",80
"Rock Pigeon","37_MS","USA",48
"Rock Pigeon","24_KS","USA",47
"Rock Pigeon","30_VT","USA",16
"Band-tailed Pigeon","32_CA","USA",380000
"Band-tailed Pigeon","5_OR","USA",300000
"Band-tailed Pigeon","5_BC","CAN",290000
"Band-tailed Pigeon","5_WA","USA",200000
"Band-tailed Pigeon","5_CA","USA",99000
"Band-tailed Pigeon","15_CA","USA",57000
"Band-tailed Pigeon","34_AZ","USA",39000
"Band-tailed Pigeon","35_NM","USA",35000
"Band-tailed Pigeon","16_NM","USA",13000
"Band-tailed Pigeon","34_NM","USA",8800
"Band-tailed Pigeon","16_CO","USA",8100
"Band-tailed Pigeon","9_WA","USA",7800
"Band-tailed Pigeon","9_BC","CAN",6000
"Band-tailed Pigeon","9_CA","USA",4800
"Band-tailed Pigeon","9_OR","USA",3400
"Band-tailed Pigeon","15_NV","USA",1100
"Band-tailed Pigeon","35_AZ","USA",450
"Band-tailed Pigeon","5_AK","USA",400
"Band-tailed Pigeon","16_UT","USA",150
"Eurasian Collared-Dove","33_AZ","USA",690000
"Eurasian Collared-Dove","18_TX","USA",650000
"Eurasian Collared-Dove","32_CA","USA",460000
"Eurasian Collared-Dove","31_FL","USA",370000
"Eurasian Collared-Dove","21_TX","USA",330000
"Eurasian Collared-Dove","36_TX","USA",300000
"Eurasian Collared-Dove","33_CA","USA",290000
"Eurasian Collared-Dove","35_NM","USA",240000
"Eurasian Collared-Dove","19_NE","USA",230000
"Eurasian Collared-Dove","27_FL","USA",220000
"Eurasian Collared-Dove","18_CO","USA",220000
"Eurasian Collared-Dove","19_TX","USA",180000
"Eurasian Collared-Dove","19_KS","USA",160000
"Eurasian Collared-Dove","35_TX","USA",160000
"Eurasian Collared-Dove","16_AZ","USA",150000
"Eurasian Collared-Dove","16_NM","USA",150000
"Eurasian Collared-Dove","18_NM","USA",150000
"Eurasian Collared-Dove","9_ID","USA",140000
"Eurasian Collared-Dove","9_NV","USA",140000
"Eurasian Collared-Dove","18_NE","USA",130000
"Eurasian Collared-Dove","37_TX","USA",130000
"Eurasian Collared-Dove","27_AL","USA",130000
"Eurasian Collared-Dove","34_AZ","USA",120000
"Eurasian Collared-Dove","22_IL","USA",120000
"Eurasian Collared-Dove","26_LA","USA",120000
"Eurasian Collared-Dove","9_OR","USA",110000
"Eurasian Collared-Dove","5_OR","USA",110000
"Eurasian Collared-Dove","27_MS","USA",110000
"Eurasian Collared-Dove","16_CO","USA",99000
"Eurasian Collared-Dove","9_UT","USA",98000
"Eurasian Collared-Dove","27_GA","USA",96000
"Eurasian Collared-Dove","19_OK","USA",93000
"Eurasian Collared-Dove","16_UT","USA",92000
"Eurasian Collared-Dove","20_TX","USA",92000
"Eurasian Collared-Dove","25_TX","USA",92000
"Eurasian Collared-Dove","5_BC","CAN",90000
"Eurasian Collared-Dove","9_WA","USA",88000
"Eurasian Collared-Dove","37_LA","USA",85000
"Eurasian Collared-Dove","26_AR","USA",84000
"Eurasian Collared-Dove","18_KS","USA",80000
"Eurasian Collared-Dove","9_CA","USA",80000
"Eurasian Collared-Dove","22_IA","USA",80000
"Eurasian Collared-Dove","5_WA","USA",67000
"Eurasian Collared-Dove","10_MT","USA",53000
"Eurasian Collared-Dove","18_OK","USA",51000
"Eurasian Collared-Dove","22_MO","USA",50000
"Eurasian Collared-Dove","18_WY","USA",50000
"Eurasian Collared-Dove","22_KS","USA",47000
"Eurasian Collared-Dove","17_MT","USA",43000
"Eurasian Collared-Dove","25_AR","USA",41000
"Eurasian Collared-Dove","10_WY","USA",36000
"Eurasian Collared-Dove","24_KY","USA",34000
"Eurasian Collared-Dove","26_MS","USA",33000
"Eurasian Collared-Dove","25_LA","USA",33000
"Eurasian Collared-Dove","10_BC","CAN",31000
"Eurasian Collared-Dove","5_AK","USA",29000
"Eurasian Collared-Dove","11_NE","USA",28000
"Eurasian Collared-Dove","33_NV","USA",27000
"Eurasian Collared-Dove","24_MO","USA",27000
"Eurasian Collared-Dove","29_GA","USA",26000
"Eurasian Collared-Dove","11_MT","USA",24000
"Eurasian Collared-Dove","5_CA","USA",23000
"Eurasian Collared-Dove","17_ND","USA",23000
"Eurasian Collared-Dove","17_SD","USA",23000
"Eurasian Collared-Dove","27_SC","USA",23000
"Eurasian Collared-Dove","25_OK","USA",21000
"Eurasian Collared-Dove","11_SD","USA",21000
"Eurasian Collared-Dove","21_OK","USA",21000
"Eurasian Collared-Dove","28_AL","USA",20000
"Eurasian Collared-Dove","22_NE","USA",19000
"Eurasian Collared-Dove","26_MO","USA",17000
"Eurasian Collared-Dove","10_OR","USA",16000
"Eurasian Collared-Dove","17_WY","USA",15000
"Eurasian Collared-Dove","11_IA","USA",14000
"Eurasian Collared-Dove","24_AR","USA",12000
"Eurasian Collared-Dove","22_OK","USA",12000
"Eurasian Collared-Dove","29_SC","USA",11000
"Eurasian Collared-Dove","9_BC","CAN",10000
"Eurasian Collared-Dove","10_UT","USA",9800
"Eurasian Collared-Dove","24_TN","USA",8400
"Eurasian Collared-Dove","27_TN","USA",8200
"Eurasian Collared-Dove","11_ND","USA",7800
"Eurasian Collared-Dove","11_SK","CAN",7600
"Eurasian Collared-Dove","27_LA","USA",7400
"Eurasian Collared-Dove","34_NM","USA",7300
"Eurasian Collared-Dove","11_AB","CAN",7100
"Eurasian Collared-Dove","24_OK","USA",7000
"Eurasian Collared-Dove","10_CO","USA",5800
"Eurasian Collared-Dove","24_AL","USA",3700
"Eurasian Collared-Dove","27_NC","USA",3700
"Eurasian Collared-Dove","15_CA","USA",3600
"Eurasian Collared-Dove","24_IN","USA",3400
"Eurasian Collared-Dove","28_KY","USA",3200
"Eurasian Collared-Dove","29_NC","USA",2800
"Eurasian Collared-Dove","10_WA","USA",2700
"Eurasian Collared-Dove","27_KY","USA",2500
"Eurasian Collared-Dove","22_OH","USA",1700
"Eurasian Collared-Dove","23_IL","USA",1600
"Eurasian Collared-Dove","23_WI","USA",1500
"Eurasian Collared-Dove","29_AL","USA",1400
"Eurasian Collared-Dove","26_TN","USA",1400
"Eurasian Collared-Dove","24_IL","USA",1300
"Eurasian Collared-Dove","11_MN","USA",1100
"Eurasian Collared-Dove","10_ID","USA",1100
"Eurasian Collared-Dove","6_AB","CAN",970
"Eurasian Collared-Dove","22_IN","USA",480
"Eurasian Collared-Dove","13_QC","CAN",470
"Eurasian Collared-Dove","28_TN","USA",390
"Eurasian Collared-Dove","28_GA","USA",390
"Eurasian Collared-Dove","11_MB","CAN",360
"Eurasian Collared-Dove","22_MN","USA",350
"Eurasian Collared-Dove","23_MN","USA",330
"Eurasian Collared-Dove","37_MS","USA",310
"Eurasian Collared-Dove","26_IL","USA",280
"Eurasian Collared-Dove","26_KY","USA",250
"Eurasian Collared-Dove","24_KS","USA",200
"Eurasian Collared-Dove","28_PA","USA",120
"Eurasian Collared-Dove","23_MI","USA",110
"Eurasian Collared-Dove","30_MD","USA",53
"Eurasian Collared-Dove","28_MD","USA",37
"Inca Dove","21_TX","USA",180000
"Inca Dove","36_TX","USA",160000
"Inca Dove","20_TX","USA",97000
"Inca Dove","37_TX","USA",43000
"Inca Dove","25_TX","USA",33000
"Inca Dove","37_LA","USA",24000
"Inca Dove","33_AZ","USA",19000
"Inca Dove","35_TX","USA",15000
"Inca Dove","34_AZ","USA",13000
"Inca Dove","25_LA","USA",10000
"Inca Dove","26_LA","USA",9000
"Inca Dove","19_TX","USA",7400
"Inca Dove","18_TX","USA",5100
"Inca Dove","35_NM","USA",2700
"Inca Dove","33_CA","USA",1200
"Inca Dove","27_LA","USA",1000
"Inca Dove","25_AR","USA",660
"Inca Dove","27_MS","USA",320
"Inca Dove","19_OK","USA",280
"Inca Dove","18_OK","USA",160
"Inca Dove","35_AZ","USA",48
"Common Ground Dove","36_TX","USA",580000
"Common Ground Dove","31_FL","USA",330000
"Common Ground Dove","27_GA","USA",250000
"Common Ground Dove","21_TX","USA",210000
"Common Ground Dove","27_FL","USA",170000
"Common Ground Dove","20_TX","USA",120000
"Common Ground Dove","37_TX","USA",69000
"Common Ground Dove","27_AL","USA",67000
"Common Ground Dove","33_CA","USA",47000
"Common Ground Dove","35_TX","USA",47000
"Common Ground Dove","34_AZ","USA",44000
"Common Ground Dove","33_AZ","USA",26000
"Common Ground Dove","27_SC","USA",12000
"Common Ground Dove","27_MS","USA",6700
"Common Ground Dove","19_TX","USA",6100
"Common Ground Dove","26_LA","USA",2100
"Common Ground Dove","28_AL","USA",1000
"Common Ground Dove","29_AL","USA",1000
"Common Ground Dove","29_GA","USA",860
"Common Ground Dove","35_NM","USA",590
"Common Ground Dove","37_LA","USA",260
"Common Ground Dove","37_MS","USA",1
"White-winged Dove","33_AZ","USA",2500000
"White-winged Dove","35_TX","USA",540000
"White-winged Dove","33_CA","USA",510000
"White-winged Dove","34_AZ","USA",390000
"White-winged Dove","36_TX","USA",310000
"White-winged Dove","20_TX","USA",190000
"White-winged Dove","21_TX","USA",180000
"White-winged Dove","35_NM","USA",160000
"White-winged Dove","31_FL","USA",110000
"White-winged Dove","37_TX","USA",90000
"White-winged Dove","19_TX","USA",49000
"White-winged Dove","18_TX","USA",42000
"White-winged Dove","16_NM","USA",28000
"White-winged Dove","34_NM","USA",22000
"White-winged Dove","25_TX","USA",5800
"White-winged Dove","18_NM","USA",5100
"White-winged Dove","19_OK","USA",4900
"White-winged Dove","37_LA","USA",3100
"White-winged Dove","35_AZ","USA",2900
"White-winged Dove","16_AZ","USA",2800
"White-winged Dove","27_AL","USA",2500
"White-winged Dove","26_LA","USA",1800
"White-winged Dove","27_FL","USA",1500
"White-winged Dove","19_KS","USA",720
"White-winged Dove","18_CO","USA",480
"White-winged Dove","22_KS","USA",440
"White-winged Dove","19_NE","USA",350
"White-winged Dove","33_NV","USA",310
"White-winged Dove","25_OK","USA",290
"White-winged Dove","25_LA","USA",230
"White-winged Dove","24_AR","USA",200
"White-winged Dove","32_CA","USA",150
"White-winged Dove","16_NV","USA",17
"Mourning Dove","19_KS","USA",5400000
"Mourning Dove","19_NE","USA",4700000
"Mourning Dove","21_TX","USA",4000000
"Mourning Dove","18_CO","USA",3800000
"Mourning Dove","18_TX","USA",3600000
"Mourning Dove","33_AZ","USA",3400000
"Mourning Dove","19_OK","USA",2800000
"Mourning Dove","22_IL","USA",2800000
"Mourning Dove","32_CA","USA",2700000
"Mourning Dove","22_IA","USA",2600000
"Mourning Dove","11_ND","USA",2500000
"Mourning Dove","36_TX","USA",2400000
"Mourning Dove","11_SD","USA",2300000
"Mourning Dove","17_MT","USA",2300000
"Mourning Dove","19_TX","USA",2100000
"Mourning Dove","17_SD","USA",2000000
"Mourning Dove","27_GA","USA",2000000
"Mourning Dove","31_FL","USA",2000000
"Mourning Dove","27_NC","USA",1900000
"Mourning Dove","35_NM","USA",1900000
"Mourning Dove","18_NE","USA",1800000
"Mourning Dove","11_SK","CAN",1800000
"Mourning Dove","17_ND","USA",1700000
"Mourning Dove","24_KY","USA",1600000
"Mourning Dove","23_WI","USA",1600000
"Mourning Dove","9_NV","USA",1500000
"Mourning Dove","18_KS","USA",1500000
"Mourning Dove","22_MO","USA",1500000
"Mourning Dove","35_TX","USA",1500000
"Mourning Dove","22_OH","USA",1300000
"Mourning Dove","22_KS","USA",1300000
"Mourning Dove","20_TX","USA",1300000
"Mourning Dove","26_AR","USA",1300000
"Mourning Dove","9_ID","USA",1200000
"Mourning Dove","28_PA","USA",1200000
"Mourning Dove","27_AL","USA",1200000
"Mourning Dove","33_CA","USA",1200000
"Mourning Dove","34_AZ","USA",1200000
"Mourning Dove","22_IN","USA",1200000
"Mourning Dove","23_MI","USA",1200000
"Mourning Dove","27_FL","USA",1200000
"Mourning Dove","37_TX","USA",1100000
"Mourning Dove","24_MO","USA",1100000
"Mourning Dove","13_ON","CAN",1100000
"Mourning Dove","11_MN","USA",1100000
"Mourning Dove","27_MS","USA",1100000
"Mourning Dove","27_SC","USA",1100000
"Mourning Dove","18_NM","USA",1100000
"Mourning Dove","11_MT","USA",1000000
"Mourning Dove","25_TX","USA",980000
"Mourning Dove","29_NC","USA",960000
"Mourning Dove","12_MI","USA",940000
"Mourning Dove","16_NM","USA",930000
"Mourning Dove","24_IN","USA",870000
"Mourning Dove","10_WY","USA",850000
"Mourning Dove","9_WA","USA",850000
"Mourning Dove","16_CO","USA",820000
"Mourning Dove","16_AZ","USA",810000
"Mourning Dove","17_WY","USA",790000
"Mourning Dove","26_LA","USA",780000
"Mourning Dove","26_MS","USA",770000
"Mourning Dove","11_MB","CAN",770000
"Mourning Dove","13_NY","USA",730000
"Mourning Dove","18_OK","USA",730000
"Mourning Dove","9_UT","USA",680000
"Mourning Dove","16_UT","USA",670000
"Mourning Dove","9_OR","USA",640000
"Mourning Dove","24_TN","USA",630000
"Mourning Dove","29_GA","USA",620000
"Mourning Dove","11_NE","USA",620000
"Mourning Dove","28_WV","USA",590000
"Mourning Dove","29_VA","USA",590000
"Mourning Dove","23_MN","USA",550000
"Mourning Dove","11_IA","USA",530000
"Mourning Dove","26_MO","USA",520000
"Mourning Dove","28_AL","USA",500000
"Mourning Dove","25_AR","USA",490000
"Mourning Dove","28_OH","USA",480000
"Mourning Dove","28_VA","USA",480000
"Mourning Dove","28_TN","USA",470000
"Mourning Dove","21_OK","USA",460000
"Mourning Dove","29_SC","USA",460000
"Mourning Dove","25_LA","USA",450000
"Mourning Dove","27_TN","USA",450000
"Mourning Dove","28_KY","USA",430000
"Mourning Dove","10_MT","USA",430000
"Mourning Dove","22_NE","USA",420000
"Mourning Dove","18_WY","USA",410000
"Mourning Dove","28_NY","USA",400000
"Mourning Dove","13_OH","USA",400000
"Mourning Dove","37_LA","USA",400000
"Mourning Dove","14_ME","USA",390000
"Mourning Dove","24_IL","USA",380000
"Mourning Dove","11_AB","CAN",380000
"Mourning Dove","24_AR","USA",360000
"Mourning Dove","12_WI","USA",340000
"Mourning Dove","9_CA","USA",320000
"Mourning Dove","6_SK","CAN",310000
"Mourning Dove","12_QC","CAN",300000
"Mourning Dove","13_QC","CAN",300000
"Mourning Dove","27_VA","USA",290000
"Mourning Dove","29_PA","USA",270000
"Mourning Dove","23_IN","USA",260000
"Mourning Dove","25_OK","USA",250000
"Mourning Dove","22_OK","USA",250000
"Mourning Dove","34_NM","USA",240000
"Mourning Dove","12_ON","CAN",240000
"Mourning Dove","12_MN","USA",240000
"Mourning Dove","14_NS","CAN",230000
"Mourning Dove","6_MB","CAN",220000
"Mourning Dove","14_NB","CAN",210000
"Mourning Dove","14_QC","CAN",200000
"Mourning Dove","30_MD","USA",190000
"Mourning Dove","24_AL","USA",190000
"Mourning Dove","28_GA","USA",190000
"Mourning Dove","22_MN","USA",190000
"Mourning Dove","30_NJ","USA",180000
"Mourning Dove","10_CO","USA",180000
"Mourning Dove","30_MA","USA",170000
"Mourning Dove","10_ID","USA",160000
"Mourning Dove","10_OR","USA",160000
"Mourning Dove","28_NC","USA",160000
"Mourning Dove","5_OR","USA",150000
"Mourning Dove","8_QC","CAN",150000
"Mourning Dove","22_MI","USA",150000
"Mourning Dove","13_PA","USA",140000
"Mourning Dove","15_CA","USA",140000
"Mourning Dove","29_MD","USA",130000
"Mourning Dove","18_SD","USA",130000
"Mourning Dove","30_CT","USA",120000
"Mourning Dove","33_NV","USA",110000
"Mourning Dove","14_NH","USA",110000
"Mourning Dove","10_WA","USA",110000
"Mourning Dove","14_NY","USA",100000
"Mourning Dove","14_VT","USA",100000
"Mourning Dove","27_LA","USA",100000
"Mourning Dove","27_KY","USA",99000
"Mourning Dove","5_CA","USA",94000
"Mourning Dove","17_NE","USA",93000
"Mourning Dove","10_BC","CAN",88000
"Mourning Dove","9_BC","CAN",83000
"Mourning Dove","5_WA","USA",79000
"Mourning Dove","29_AL","USA",72000
"Mourning Dove","26_TN","USA",68000
"Mourning Dove","30_DE","USA",65000
"Mourning Dove","23_IL","USA",61000
"Mourning Dove","30_NY","USA",59000
"Mourning Dove","6_AB","CAN",51000
"Mourning Dove","28_MD","USA",47000
"Mourning Dove","19_SD","USA",46000
"Mourning Dove","30_NH","USA",45000
"Mourning Dove","16_WY","USA",45000
"Mourning Dove","30_VA","USA",44000
"Mourning Dove","23_IA","USA",41000
"Mourning Dove","13_VT","USA",39000
"Mourning Dove","24_OK","USA",37000
"Mourning Dove","29_NJ","USA",36000
"Mourning Dove","14_MA","USA",35000
"Mourning Dove","24_OH","USA",33000
"Mourning Dove","28_NJ","USA",33000
"Mourning Dove","14_PE","CAN",30000
"Mourning Dove","35_AZ","USA",24000
"Mourning Dove","10_UT","USA",23000
"Mourning Dove","22_WI","USA",23000
"Mourning Dove","12_MB","CAN",21000
"Mourning Dove","30_RI","USA",20000
"Mourning Dove","26_KY","USA",19000
"Mourning Dove","28_SC","USA",14000
"Mourning Dove","30_ME","USA",13000
"Mourning Dove","26_IL","USA",12000
"Mourning Dove","8_NL","CAN",9700
"Mourning Dove","8_ON","CAN",9000
"Mourning Dove","14_CT","USA",8400
"Mourning Dove","28_CT","USA",7800
"Mourning Dove","28_MA","USA",6100
"Mourning Dove","30_PA","USA",5600
"Mourning Dove","29_DE","USA",4900
"Mourning Dove","16_ID","USA",4500
"Mourning Dove","7_ON","CAN",4100
"Mourning Dove","5_BC","CAN",4000
"Mourning Dove","21_KS","USA",2700
"Mourning Dove","15_NV","USA",2600
"Mourning Dove","16_NV","USA",2300
"Mourning Dove","10_AB","CAN",2300
"Mourning Dove","23_OH","USA",2200
"Mourning Dove","29_NY","USA",1500
"Mourning Dove","37_MS","USA",1400
"Mourning Dove","9_WY","USA",1400
"Mourning Dove","33_UT","USA",1400
"Mourning Dove","30_VT","USA",580
"Mourning Dove","24_KS","USA",510
"Groove-billed Ani","36_TX","USA",16000
"Groove-billed Ani","37_TX","USA",11000
"Groove-billed Ani","21_TX","USA",770
"Greater Roadrunner","36_TX","USA",130000
"Greater Roadrunner","35_TX","USA",120000
"Greater Roadrunner","21_TX","USA",83000
"Greater Roadrunner","34_AZ","USA",81000
"Greater Roadrunner","35_NM","USA",80000
"Greater Roadrunner","19_TX","USA",56000
"Greater Roadrunner","20_TX","USA",48000
"Greater Roadrunner","33_AZ","USA",42000
"Greater Roadrunner","33_CA","USA",25000
"Greater Roadrunner","19_OK","USA",22000
"Greater Roadrunner","37_TX","USA",20000
"Greater Roadrunner","18_NM","USA",20000
"Greater Roadrunner","18_TX","USA",17000
"Greater Roadrunner","24_AR","USA",16000
"Greater Roadrunner","34_NM","USA",12000
"Greater Roadrunner","21_OK","USA",10000
"Greater Roadrunner","25_OK","USA",8100
"Greater Roadrunner","25_TX","USA",7700
"Greater Roadrunner","16_NM","USA",7100
"Greater Roadrunner","32_CA","USA",7100
"Greater Roadrunner","16_AZ","USA",5700
"Greater Roadrunner","25_AR","USA",5400
"Greater Roadrunner","18_CO","USA",4200
"Greater Roadrunner","9_NV","USA",3800
"Greater Roadrunner","19_KS","USA",3000
"Greater Roadrunner","16_UT","USA",2300
"Greater Roadrunner","25_LA","USA",1700
"Greater Roadrunner","24_OK","USA",1300
"Greater Roadrunner","33_NV","USA",1300
"Greater Roadrunner","35_AZ","USA",1000
"Greater Roadrunner","24_MO","USA",910
"Greater Roadrunner","26_AR","USA",310
"Greater Roadrunner","18_OK","USA",250
"Greater Roadrunner","9_UT","USA",170
"Greater Roadrunner","16_NV","USA",33
"Greater Roadrunner","21_KS","USA",33
"Greater Roadrunner","24_KS","USA",18
"Greater Roadrunner","33_UT","USA",15
"Yellow-billed Cuckoo","21_TX","USA",620000
"Yellow-billed Cuckoo","27_MS","USA",500000
"Yellow-billed Cuckoo","22_KS","USA",410000
"Yellow-billed Cuckoo","21_OK","USA",340000
"Yellow-billed Cuckoo","24_MO","USA",340000
"Yellow-billed Cuckoo","25_TX","USA",330000
"Yellow-billed Cuckoo","25_AR","USA",290000
"Yellow-billed Cuckoo","27_AL","USA",280000
"Yellow-billed Cuckoo","22_MO","USA",270000
"Yellow-billed Cuckoo","27_GA","USA",250000
"Yellow-billed Cuckoo","19_KS","USA",220000
"Yellow-billed Cuckoo","26_AR","USA",220000
"Yellow-billed Cuckoo","19_OK","USA",220000
"Yellow-billed Cuckoo","27_NC","USA",210000
"Yellow-billed Cuckoo","24_KY","USA",190000
"Yellow-billed Cuckoo","20_TX","USA",180000
"Yellow-billed Cuckoo","25_LA","USA",180000
"Yellow-billed Cuckoo","19_TX","USA",160000
"Yellow-billed Cuckoo","27_SC","USA",160000
"Yellow-billed Cuckoo","26_LA","USA",160000
"Yellow-billed Cuckoo","36_TX","USA",140000
"Yellow-billed Cuckoo","24_AR","USA",140000
"Yellow-billed Cuckoo","25_OK","USA",120000
"Yellow-billed Cuckoo","26_MS","USA",120000
"Yellow-billed Cuckoo","27_FL","USA",120000
"Yellow-billed Cuckoo","24_TN","USA",110000
"Yellow-billed Cuckoo","29_VA","USA",110000
"Yellow-billed Cuckoo","28_AL","USA",100000
"Yellow-billed Cuckoo","28_KY","USA",87000
"Yellow-billed Cuckoo","37_TX","USA",85000
"Yellow-billed Cuckoo","22_OK","USA",83000
"Yellow-billed Cuckoo","27_TN","USA",83000
"Yellow-billed Cuckoo","29_SC","USA",82000
"Yellow-billed Cuckoo","29_GA","USA",82000
"Yellow-billed Cuckoo","22_IL","USA",82000
"Yellow-billed Cuckoo","28_PA","USA",81000
"Yellow-billed Cuckoo","28_WV","USA",79000
"Yellow-billed Cuckoo","29_NC","USA",76000
"Yellow-billed Cuckoo","24_OK","USA",76000
"Yellow-billed Cuckoo","28_TN","USA",72000
"Yellow-billed Cuckoo","24_IL","USA",55000
"Yellow-billed Cuckoo","24_IN","USA",53000
"Yellow-billed Cuckoo","19_NE","USA",53000
"Yellow-billed Cuckoo","28_VA","USA",50000
"Yellow-billed Cuckoo","22_IA","USA",43000
"Yellow-billed Cuckoo","37_LA","USA",42000
"Yellow-billed Cuckoo","27_LA","USA",42000
"Yellow-billed Cuckoo","27_VA","USA",41000
"Yellow-billed Cuckoo","23_MI","USA",38000
"Yellow-billed Cuckoo","28_OH","USA",35000
"Yellow-billed Cuckoo","30_MD","USA",27000
"Yellow-billed Cuckoo","26_MO","USA",26000
"Yellow-billed Cuckoo","28_GA","USA",23000
"Yellow-billed Cuckoo","24_AL","USA",23000
"Yellow-billed Cuckoo","23_WI","USA",23000
"Yellow-billed Cuckoo","29_AL","USA",22000
"Yellow-billed Cuckoo","22_OH","USA",20000
"Yellow-billed Cuckoo","31_FL","USA",20000
"Yellow-billed Cuckoo","35_TX","USA",20000
"Yellow-billed Cuckoo","22_IN","USA",20000
"Yellow-billed Cuckoo","12_MI","USA",17000
"Yellow-billed Cuckoo","22_NE","USA",14000
"Yellow-billed Cuckoo","30_NJ","USA",14000
"Yellow-billed Cuckoo","13_NY","USA",13000
"Yellow-billed Cuckoo","18_TX","USA",12000
"Yellow-billed Cuckoo","28_NY","USA",12000
"Yellow-billed Cuckoo","28_MD","USA",8900
"Yellow-billed Cuckoo","26_TN","USA",8800
"Yellow-billed Cuckoo","27_KY","USA",7900
"Yellow-billed Cuckoo","13_ON","CAN",7600
"Yellow-billed Cuckoo","11_NE","USA",6400
"Yellow-billed Cuckoo","30_VA","USA",6200
"Yellow-billed Cuckoo","24_OH","USA",5700
"Yellow-billed Cuckoo","13_OH","USA",5100
"Yellow-billed Cuckoo","23_MN","USA",5100
"Yellow-billed Cuckoo","30_DE","USA",4700
"Yellow-billed Cuckoo","17_SD","USA",4500
"Yellow-billed Cuckoo","28_SC","USA",4400
"Yellow-billed Cuckoo","28_NC","USA",4100
"Yellow-billed Cuckoo","11_IA","USA",4100
"Yellow-billed Cuckoo","12_WI","USA",3800
"Yellow-billed Cuckoo","26_KY","USA",3600
"Yellow-billed Cuckoo","28_NJ","USA",3500
"Yellow-billed Cuckoo","29_MD","USA",3100
"Yellow-billed Cuckoo","12_MN","USA",3000
"Yellow-billed Cuckoo","12_ON","CAN",2900
"Yellow-billed Cuckoo","11_SD","USA",2300
"Yellow-billed Cuckoo","26_IL","USA",2200
"Yellow-billed Cuckoo","13_PA","USA",2200
"Yellow-billed Cuckoo","23_IN","USA",2100
"Yellow-billed Cuckoo","21_KS","USA",2000
"Yellow-billed Cuckoo","14_NY","USA",2000
"Yellow-billed Cuckoo","29_PA","USA",2000
"Yellow-billed Cuckoo","30_CT","USA",2000
"Yellow-billed Cuckoo","30_MA","USA",1900
"Yellow-billed Cuckoo","35_NM","USA",1800
"Yellow-billed Cuckoo","14_ME","USA",1400
"Yellow-billed Cuckoo","18_NM","USA",1400
"Yellow-billed Cuckoo","22_MI","USA",1200
"Yellow-billed Cuckoo","24_KS","USA",1100
"Yellow-billed Cuckoo","11_MN","USA",1100
"Yellow-billed Cuckoo","29_NJ","USA",880
"Yellow-billed Cuckoo","23_IL","USA",880
"Yellow-billed Cuckoo","18_CO","USA",840
"Yellow-billed Cuckoo","18_NE","USA",800
"Yellow-billed Cuckoo","14_VT","USA",750
"Yellow-billed Cuckoo","14_MA","USA",660
"Yellow-billed Cuckoo","22_MN","USA",630
"Yellow-billed Cuckoo","30_NY","USA",570
"Yellow-billed Cuckoo","19_SD","USA",510
"Yellow-billed Cuckoo","18_OK","USA",510
"Yellow-billed Cuckoo","18_KS","USA",490
"Yellow-billed Cuckoo","34_AZ","USA",460
"Yellow-billed Cuckoo","30_PA","USA",420
"Yellow-billed Cuckoo","17_NE","USA",360
"Yellow-billed Cuckoo","14_CT","USA",300
"Yellow-billed Cuckoo","16_NM","USA",270
"Yellow-billed Cuckoo","30_NH","USA",230
"Yellow-billed Cuckoo","28_CT","USA",200
"Yellow-billed Cuckoo","14_NH","USA",170
"Yellow-billed Cuckoo","37_MS","USA",160
"Yellow-billed Cuckoo","28_MA","USA",150
"Yellow-billed Cuckoo","18_WY","USA",120
"Yellow-billed Cuckoo","16_UT","USA",120
"Yellow-billed Cuckoo","11_MB","CAN",110
"Yellow-billed Cuckoo","16_CO","USA",110
"Yellow-billed Cuckoo","18_SD","USA",62
"Yellow-billed Cuckoo","29_NY","USA",38
"Yellow-billed Cuckoo","29_DE","USA",37
"Yellow-billed Cuckoo","35_AZ","USA",18
"Yellow-billed Cuckoo","23_OH","USA",18
"Yellow-billed Cuckoo","30_VT","USA",3
"Yellow-billed Cuckoo","16_ID","USA",2
"Mangrove Cuckoo","31_FL","USA",2400
"Black-billed Cuckoo","6_MB","CAN",130000
"Black-billed Cuckoo","12_ON","CAN",86000
"Black-billed Cuckoo","12_QC","CAN",76000
"Black-billed Cuckoo","12_MN","USA",69000
"Black-billed Cuckoo","13_ON","CAN",42000
"Black-billed Cuckoo","23_WI","USA",38000
"Black-billed Cuckoo","12_MI","USA",38000
"Black-billed Cuckoo","11_MB","CAN",34000
"Black-billed Cuckoo","11_MN","USA",30000
"Black-billed Cuckoo","8_QC","CAN",29000
"Black-billed Cuckoo","11_SK","CAN",27000
"Black-billed Cuckoo","28_PA","USA",21000
"Black-billed Cuckoo","12_WI","USA",21000
"Black-billed Cuckoo","12_MB","CAN",17000
"Black-billed Cuckoo","23_MN","USA",17000
"Black-billed Cuckoo","6_SK","CAN",17000
"Black-billed Cuckoo","28_NY","USA",17000
"Black-billed Cuckoo","13_NY","USA",16000
"Black-billed Cuckoo","11_ND","USA",15000
"Black-billed Cuckoo","14_NB","CAN",11000
"Black-billed Cuckoo","23_MI","USA",8900
"Black-billed Cuckoo","28_OH","USA",6900
"Black-billed Cuckoo","17_ND","USA",6700
"Black-billed Cuckoo","8_MB","CAN",6600
"Black-billed Cuckoo","17_SD","USA",6500
"Black-billed Cuckoo","6_AB","CAN",6400
"Black-billed Cuckoo","14_ME","USA",5900
"Black-billed Cuckoo","22_KS","USA",5800
"Black-billed Cuckoo","8_ON","CAN",5000
"Black-billed Cuckoo","11_SD","USA",4900
"Black-billed Cuckoo","22_IA","USA",4600
"Black-billed Cuckoo","22_MO","USA",4400
"Black-billed Cuckoo","28_WV","USA",4300
"Black-billed Cuckoo","19_KS","USA",4000
"Black-billed Cuckoo","22_IL","USA",3200
"Black-billed Cuckoo","13_QC","CAN",2900
"Black-billed Cuckoo","14_NY","USA",2800
"Black-billed Cuckoo","30_MA","USA",2600
"Black-billed Cuckoo","30_RI","USA",2200
"Black-billed Cuckoo","14_QC","CAN",2200
"Black-billed Cuckoo","28_VA","USA",2200
"Black-billed Cuckoo","24_MO","USA",2200
"Black-billed Cuckoo","17_MT","USA",1500
"Black-billed Cuckoo","22_OK","USA",1500
"Black-billed Cuckoo","14_VT","USA",1300
"Black-billed Cuckoo","22_OH","USA",1200
"Black-billed Cuckoo","13_VT","USA",1200
"Black-billed Cuckoo","22_NE","USA",1100
"Black-billed Cuckoo","14_MA","USA",1000
"Black-billed Cuckoo","28_NJ","USA",990
"Black-billed Cuckoo","30_NJ","USA",980
"Black-billed Cuckoo","22_IN","USA",880
"Black-billed Cuckoo","30_CT","USA",880
"Black-billed Cuckoo","14_NS","CAN",840
"Black-billed Cuckoo","24_KY","USA",830
"Black-billed Cuckoo","14_NH","USA",820
"Black-billed Cuckoo","19_NE","USA",820
"Black-billed Cuckoo","30_NH","USA",790
"Black-billed Cuckoo","17_WY","USA",760
"Black-billed Cuckoo","13_PA","USA",650
"Black-billed Cuckoo","29_NJ","USA",590
"Black-billed Cuckoo","11_IA","USA",470
"Black-billed Cuckoo","11_AB","CAN",460
"Black-billed Cuckoo","28_MD","USA",430
"Black-billed Cuckoo","25_AR","USA",430
"Black-billed Cuckoo","13_OH","USA",410
"Black-billed Cuckoo","22_MN","USA",400
"Black-billed Cuckoo","24_IN","USA",390
"Black-billed Cuckoo","10_AB","CAN",370
"Black-billed Cuckoo","10_MT","USA",350
"Black-billed Cuckoo","30_MD","USA",330
"Black-billed Cuckoo","11_MT","USA",320
"Black-billed Cuckoo","17_NE","USA",310
"Black-billed Cuckoo","24_AR","USA",290
"Black-billed Cuckoo","30_DE","USA",260
"Black-billed Cuckoo","18_NE","USA",260
"Black-billed Cuckoo","29_VA","USA",260
"Black-billed Cuckoo","14_PE","CAN",230
"Black-billed Cuckoo","22_MI","USA",210
"Black-billed Cuckoo","19_OK","USA",200
"Black-billed Cuckoo","28_NC","USA",190
"Black-billed Cuckoo","28_KY","USA",190
"Black-billed Cuckoo","27_VA","USA",170
"Black-billed Cuckoo","28_TN","USA",150
"Black-billed Cuckoo","23_IN","USA",150
"Black-billed Cuckoo","18_WY","USA",140
"Black-billed Cuckoo","30_NY","USA",95
"Black-billed Cuckoo","23_IL","USA",65
"Black-billed Cuckoo","14_CT","USA",57
"Black-billed Cuckoo","26_KY","USA",52
"Black-billed Cuckoo","28_CT","USA",52
"Black-billed Cuckoo","29_MD","USA",46
"Black-billed Cuckoo","28_MA","USA",40
"Black-billed Cuckoo","26_IL","USA",32
"Black-billed Cuckoo","30_PA","USA",30
"Black-billed Cuckoo","29_NY","USA",25
"Black-billed Cuckoo","18_SD","USA",18
"Black-billed Cuckoo","30_VT","USA",11
"Black-billed Cuckoo","19_SD","USA",8
"Black-billed Cuckoo","23_OH","USA",1
"Lesser Nighthawk","33_AZ","USA",1200000
"Lesser Nighthawk","35_TX","USA",720000
"Lesser Nighthawk","35_NM","USA",630000
"Lesser Nighthawk","36_TX","USA",500000
"Lesser Nighthawk","33_CA","USA",320000
"Lesser Nighthawk","34_AZ","USA",220000
"Lesser Nighthawk","34_NM","USA",45000
"Lesser Nighthawk","18_TX","USA",27000
"Lesser Nighthawk","32_CA","USA",20000
"Lesser Nighthawk","21_TX","USA",20000
"Lesser Nighthawk","37_TX","USA",18000
"Lesser Nighthawk","35_AZ","USA",12000
"Lesser Nighthawk","20_TX","USA",5900
"Lesser Nighthawk","33_NV","USA",5400
"Lesser Nighthawk","16_AZ","USA",2800
"Lesser Nighthawk","9_NV","USA",1400
"Lesser Nighthawk","19_TX","USA",1200
"Lesser Nighthawk","18_NM","USA",900
"Lesser Nighthawk","33_UT","USA",73
"Lesser Nighthawk","16_NV","USA",17
"Common Nighthawk","19_TX","USA",1600000
"Common Nighthawk","9_NV","USA",1200000
"Common Nighthawk","19_KS","USA",1200000
"Common Nighthawk","36_TX","USA",1000000
"Common Nighthawk","18_TX","USA",1000000
"Common Nighthawk","19_OK","USA",940000
"Common Nighthawk","37_TX","USA",860000
"Common Nighthawk","21_TX","USA",840000
"Common Nighthawk","35_TX","USA",750000
"Common Nighthawk","35_NM","USA",720000
"Common Nighthawk","9_OR","USA",680000
"Common Nighthawk","10_WY","USA",660000
"Common Nighthawk","17_MT","USA",630000
"Common Nighthawk","18_CO","USA",600000
"Common Nighthawk","31_FL","USA",540000
"Common Nighthawk","18_NM","USA",530000
"Common Nighthawk","16_NM","USA",420000
"Common Nighthawk","9_ID","USA",380000
"Common Nighthawk","19_NE","USA",370000
"Common Nighthawk","10_BC","CAN",360000
"Common Nighthawk","17_SD","USA",330000
"Common Nighthawk","16_CO","USA",300000
"Common Nighthawk","18_OK","USA",290000
"Common Nighthawk","9_CA","USA",280000
"Common Nighthawk","17_WY","USA",270000
"Common Nighthawk","22_KS","USA",250000
"Common Nighthawk","20_TX","USA",240000
"Common Nighthawk","7_NT","CAN",240000
"Common Nighthawk","9_WA","USA",240000
"Common Nighthawk","10_MT","USA",200000
"Common Nighthawk","9_UT","USA",180000
"Common Nighthawk","11_MT","USA",180000
"Common Nighthawk","11_SK","CAN",160000
"Common Nighthawk","27_FL","USA",150000
"Common Nighthawk","21_OK","USA",140000
"Common Nighthawk","16_UT","USA",140000
"Common Nighthawk","34_AZ","USA",130000
"Common Nighthawk","16_AZ","USA",130000
"Common Nighthawk","37_LA","USA",120000
"Common Nighthawk","18_NE","USA",120000
"Common Nighthawk","10_OR","USA",110000
"Common Nighthawk","6_NT","CAN",100000
"Common Nighthawk","15_CA","USA",97000
"Common Nighthawk","5_BC","CAN",95000
"Common Nighthawk","6_SK","CAN",90000
"Common Nighthawk","8_MB","CAN",89000
"Common Nighthawk","17_ND","USA",89000
"Common Nighthawk","34_NM","USA",85000
"Common Nighthawk","22_IA","USA",73000
"Common Nighthawk","5_OR","USA",72000
"Common Nighthawk","8_SK","CAN",68000
"Common Nighthawk","7_SK","CAN",67000
"Common Nighthawk","18_KS","USA",62000
"Common Nighthawk","11_SD","USA",56000
"Common Nighthawk","16_WY","USA",54000
"Common Nighthawk","26_MO","USA",52000
"Common Nighthawk","22_OK","USA",50000
"Common Nighthawk","10_WA","USA",50000
"Common Nighthawk","27_GA","USA",49000
"Common Nighthawk","27_MS","USA",49000
"Common Nighthawk","11_NE","USA",49000
"Common Nighthawk","4_YT","CAN",49000
"Common Nighthawk","10_CO","USA",48000
"Common Nighthawk","25_TX","USA",46000
"Common Nighthawk","27_NC","USA",44000
"Common Nighthawk","9_BC","CAN",38000
"Common Nighthawk","11_AB","CAN",38000
"Common Nighthawk","27_AL","USA",36000
"Common Nighthawk","6_AB","CAN",29000
"Common Nighthawk","10_ID","USA",28000
"Common Nighthawk","8_QC","CAN",26000
"Common Nighthawk","5_CA","USA",25000
"Common Nighthawk","8_ON","CAN",25000
"Common Nighthawk","22_NE","USA",24000
"Common Nighthawk","5_WA","USA",23000
"Common Nighthawk","18_WY","USA",21000
"Common Nighthawk","26_LA","USA",20000
"Common Nighthawk","33_AZ","USA",20000
"Common Nighthawk","24_MO","USA",17000
"Common Nighthawk","12_MI","USA",16000
"Common Nighthawk","17_NE","USA",16000
"Common Nighthawk","26_AR","USA",15000
"Common Nighthawk","25_LA","USA",14000
"Common Nighthawk","14_NB","CAN",13000
"Common Nighthawk","22_MO","USA",12000
"Common Nighthawk","4_NT","CAN",11000
"Common Nighthawk","35_AZ","USA",10000
"Common Nighthawk","27_SC","USA",8200
"Common Nighthawk","18_SD","USA",8000
"Common Nighthawk","22_IL","USA",7700
"Common Nighthawk","27_TN","USA",7600
"Common Nighthawk","11_ND","USA",7600
"Common Nighthawk","32_CA","USA",7500
"Common Nighthawk","5_AK","USA",7000
"Common Nighthawk","23_WI","USA",6800
"Common Nighthawk","25_AR","USA",6700
"Common Nighthawk","11_MB","CAN",6600
"Common Nighthawk","12_MN","USA",6600
"Common Nighthawk","12_ON","CAN",5400
"Common Nighthawk","10_UT","USA",5100
"Common Nighthawk","14_NS","CAN",5000
"Common Nighthawk","13_ON","CAN",4600
"Common Nighthawk","24_IN","USA",4400
"Common Nighthawk","10_AB","CAN",3800
"Common Nighthawk","19_SD","USA",3600
"Common Nighthawk","12_WI","USA",3100
"Common Nighthawk","6_MB","CAN",2700
"Common Nighthawk","23_MN","USA",2500
"Common Nighthawk","14_QC","CAN",2500
"Common Nighthawk","22_OH","USA",2300
"Common Nighthawk","25_OK","USA",2200
"Common Nighthawk","15_NV","USA",1900
"Common Nighthawk","14_ME","USA",1700
"Common Nighthawk","24_AR","USA",1200
"Common Nighthawk","24_TN","USA",1100
"Common Nighthawk","23_IN","USA",1100
"Common Nighthawk","12_MB","CAN",1000
"Common Nighthawk","13_PA","USA",950
"Common Nighthawk","16_ID","USA",920
"Common Nighthawk","21_KS","USA",860
"Common Nighthawk","13_OH","USA",830
"Common Nighthawk","12_QC","CAN",750
"Common Nighthawk","28_AL","USA",680
"Common Nighthawk","23_MI","USA",680
"Common Nighthawk","28_KY","USA",610
"Common Nighthawk","27_KY","USA",570
"Common Nighthawk","11_IA","USA",530
"Common Nighthawk","30_NJ","USA",480
"Common Nighthawk","29_GA","USA",470
"Common Nighthawk","37_MS","USA",440
"Common Nighthawk","24_KY","USA",430
"Common Nighthawk","9_WY","USA",420
"Common Nighthawk","28_NC","USA",320
"Common Nighthawk","8_AB","CAN",300
"Common Nighthawk","14_NH","USA",280
"Common Nighthawk","28_GA","USA",280
"Common Nighthawk","22_IN","USA",250
"Common Nighthawk","26_TN","USA",220
"Common Nighthawk","14_VT","USA",200
"Common Nighthawk","13_NY","USA",160
"Common Nighthawk","28_NJ","USA",92
"Common Nighthawk","30_MD","USA",74
"Common Nighthawk","30_DE","USA",68
"Common Nighthawk","30_PA","USA",15
"Common Nighthawk","23_OH","USA",9
"Common Poorwill","9_NV","USA",200000
"Common Poorwill","35_NM","USA",150000
"Common Poorwill","16_NM","USA",91000
"Common Poorwill","33_AZ","USA",90000
"Common Poorwill","9_OR","USA",81000
"Common Poorwill","35_TX","USA",76000
"Common Poorwill","32_CA","USA",61000
"Common Poorwill","36_TX","USA",54000
"Common Poorwill","21_TX","USA",52000
"Common Poorwill","10_ID","USA",44000
"Common Poorwill","10_WY","USA",40000
"Common Poorwill","16_CO","USA",37000
"Common Poorwill","16_UT","USA",32000
"Common Poorwill","34_AZ","USA",30000
"Common Poorwill","9_ID","USA",29000
"Common Poorwill","34_NM","USA",29000
"Common Poorwill","16_AZ","USA",27000
"Common Poorwill","20_TX","USA",22000
"Common Poorwill","9_UT","USA",20000
"Common Poorwill","9_WA","USA",18000
"Common Poorwill","19_OK","USA",18000
"Common Poorwill","18_TX","USA",16000
"Common Poorwill","10_CO","USA",14000
"Common Poorwill","18_NM","USA",12000
"Common Poorwill","16_WY","USA",11000
"Common Poorwill","19_TX","USA",11000
"Common Poorwill","15_CA","USA",8700
"Common Poorwill","33_NV","USA",8600
"Common Poorwill","9_CA","USA",8200
"Common Poorwill","10_UT","USA",6900
"Common Poorwill","17_SD","USA",5400
"Common Poorwill","37_TX","USA",4400
"Common Poorwill","22_KS","USA",3900
"Common Poorwill","18_OK","USA",3500
"Common Poorwill","17_MT","USA",3000
"Common Poorwill","5_CA","USA",2300
"Common Poorwill","35_AZ","USA",1900
"Common Poorwill","17_WY","USA",1900
"Common Poorwill","5_BC","CAN",1600
"Common Poorwill","10_OR","USA",1500
"Common Poorwill","18_CO","USA",1400
"Common Poorwill","10_WA","USA",1200
"Common Poorwill","9_BC","CAN",1100
"Common Poorwill","15_NV","USA",340
"Common Poorwill","17_NE","USA",280
"Common Poorwill","16_ID","USA",220
"Common Poorwill","33_UT","USA",110
"Common Poorwill","16_NV","USA",77
"Common Poorwill","9_WY","USA",36
"Chuck-will's-widow","27_FL","USA",430000
"Chuck-will's-widow","31_FL","USA",420000
"Chuck-will's-widow","27_AL","USA",390000
"Chuck-will's-widow","25_AR","USA",370000
"Chuck-will's-widow","27_NC","USA",330000
"Chuck-will's-widow","27_GA","USA",310000
"Chuck-will's-widow","19_OK","USA",300000
"Chuck-will's-widow","27_MS","USA",280000
"Chuck-will's-widow","25_TX","USA",260000
"Chuck-will's-widow","20_TX","USA",250000
"Chuck-will's-widow","21_TX","USA",240000
"Chuck-will's-widow","27_SC","USA",220000
"Chuck-will's-widow","24_AR","USA",200000
"Chuck-will's-widow","25_OK","USA",200000
"Chuck-will's-widow","24_MO","USA",190000
"Chuck-will's-widow","21_OK","USA",140000
"Chuck-will's-widow","25_LA","USA",110000
"Chuck-will's-widow","29_SC","USA",100000
"Chuck-will's-widow","27_TN","USA",100000
"Chuck-will's-widow","28_AL","USA",99000
"Chuck-will's-widow","26_AR","USA",80000
"Chuck-will's-widow","29_GA","USA",72000
"Chuck-will's-widow","24_TN","USA",71000
"Chuck-will's-widow","24_OK","USA",53000
"Chuck-will's-widow","22_KS","USA",50000
"Chuck-will's-widow","24_KY","USA",49000
"Chuck-will's-widow","29_NC","USA",36000
"Chuck-will's-widow","28_GA","USA",34000
"Chuck-will's-widow","29_AL","USA",29000
"Chuck-will's-widow","24_AL","USA",26000
"Chuck-will's-widow","30_MD","USA",26000
"Chuck-will's-widow","28_TN","USA",24000
"Chuck-will's-widow","27_VA","USA",21000
"Chuck-will's-widow","19_TX","USA",20000
"Chuck-will's-widow","29_VA","USA",19000
"Chuck-will's-widow","22_MO","USA",16000
"Chuck-will's-widow","22_OK","USA",12000
"Chuck-will's-widow","19_KS","USA",6100
"Chuck-will's-widow","27_LA","USA",6100
"Chuck-will's-widow","36_TX","USA",5400
"Chuck-will's-widow","30_NJ","USA",3800
"Chuck-will's-widow","30_VA","USA",3600
"Chuck-will's-widow","24_IN","USA",3400
"Chuck-will's-widow","27_KY","USA",3300
"Chuck-will's-widow","30_DE","USA",2700
"Chuck-will's-widow","28_KY","USA",2700
"Chuck-will's-widow","26_MS","USA",1700
"Chuck-will's-widow","28_SC","USA",1600
"Chuck-will's-widow","26_LA","USA",1100
"Chuck-will's-widow","21_KS","USA",870
"Chuck-will's-widow","24_KS","USA",740
"Chuck-will's-widow","26_TN","USA",250
"Chuck-will's-widow","29_MD","USA",130
"Eastern Whip-poor-will","24_MO","USA",330000
"Eastern Whip-poor-will","29_SC","USA",120000
"Eastern Whip-poor-will","28_KY","USA",75000
"Eastern Whip-poor-will","27_SC","USA",75000
"Eastern Whip-poor-will","25_AR","USA",74000
"Eastern Whip-poor-will","24_TN","USA",74000
"Eastern Whip-poor-will","12_MI","USA",71000
"Eastern Whip-poor-will","27_NC","USA",62000
"Eastern Whip-poor-will","27_MS","USA",58000
"Eastern Whip-poor-will","24_AR","USA",55000
"Eastern Whip-poor-will","29_VA","USA",52000
"Eastern Whip-poor-will","27_TN","USA",51000
"Eastern Whip-poor-will","29_GA","USA",47000
"Eastern Whip-poor-will","8_ON","CAN",47000
"Eastern Whip-poor-will","22_MO","USA",41000
"Eastern Whip-poor-will","28_VA","USA",40000
"Eastern Whip-poor-will","28_TN","USA",38000
"Eastern Whip-poor-will","12_WI","USA",37000
"Eastern Whip-poor-will","28_WV","USA",32000
"Eastern Whip-poor-will","29_NC","USA",28000
"Eastern Whip-poor-will","12_ON","CAN",23000
"Eastern Whip-poor-will","22_IL","USA",23000
"Eastern Whip-poor-will","28_GA","USA",19000
"Eastern Whip-poor-will","13_ON","CAN",19000
"Eastern Whip-poor-will","11_NE","USA",18000
"Eastern Whip-poor-will","28_AL","USA",17000
"Eastern Whip-poor-will","24_KY","USA",17000
"Eastern Whip-poor-will","25_OK","USA",17000
"Eastern Whip-poor-will","28_SC","USA",16000
"Eastern Whip-poor-will","24_IN","USA",16000
"Eastern Whip-poor-will","27_GA","USA",15000
"Eastern Whip-poor-will","28_PA","USA",14000
"Eastern Whip-poor-will","13_QC","CAN",14000
"Eastern Whip-poor-will","23_WI","USA",13000
"Eastern Whip-poor-will","28_NC","USA",12000
"Eastern Whip-poor-will","11_MN","USA",11000
"Eastern Whip-poor-will","30_NJ","USA",11000
"Eastern Whip-poor-will","14_NY","USA",10000
"Eastern Whip-poor-will","28_OH","USA",10000
"Eastern Whip-poor-will","28_MD","USA",10000
"Eastern Whip-poor-will","14_ME","USA",9400
"Eastern Whip-poor-will","27_AL","USA",9400
"Eastern Whip-poor-will","6_MB","CAN",9100
"Eastern Whip-poor-will","27_VA","USA",8900
"Eastern Whip-poor-will","14_NB","CAN",8900
"Eastern Whip-poor-will","12_QC","CAN",8600
"Eastern Whip-poor-will","26_AR","USA",7600
"Eastern Whip-poor-will","24_IL","USA",6800
"Eastern Whip-poor-will","22_IA","USA",6400
"Eastern Whip-poor-will","12_MN","USA",4900
"Eastern Whip-poor-will","14_QC","CAN",2900
"Eastern Whip-poor-will","8_MB","CAN",2600
"Eastern Whip-poor-will","12_MB","CAN",2400
"Eastern Whip-poor-will","21_OK","USA",2300
"Eastern Whip-poor-will","11_MB","CAN",2300
"Eastern Whip-poor-will","30_NH","USA",2000
"Eastern Whip-poor-will","14_NH","USA",1900
"Eastern Whip-poor-will","27_KY","USA",1900
"Eastern Whip-poor-will","20_TX","USA",1800
"Eastern Whip-poor-will","30_VA","USA",1800
"Eastern Whip-poor-will","22_KS","USA",1400
"Eastern Whip-poor-will","30_MA","USA",1300
"Eastern Whip-poor-will","22_OK","USA",1300
"Eastern Whip-poor-will","22_IN","USA",1200
"Eastern Whip-poor-will","14_CT","USA",1000
"Eastern Whip-poor-will","29_MD","USA",950
"Eastern Whip-poor-will","24_AL","USA",940
"Eastern Whip-poor-will","23_IN","USA",870
"Eastern Whip-poor-will","26_TN","USA",690
"Eastern Whip-poor-will","30_PA","USA",45
"Eastern Whip-poor-will","21_KS","USA",27
"Eastern Whip-poor-will","30_VT","USA",26
"Eastern Whip-poor-will","23_OH","USA",15
"Mexican Whip-poor-will","34_AZ","USA",27000
"Mexican Whip-poor-will","34_NM","USA",4100
"Mexican Whip-poor-will","16_NM","USA",2000
"Black Swift","5_BC","CAN",62000
"Black Swift","10_BC","CAN",17000
"Black Swift","9_WA","USA",2200
"Black Swift","10_ID","USA",2100
"Black Swift","5_WA","USA",1800
"Black Swift","32_CA","USA",1300
"Black Swift","15_CA","USA",920
"Black Swift","9_BC","CAN",460
"Black Swift","16_NM","USA",410
"Black Swift","16_CO","USA",320
"Chimney Swift","22_IL","USA",400000
"Chimney Swift","29_NC","USA",370000
"Chimney Swift","27_GA","USA",320000
"Chimney Swift","28_PA","USA",320000
"Chimney Swift","27_NC","USA",310000
"Chimney Swift","27_MS","USA",300000
"Chimney Swift","27_AL","USA",270000
"Chimney Swift","24_KY","USA",260000
"Chimney Swift","29_GA","USA",240000
"Chimney Swift","22_OH","USA",220000
"Chimney Swift","21_TX","USA",200000
"Chimney Swift","23_WI","USA",190000
"Chimney Swift","31_FL","USA",180000
"Chimney Swift","27_SC","USA",180000
"Chimney Swift","28_TN","USA",170000
"Chimney Swift","22_IN","USA",160000
"Chimney Swift","24_IN","USA",150000
"Chimney Swift","26_LA","USA",150000
"Chimney Swift","28_OH","USA",150000
"Chimney Swift","28_AL","USA",150000
"Chimney Swift","29_VA","USA",150000
"Chimney Swift","25_AR","USA",140000
"Chimney Swift","19_NE","USA",140000
"Chimney Swift","28_WV","USA",140000
"Chimney Swift","25_TX","USA",140000
"Chimney Swift","22_IA","USA",140000
"Chimney Swift","27_FL","USA",130000
"Chimney Swift","13_OH","USA",120000
"Chimney Swift","29_SC","USA",110000
"Chimney Swift","24_AR","USA",110000
"Chimney Swift","24_TN","USA",110000
"Chimney Swift","28_VA","USA",110000
"Chimney Swift","24_MO","USA",110000
"Chimney Swift","28_GA","USA",110000
"Chimney Swift","25_LA","USA",91000
"Chimney Swift","22_MO","USA",91000
"Chimney Swift","23_MI","USA",85000
"Chimney Swift","27_TN","USA",85000
"Chimney Swift","13_NY","USA",76000
"Chimney Swift","26_AR","USA",74000
"Chimney Swift","13_PA","USA",70000
"Chimney Swift","28_KY","USA",63000
"Chimney Swift","22_NE","USA",61000
"Chimney Swift","22_KS","USA",60000
"Chimney Swift","30_MD","USA",59000
"Chimney Swift","29_PA","USA",56000
"Chimney Swift","19_KS","USA",54000
"Chimney Swift","24_IL","USA",53000
"Chimney Swift","27_VA","USA",52000
"Chimney Swift","12_MI","USA",49000
"Chimney Swift","28_NC","USA",48000
"Chimney Swift","23_MN","USA",45000
"Chimney Swift","21_OK","USA",44000
"Chimney Swift","29_AL","USA",43000
"Chimney Swift","28_NY","USA",43000
"Chimney Swift","25_OK","USA",42000
"Chimney Swift","30_MA","USA",41000
"Chimney Swift","37_TX","USA",40000
"Chimney Swift","11_ND","USA",39000
"Chimney Swift","19_TX","USA",38000
"Chimney Swift","14_ME","USA",37000
"Chimney Swift","20_TX","USA",34000
"Chimney Swift","30_CT","USA",33000
"Chimney Swift","14_NH","USA",31000
"Chimney Swift","36_TX","USA",30000
"Chimney Swift","30_RI","USA",30000
"Chimney Swift","37_LA","USA",30000
"Chimney Swift","29_MD","USA",29000
"Chimney Swift","19_OK","USA",28000
"Chimney Swift","30_NJ","USA",26000
"Chimney Swift","27_LA","USA",26000
"Chimney Swift","11_MN","USA",25000
"Chimney Swift","23_IN","USA",25000
"Chimney Swift","11_IA","USA",24000
"Chimney Swift","26_MS","USA",24000
"Chimney Swift","18_TX","USA",23000
"Chimney Swift","24_AL","USA",23000
"Chimney Swift","12_WI","USA",22000
"Chimney Swift","12_QC","CAN",19000
"Chimney Swift","26_MO","USA",18000
"Chimney Swift","30_NH","USA",17000
"Chimney Swift","28_NJ","USA",16000
"Chimney Swift","30_DE","USA",15000
"Chimney Swift","22_MI","USA",14000
"Chimney Swift","14_QC","CAN",14000
"Chimney Swift","29_NJ","USA",12000
"Chimney Swift","22_OK","USA",12000
"Chimney Swift","28_MD","USA",11000
"Chimney Swift","13_ON","CAN",11000
"Chimney Swift","27_KY","USA",10000
"Chimney Swift","30_VA","USA",9700
"Chimney Swift","14_VT","USA",9600
"Chimney Swift","12_MN","USA",8900
"Chimney Swift","14_MA","USA",8400
"Chimney Swift","18_NE","USA",7700
"Chimney Swift","13_QC","CAN",7700
"Chimney Swift","14_NB","CAN",7600
"Chimney Swift","18_CO","USA",7400
"Chimney Swift","11_NE","USA",7300
"Chimney Swift","11_SD","USA",7100
"Chimney Swift","14_NY","USA",7100
"Chimney Swift","23_IL","USA",6800
"Chimney Swift","22_MN","USA",6600
"Chimney Swift","18_KS","USA",6300
"Chimney Swift","14_NS","CAN",6300
"Chimney Swift","6_MB","CAN",6000
"Chimney Swift","26_TN","USA",3700
"Chimney Swift","13_VT","USA",3300
"Chimney Swift","12_ON","CAN",3100
"Chimney Swift","24_OK","USA",3000
"Chimney Swift","14_CT","USA",2800
"Chimney Swift","30_ME","USA",2600
"Chimney Swift","30_NY","USA",2600
"Chimney Swift","28_SC","USA",2400
"Chimney Swift","28_CT","USA",2300
"Chimney Swift","22_WI","USA",2300
"Chimney Swift","24_OH","USA",2100
"Chimney Swift","28_MA","USA",1800
"Chimney Swift","26_KY","USA",1500
"Chimney Swift","11_MT","USA",1500
"Chimney Swift","29_DE","USA",1000
"Chimney Swift","26_IL","USA",940
"Chimney Swift","30_PA","USA",800
"Chimney Swift","18_OK","USA",730
"Chimney Swift","35_TX","USA",550
"Chimney Swift","29_NY","USA",510
"Chimney Swift","11_MB","CAN",390
"Chimney Swift","21_KS","USA",260
"Chimney Swift","30_VT","USA",220
"Chimney Swift","23_OH","USA",200
"Chimney Swift","37_MS","USA",110
"Chimney Swift","24_KS","USA",43
"Vaux's Swift","5_BC","CAN",98000
"Vaux's Swift","5_OR","USA",61000
"Vaux's Swift","5_WA","USA",57000
"Vaux's Swift","9_WA","USA",53000
"Vaux's Swift","9_OR","USA",36000
"Vaux's Swift","10_OR","USA",23000
"Vaux's Swift","10_ID","USA",19000
"Vaux's Swift","5_CA","USA",18000
"Vaux's Swift","9_BC","CAN",12000
"Vaux's Swift","10_BC","CAN",10000
"Vaux's Swift","10_MT","USA",10000
"Vaux's Swift","15_CA","USA",6300
"Vaux's Swift","32_CA","USA",5500
"Vaux's Swift","10_WA","USA",4300
"Vaux's Swift","9_CA","USA",2700
"Vaux's Swift","5_AK","USA",1200
"Vaux's Swift","9_ID","USA",430
"Vaux's Swift","15_NV","USA",3
"White-throated Swift","16_UT","USA",300000
"White-throated Swift","15_CA","USA",260000
"White-throated Swift","9_OR","USA",230000
"White-throated Swift","16_CO","USA",230000
"White-throated Swift","33_CA","USA",170000
"White-throated Swift","32_CA","USA",170000
"White-throated Swift","34_AZ","USA",170000
"White-throated Swift","9_WA","USA",120000
"White-throated Swift","17_WY","USA",96000
"White-throated Swift","17_SD","USA",89000
"White-throated Swift","10_MT","USA",83000
"White-throated Swift","33_NV","USA",72000
"White-throated Swift","33_AZ","USA",68000
"White-throated Swift","16_NM","USA",67000
"White-throated Swift","10_OR","USA",44000
"White-throated Swift","10_WY","USA",41000
"White-throated Swift","9_ID","USA",24000
"White-throated Swift","9_BC","CAN",23000
"White-throated Swift","34_NM","USA",20000
"White-throated Swift","35_TX","USA",18000
"White-throated Swift","16_AZ","USA",17000
"White-throated Swift","10_UT","USA",15000
"White-throated Swift","9_NV","USA",15000
"White-throated Swift","35_NM","USA",11000
"White-throated Swift","9_CA","USA",8600
"White-throated Swift","10_WA","USA",7500
"White-throated Swift","18_NM","USA",7000
"White-throated Swift","15_NV","USA",5300
"White-throated Swift","17_NE","USA",3100
"White-throated Swift","5_CA","USA",2800
"White-throated Swift","16_ID","USA",2000
"White-throated Swift","10_ID","USA",1200
"White-throated Swift","18_CO","USA",1100
"White-throated Swift","33_UT","USA",880
"White-throated Swift","17_MT","USA",640
"White-throated Swift","10_CO","USA",490
"White-throated Swift","16_WY","USA",230
"White-throated Swift","35_AZ","USA",170
"White-throated Swift","16_NV","USA",50
"White-throated Swift","9_WY","USA",27
"Rivoli's Hummingbird","34_AZ","USA",NA
"Blue-throated Mountain-gem","34_AZ","USA",NA
"Ruby-throated Hummingbird","24_MO","USA",2200000
"Ruby-throated Hummingbird","22_MO","USA",1200000
"Ruby-throated Hummingbird","21_OK","USA",1200000
"Ruby-throated Hummingbird","27_NC","USA",1100000
"Ruby-throated Hummingbird","14_NS","CAN",1100000
"Ruby-throated Hummingbird","27_MS","USA",980000
"Ruby-throated Hummingbird","12_QC","CAN",930000
"Ruby-throated Hummingbird","12_MI","USA",910000
"Ruby-throated Hummingbird","14_NB","CAN",910000
"Ruby-throated Hummingbird","27_TN","USA",840000
"Ruby-throated Hummingbird","28_PA","USA",820000
"Ruby-throated Hummingbird","12_ON","CAN",770000
"Ruby-throated Hummingbird","24_AR","USA",720000
"Ruby-throated Hummingbird","22_IL","USA",720000
"Ruby-throated Hummingbird","25_AR","USA",710000
"Ruby-throated Hummingbird","24_KY","USA",690000
"Ruby-throated Hummingbird","23_WI","USA",670000
"Ruby-throated Hummingbird","28_WV","USA",650000
"Ruby-throated Hummingbird","8_QC","CAN",640000
"Ruby-throated Hummingbird","12_WI","USA",610000
"Ruby-throated Hummingbird","24_IN","USA",560000
"Ruby-throated Hummingbird","24_TN","USA",540000
"Ruby-throated Hummingbird","23_MI","USA",530000
"Ruby-throated Hummingbird","14_QC","CAN",520000
"Ruby-throated Hummingbird","27_GA","USA",510000
"Ruby-throated Hummingbird","29_NC","USA",510000
"Ruby-throated Hummingbird","25_OK","USA",490000
"Ruby-throated Hummingbird","27_AL","USA",480000
"Ruby-throated Hummingbird","28_TN","USA",470000
"Ruby-throated Hummingbird","12_MN","USA",460000
"Ruby-throated Hummingbird","24_IL","USA",460000
"Ruby-throated Hummingbird","29_VA","USA",440000
"Ruby-throated Hummingbird","28_AL","USA",430000
"Ruby-throated Hummingbird","28_KY","USA",430000
"Ruby-throated Hummingbird","27_VA","USA",420000
"Ruby-throated Hummingbird","14_ME","USA",410000
"Ruby-throated Hummingbird","25_TX","USA",390000
"Ruby-throated Hummingbird","25_LA","USA",390000
"Ruby-throated Hummingbird","29_GA","USA",360000
"Ruby-throated Hummingbird","28_VA","USA",350000
"Ruby-throated Hummingbird","21_TX","USA",310000
"Ruby-throated Hummingbird","27_SC","USA",310000
"Ruby-throated Hummingbird","13_NY","USA",290000
"Ruby-throated Hummingbird","14_NY","USA",290000
"Ruby-throated Hummingbird","22_IA","USA",290000
"Ruby-throated Hummingbird","13_ON","CAN",290000
"Ruby-throated Hummingbird","26_AR","USA",280000
"Ruby-throated Hummingbird","26_LA","USA",280000
"Ruby-throated Hummingbird","22_IN","USA",280000
"Ruby-throated Hummingbird","28_OH","USA",270000
"Ruby-throated Hummingbird","28_NY","USA",270000
"Ruby-throated Hummingbird","22_KS","USA",270000
"Ruby-throated Hummingbird","8_ON","CAN",250000
"Ruby-throated Hummingbird","22_OH","USA",250000
"Ruby-throated Hummingbird","28_NC","USA",220000
"Ruby-throated Hummingbird","6_MB","CAN",220000
"Ruby-throated Hummingbird","29_SC","USA",220000
"Ruby-throated Hummingbird","22_OK","USA",220000
"Ruby-throated Hummingbird","23_MN","USA",200000
"Ruby-throated Hummingbird","30_MD","USA",170000
"Ruby-throated Hummingbird","19_OK","USA",160000
"Ruby-throated Hummingbird","27_FL","USA",150000
"Ruby-throated Hummingbird","24_OK","USA",150000
"Ruby-throated Hummingbird","23_IN","USA",140000
"Ruby-throated Hummingbird","14_NH","USA",140000
"Ruby-throated Hummingbird","14_VT","USA",140000
"Ruby-throated Hummingbird","13_OH","USA",130000
"Ruby-throated Hummingbird","28_GA","USA",130000
"Ruby-throated Hummingbird","24_AL","USA",94000
"Ruby-throated Hummingbird","13_PA","USA",92000
"Ruby-throated Hummingbird","26_MO","USA",90000
"Ruby-throated Hummingbird","13_QC","CAN",89000
"Ruby-throated Hummingbird","11_MB","CAN",81000
"Ruby-throated Hummingbird","26_MS","USA",70000
"Ruby-throated Hummingbird","11_ND","USA",69000
"Ruby-throated Hummingbird","30_MA","USA",63000
"Ruby-throated Hummingbird","11_SK","CAN",61000
"Ruby-throated Hummingbird","30_CT","USA",60000
"Ruby-throated Hummingbird","6_AB","CAN",57000
"Ruby-throated Hummingbird","26_TN","USA",55000
"Ruby-throated Hummingbird","28_MD","USA",52000
"Ruby-throated Hummingbird","37_LA","USA",48000
"Ruby-throated Hummingbird","14_MA","USA",48000
"Ruby-throated Hummingbird","27_KY","USA",48000
"Ruby-throated Hummingbird","14_PE","CAN",48000
"Ruby-throated Hummingbird","12_MB","CAN",48000
"Ruby-throated Hummingbird","29_MD","USA",47000
"Ruby-throated Hummingbird","24_OH","USA",46000
"Ruby-throated Hummingbird","29_PA","USA",46000
"Ruby-throated Hummingbird","6_SK","CAN",45000
"Ruby-throated Hummingbird","30_VA","USA",43000
"Ruby-throated Hummingbird","30_NJ","USA",43000
"Ruby-throated Hummingbird","29_AL","USA",42000
"Ruby-throated Hummingbird","27_LA","USA",41000
"Ruby-throated Hummingbird","8_MB","CAN",39000
"Ruby-throated Hummingbird","28_SC","USA",37000
"Ruby-throated Hummingbird","31_FL","USA",36000
"Ruby-throated Hummingbird","22_MI","USA",33000
"Ruby-throated Hummingbird","37_TX","USA",31000
"Ruby-throated Hummingbird","30_DE","USA",31000
"Ruby-throated Hummingbird","11_MN","USA",29000
"Ruby-throated Hummingbird","13_VT","USA",27000
"Ruby-throated Hummingbird","11_AB","CAN",24000
"Ruby-throated Hummingbird","30_NH","USA",23000
"Ruby-throated Hummingbird","22_NE","USA",22000
"Ruby-throated Hummingbird","28_NJ","USA",18000
"Ruby-throated Hummingbird","23_IA","USA",17000
"Ruby-throated Hummingbird","26_KY","USA",14000
"Ruby-throated Hummingbird","30_RI","USA",10000
"Ruby-throated Hummingbird","26_IL","USA",8800
"Ruby-throated Hummingbird","22_WI","USA",8400
"Ruby-throated Hummingbird","19_KS","USA",8100
"Ruby-throated Hummingbird","21_KS","USA",7800
"Ruby-throated Hummingbird","22_MN","USA",7600
"Ruby-throated Hummingbird","23_IL","USA",6500
"Ruby-throated Hummingbird","11_SD","USA",6300
"Ruby-throated Hummingbird","14_CT","USA",6000
"Ruby-throated Hummingbird","28_CT","USA",5100
"Ruby-throated Hummingbird","29_NJ","USA",5000
"Ruby-throated Hummingbird","28_MA","USA",4000
"Ruby-throated Hummingbird","36_TX","USA",3800
"Ruby-throated Hummingbird","24_KS","USA",2100
"Ruby-throated Hummingbird","30_NY","USA",2000
"Ruby-throated Hummingbird","30_ME","USA",1300
"Ruby-throated Hummingbird","30_PA","USA",1300
"Ruby-throated Hummingbird","23_OH","USA",1200
"Ruby-throated Hummingbird","29_DE","USA",840
"Ruby-throated Hummingbird","30_VT","USA",300
"Ruby-throated Hummingbird","29_NY","USA",210
"Ruby-throated Hummingbird","37_MS","USA",170
"Black-chinned Hummingbird","20_TX","USA",870000
"Black-chinned Hummingbird","16_UT","USA",780000
"Black-chinned Hummingbird","34_AZ","USA",770000
"Black-chinned Hummingbird","35_NM","USA",640000
"Black-chinned Hummingbird","16_NM","USA",630000
"Black-chinned Hummingbird","19_TX","USA",550000
"Black-chinned Hummingbird","21_TX","USA",540000
"Black-chinned Hummingbird","32_CA","USA",500000
"Black-chinned Hummingbird","16_CO","USA",410000
"Black-chinned Hummingbird","33_AZ","USA",400000
"Black-chinned Hummingbird","35_TX","USA",300000
"Black-chinned Hummingbird","9_ID","USA",200000
"Black-chinned Hummingbird","16_AZ","USA",200000
"Black-chinned Hummingbird","10_BC","CAN",200000
"Black-chinned Hummingbird","36_TX","USA",170000
"Black-chinned Hummingbird","10_WA","USA",130000
"Black-chinned Hummingbird","9_NV","USA",120000
"Black-chinned Hummingbird","33_NV","USA",110000
"Black-chinned Hummingbird","33_CA","USA",90000
"Black-chinned Hummingbird","18_TX","USA",85000
"Black-chinned Hummingbird","18_NM","USA",78000
"Black-chinned Hummingbird","10_ID","USA",68000
"Black-chinned Hummingbird","9_UT","USA",58000
"Black-chinned Hummingbird","34_NM","USA",37000
"Black-chinned Hummingbird","19_OK","USA",36000
"Black-chinned Hummingbird","15_CA","USA",36000
"Black-chinned Hummingbird","10_MT","USA",31000
"Black-chinned Hummingbird","9_WA","USA",26000
"Black-chinned Hummingbird","10_CO","USA",22000
"Black-chinned Hummingbird","9_OR","USA",20000
"Black-chinned Hummingbird","18_CO","USA",20000
"Black-chinned Hummingbird","21_OK","USA",19000
"Black-chinned Hummingbird","25_TX","USA",8800
"Black-chinned Hummingbird","9_BC","CAN",8300
"Black-chinned Hummingbird","35_AZ","USA",8200
"Black-chinned Hummingbird","9_CA","USA",7400
"Black-chinned Hummingbird","16_ID","USA",5300
"Black-chinned Hummingbird","18_OK","USA",4000
"Black-chinned Hummingbird","33_UT","USA",1500
"Black-chinned Hummingbird","16_NV","USA",580
"Anna's Hummingbird","32_CA","USA",6300000
"Anna's Hummingbird","15_CA","USA",570000
"Anna's Hummingbird","5_CA","USA",490000
"Anna's Hummingbird","34_AZ","USA",420000
"Anna's Hummingbird","33_AZ","USA",320000
"Anna's Hummingbird","5_OR","USA",220000
"Anna's Hummingbird","5_BC","CAN",120000
"Anna's Hummingbird","5_WA","USA",110000
"Anna's Hummingbird","9_CA","USA",79000
"Anna's Hummingbird","16_AZ","USA",77000
"Anna's Hummingbird","33_CA","USA",43000
"Anna's Hummingbird","9_NV","USA",11000
"Anna's Hummingbird","9_OR","USA",9700
"Anna's Hummingbird","9_WA","USA",8200
"Costa's Hummingbird","33_CA","USA",660000
"Costa's Hummingbird","32_CA","USA",360000
"Costa's Hummingbird","33_AZ","USA",270000
"Costa's Hummingbird","34_AZ","USA",180000
"Costa's Hummingbird","33_NV","USA",80000
"Costa's Hummingbird","16_AZ","USA",28000
"Costa's Hummingbird","16_UT","USA",1800
"Costa's Hummingbird","33_UT","USA",570
"Costa's Hummingbird","16_NV","USA",160
"Broad-tailed Hummingbird","16_CO","USA",4200000
"Broad-tailed Hummingbird","16_NM","USA",1100000
"Broad-tailed Hummingbird","16_UT","USA",990000
"Broad-tailed Hummingbird","35_NM","USA",670000
"Broad-tailed Hummingbird","9_NV","USA",610000
"Broad-tailed Hummingbird","34_AZ","USA",580000
"Broad-tailed Hummingbird","9_ID","USA",130000
"Broad-tailed Hummingbird","18_CO","USA",110000
"Broad-tailed Hummingbird","10_WY","USA",110000
"Broad-tailed Hummingbird","16_WY","USA",79000
"Broad-tailed Hummingbird","16_AZ","USA",74000
"Broad-tailed Hummingbird","34_NM","USA",39000
"Broad-tailed Hummingbird","10_CO","USA",30000
"Broad-tailed Hummingbird","9_UT","USA",22000
"Broad-tailed Hummingbird","9_CA","USA",20000
"Broad-tailed Hummingbird","35_AZ","USA",17000
"Broad-tailed Hummingbird","35_TX","USA",11000
"Broad-tailed Hummingbird","17_SD","USA",9300
"Broad-tailed Hummingbird","10_UT","USA",3100
"Broad-tailed Hummingbird","17_WY","USA",1700
"Broad-tailed Hummingbird","16_NV","USA",420
"Broad-tailed Hummingbird","9_WY","USA",280
"Rufous Hummingbird","5_BC","CAN",7300000
"Rufous Hummingbird","5_AK","USA",4500000
"Rufous Hummingbird","10_BC","CAN",4200000
"Rufous Hummingbird","5_OR","USA",1800000
"Rufous Hummingbird","5_WA","USA",1500000
"Rufous Hummingbird","9_BC","CAN",770000
"Rufous Hummingbird","9_WA","USA",750000
"Rufous Hummingbird","10_ID","USA",190000
"Rufous Hummingbird","10_MT","USA",160000
"Rufous Hummingbird","5_YT","CAN",150000
"Rufous Hummingbird","9_OR","USA",140000
"Rufous Hummingbird","10_OR","USA",110000
"Rufous Hummingbird","5_CA","USA",70000
"Rufous Hummingbird","10_WA","USA",20000
"Rufous Hummingbird","9_ID","USA",19000
"Rufous Hummingbird","10_WY","USA",19000
"Rufous Hummingbird","9_CA","USA",15000
"Rufous Hummingbird","10_AB","CAN",11000
"Rufous Hummingbird","15_CA","USA",7300
"Rufous Hummingbird","11_AB","CAN",1900
"Allen's Hummingbird","32_CA","USA",1200000
"Allen's Hummingbird","5_CA","USA",220000
"Allen's Hummingbird","5_OR","USA",48000
"Calliope Hummingbird","10_BC","CAN",1100000
"Calliope Hummingbird","10_ID","USA",570000
"Calliope Hummingbird","9_ID","USA",540000
"Calliope Hummingbird","10_MT","USA",470000
"Calliope Hummingbird","9_BC","CAN",340000
"Calliope Hummingbird","10_WA","USA",300000
"Calliope Hummingbird","10_OR","USA",280000
"Calliope Hummingbird","9_WA","USA",240000
"Calliope Hummingbird","15_CA","USA",170000
"Calliope Hummingbird","9_NV","USA",130000
"Calliope Hummingbird","9_CA","USA",100000
"Calliope Hummingbird","10_WY","USA",79000
"Calliope Hummingbird","9_OR","USA",58000
"Calliope Hummingbird","5_CA","USA",38000
"Calliope Hummingbird","32_CA","USA",23000
"Calliope Hummingbird","5_OR","USA",12000
"Calliope Hummingbird","16_UT","USA",12000
"Calliope Hummingbird","15_NV","USA",3600
"Calliope Hummingbird","5_WA","USA",2400
"Calliope Hummingbird","16_ID","USA",160
"Calliope Hummingbird","9_WY","USA",140
"Broad-billed Hummingbird","34_AZ","USA",230000
"Broad-billed Hummingbird","33_AZ","USA",5400
"Buff-bellied Hummingbird","37_TX","USA",85000
"Buff-bellied Hummingbird","36_TX","USA",23000
"Black Vulture","21_TX","USA",2100000
"Black Vulture","31_FL","USA",1600000
"Black Vulture","20_TX","USA",920000
"Black Vulture","25_TX","USA",710000
"Black Vulture","27_GA","USA",530000
"Black Vulture","37_TX","USA",460000
"Black Vulture","27_MS","USA",340000
"Black Vulture","27_FL","USA",220000
"Black Vulture","29_GA","USA",220000
"Black Vulture","27_AL","USA",220000
"Black Vulture","27_SC","USA",200000
"Black Vulture","36_TX","USA",180000
"Black Vulture","26_LA","USA",170000
"Black Vulture","24_TN","USA",160000
"Black Vulture","25_LA","USA",110000
"Black Vulture","26_MS","USA",110000
"Black Vulture","21_OK","USA",96000
"Black Vulture","29_NC","USA",94000
"Black Vulture","24_KY","USA",90000
"Black Vulture","29_VA","USA",84000
"Black Vulture","25_AR","USA",77000
"Black Vulture","27_TN","USA",64000
"Black Vulture","25_OK","USA",58000
"Black Vulture","19_TX","USA",55000
"Black Vulture","27_LA","USA",55000
"Black Vulture","27_NC","USA",52000
"Black Vulture","29_SC","USA",51000
"Black Vulture","35_TX","USA",49000
"Black Vulture","33_AZ","USA",46000
"Black Vulture","30_MD","USA",45000
"Black Vulture","27_VA","USA",37000
"Black Vulture","24_AL","USA",34000
"Black Vulture","37_LA","USA",32000
"Black Vulture","22_OK","USA",30000
"Black Vulture","28_WV","USA",25000
"Black Vulture","22_OH","USA",25000
"Black Vulture","24_AR","USA",23000
"Black Vulture","28_TN","USA",23000
"Black Vulture","29_MD","USA",21000
"Black Vulture","24_IL","USA",18000
"Black Vulture","28_AL","USA",17000
"Black Vulture","34_AZ","USA",15000
"Black Vulture","29_PA","USA",14000
"Black Vulture","28_PA","USA",13000
"Black Vulture","28_VA","USA",12000
"Black Vulture","24_MO","USA",12000
"Black Vulture","24_IN","USA",11000
"Black Vulture","30_NJ","USA",11000
"Black Vulture","30_DE","USA",10000
"Black Vulture","28_GA","USA",8800
"Black Vulture","30_VA","USA",7800
"Black Vulture","28_KY","USA",7400
"Black Vulture","29_NJ","USA",6600
"Black Vulture","28_NJ","USA",6000
"Black Vulture","29_AL","USA",5100
"Black Vulture","28_NC","USA",3800
"Black Vulture","22_IN","USA",2200
"Black Vulture","26_AR","USA",1900
"Black Vulture","28_MD","USA",1500
"Black Vulture","28_OH","USA",1400
"Black Vulture","30_CT","USA",1300
"Black Vulture","27_KY","USA",NA
"Black Vulture","24_OK","USA",NA
"Black Vulture","24_OH","USA",NA
"Black Vulture","26_TN","USA",NA
"Black Vulture","29_DE","USA",NA
"Black Vulture","26_KY","USA",NA
"Black Vulture","30_PA","USA",NA
"Black Vulture","26_IL","USA",NA
"Black Vulture","13_NY","USA",NA
"Black Vulture","13_OH","USA",NA
"Black Vulture","14_VT","USA",NA
"Black Vulture","37_MS","USA",NA
"Black Vulture","29_NY","USA",NA
"Turkey Vulture","21_TX","USA",620000
"Turkey Vulture","35_TX","USA",540000
"Turkey Vulture","19_TX","USA",410000
"Turkey Vulture","20_TX","USA",340000
"Turkey Vulture","36_TX","USA",330000
"Turkey Vulture","32_CA","USA",250000
"Turkey Vulture","27_NC","USA",200000
"Turkey Vulture","33_AZ","USA",190000
"Turkey Vulture","19_OK","USA",180000
"Turkey Vulture","22_MO","USA",170000
"Turkey Vulture","31_FL","USA",170000
"Turkey Vulture","25_TX","USA",160000
"Turkey Vulture","35_NM","USA",160000
"Turkey Vulture","18_TX","USA",150000
"Turkey Vulture","22_KS","USA",150000
"Turkey Vulture","34_AZ","USA",150000
"Turkey Vulture","24_KY","USA",150000
"Turkey Vulture","24_MO","USA",140000
"Turkey Vulture","21_OK","USA",140000
"Turkey Vulture","27_MS","USA",140000
"Turkey Vulture","27_GA","USA",140000
"Turkey Vulture","37_TX","USA",130000
"Turkey Vulture","9_NV","USA",130000
"Turkey Vulture","19_KS","USA",120000
"Turkey Vulture","29_VA","USA",92000
"Turkey Vulture","24_AR","USA",85000
"Turkey Vulture","27_AL","USA",85000
"Turkey Vulture","22_IA","USA",82000
"Turkey Vulture","25_AR","USA",81000
"Turkey Vulture","22_OH","USA",80000
"Turkey Vulture","22_IL","USA",80000
"Turkey Vulture","9_OR","USA",74000
"Turkey Vulture","27_FL","USA",71000
"Turkey Vulture","24_TN","USA",71000
"Turkey Vulture","29_NC","USA",71000
"Turkey Vulture","25_LA","USA",68000
"Turkey Vulture","18_NM","USA",68000
"Turkey Vulture","13_ON","CAN",67000
"Turkey Vulture","28_PA","USA",67000
"Turkey Vulture","28_WV","USA",64000
"Turkey Vulture","16_NM","USA",60000
"Turkey Vulture","28_VA","USA",58000
"Turkey Vulture","30_MD","USA",55000
"Turkey Vulture","19_NE","USA",54000
"Turkey Vulture","27_SC","USA",54000
"Turkey Vulture","25_OK","USA",54000
"Turkey Vulture","23_WI","USA",53000
"Turkey Vulture","29_GA","USA",53000
"Turkey Vulture","28_OH","USA",52000
"Turkey Vulture","5_OR","USA",50000
"Turkey Vulture","24_IN","USA",50000
"Turkey Vulture","23_MI","USA",46000
"Turkey Vulture","27_VA","USA",41000
"Turkey Vulture","27_TN","USA",37000
"Turkey Vulture","22_NE","USA",37000
"Turkey Vulture","12_ON","CAN",36000
"Turkey Vulture","22_OK","USA",35000
"Turkey Vulture","33_CA","USA",34000
"Turkey Vulture","13_OH","USA",34000
"Turkey Vulture","5_CA","USA",33000
"Turkey Vulture","12_QC","CAN",33000
"Turkey Vulture","22_IN","USA",32000
"Turkey Vulture","24_IL","USA",31000
"Turkey Vulture","17_WY","USA",31000
"Turkey Vulture","28_AL","USA",30000
"Turkey Vulture","30_DE","USA",29000
"Turkey Vulture","9_CA","USA",28000
"Turkey Vulture","26_LA","USA",26000
"Turkey Vulture","12_MI","USA",25000
"Turkey Vulture","16_AZ","USA",24000
"Turkey Vulture","16_CO","USA",24000
"Turkey Vulture","16_UT","USA",24000
"Turkey Vulture","28_KY","USA",23000
"Turkey Vulture","9_UT","USA",23000
"Turkey Vulture","34_NM","USA",23000
"Turkey Vulture","24_OK","USA",23000
"Turkey Vulture","5_BC","CAN",22000
"Turkey Vulture","13_NY","USA",19000
"Turkey Vulture","30_NJ","USA",19000
"Turkey Vulture","29_SC","USA",19000
"Turkey Vulture","28_TN","USA",19000
"Turkey Vulture","37_LA","USA",18000
"Turkey Vulture","9_ID","USA",18000
"Turkey Vulture","17_SD","USA",17000
"Turkey Vulture","29_PA","USA",15000
"Turkey Vulture","5_WA","USA",15000
"Turkey Vulture","8_ON","CAN",15000
"Turkey Vulture","10_WY","USA",14000
"Turkey Vulture","17_MT","USA",13000
"Turkey Vulture","23_IN","USA",13000
"Turkey Vulture","27_LA","USA",13000
"Turkey Vulture","18_CO","USA",13000
"Turkey Vulture","26_MS","USA",12000
"Turkey Vulture","9_WA","USA",11000
"Turkey Vulture","18_KS","USA",11000
"Turkey Vulture","23_MN","USA",10000
"Turkey Vulture","15_CA","USA",10000
"Turkey Vulture","18_OK","USA",10000
"Turkey Vulture","24_AL","USA",9800
"Turkey Vulture","29_MD","USA",9500
"Turkey Vulture","28_NC","USA",8600
"Turkey Vulture","10_CO","USA",7800
"Turkey Vulture","16_WY","USA",7600
"Turkey Vulture","26_AR","USA",7400
"Turkey Vulture","12_MN","USA",7400
"Turkey Vulture","10_BC","CAN",7400
"Turkey Vulture","28_NY","USA",7300
"Turkey Vulture","17_ND","USA",7200
"Turkey Vulture","27_KY","USA",6900
"Turkey Vulture","11_IA","USA",6800
"Turkey Vulture","22_MN","USA",6400
"Turkey Vulture","28_GA","USA",6000
"Turkey Vulture","29_AL","USA",5800
"Turkey Vulture","30_VA","USA",5800
"Turkey Vulture","10_ID","USA",5200
"Turkey Vulture","18_NE","USA",5200
"Turkey Vulture","11_SK","CAN",5100
"Turkey Vulture","28_MD","USA",5000
"Turkey Vulture","29_NJ","USA",4900
"Turkey Vulture","11_MN","USA",4400
"Turkey Vulture","28_NJ","USA",4400
"Turkey Vulture","14_QC","CAN",4400
"Turkey Vulture","10_MT","USA",4300
"Turkey Vulture","9_BC","CAN",4000
"Turkey Vulture","10_OR","USA",4000
"Turkey Vulture","10_UT","USA",3800
"Turkey Vulture","11_SD","USA",3800
"Turkey Vulture","33_NV","USA",3800
"Turkey Vulture","11_NE","USA",3600
"Turkey Vulture","13_PA","USA",3500
"Turkey Vulture","6_SK","CAN",3500
"Turkey Vulture","13_QC","CAN",3400
"Turkey Vulture","6_MB","CAN",3000
"Turkey Vulture","14_NY","USA",3000
"Turkey Vulture","12_MB","CAN",2900
"Turkey Vulture","12_WI","USA",2900
"Turkey Vulture","24_OH","USA",2600
"Turkey Vulture","14_ME","USA",2600
"Turkey Vulture","10_WA","USA",2600
"Turkey Vulture","8_QC","CAN",2500
"Turkey Vulture","23_IA","USA",2400
"Turkey Vulture","14_VT","USA",2300
"Turkey Vulture","13_VT","USA",2100
"Turkey Vulture","35_AZ","USA",2100
"Turkey Vulture","11_MB","CAN",2000
"Turkey Vulture","30_CT","USA",2000
"Turkey Vulture","30_MA","USA",2000
"Turkey Vulture","26_MO","USA",1900
"Turkey Vulture","30_RI","USA",1800
"Turkey Vulture","14_NH","USA",1800
"Turkey Vulture","22_MI","USA",1800
"Turkey Vulture","26_TN","USA",1800
"Turkey Vulture","11_ND","USA",1700
"Turkey Vulture","11_MT","USA",1500
"Turkey Vulture","23_IL","USA",1400
"Turkey Vulture","28_CT","USA",930
"Turkey Vulture","18_WY","USA",920
"Turkey Vulture","21_KS","USA",830
"Turkey Vulture","14_MA","USA",820
"Turkey Vulture","17_NE","USA",800
"Turkey Vulture","28_MA","USA",720
"Turkey Vulture","14_NB","CAN",650
"Turkey Vulture","30_PA","USA",580
"Turkey Vulture","19_SD","USA",520
"Turkey Vulture","11_AB","CAN",460
"Turkey Vulture","18_SD","USA",360
"Turkey Vulture","6_AB","CAN",350
"Turkey Vulture","28_SC","USA",320
"Turkey Vulture","24_KS","USA",310
"Turkey Vulture","8_MB","CAN",300
"Turkey Vulture","29_DE","USA",280
"Turkey Vulture","30_NH","USA",240
"Turkey Vulture","29_NY","USA",210
"Turkey Vulture","15_NV","USA",200
"Turkey Vulture","14_NS","CAN",190
"Turkey Vulture","16_ID","USA",160
"Turkey Vulture","26_KY","USA",140
"Turkey Vulture","23_OH","USA",110
"Turkey Vulture","22_WI","USA",110
"Turkey Vulture","26_IL","USA",86
"Turkey Vulture","16_NV","USA",70
"Turkey Vulture","37_MS","USA",65
"Turkey Vulture","33_UT","USA",46
"Turkey Vulture","14_CT","USA",26
"Turkey Vulture","30_NY","USA",21
"Turkey Vulture","9_WY","USA",20
"Turkey Vulture","30_VT","USA",4
"California Condor","16_AZ","USA",NA
"Osprey","31_FL","USA",46000
"Osprey","10_BC","CAN",40000
"Osprey","7_QC","CAN",26000
"Osprey","7_NL","CAN",18000
"Osprey","4_AK","USA",17000
"Osprey","10_ID","USA",14000
"Osprey","7_ON","CAN",14000
"Osprey","30_MD","USA",13000
"Osprey","10_MT","USA",9800
"Osprey","14_NB","CAN",9100
"Osprey","9_BC","CAN",8800
"Osprey","9_WA","USA",8600
"Osprey","5_OR","USA",8400
"Osprey","8_NL","CAN",8300
"Osprey","32_CA","USA",8300
"Osprey","6_AB","CAN",8200
"Osprey","27_AL","USA",7700
"Osprey","8_QC","CAN",6700
"Osprey","5_CA","USA",6500
"Osprey","5_BC","CAN",6500
"Osprey","10_WY","USA",5300
"Osprey","27_NC","USA",5200
"Osprey","5_WA","USA",5100
"Osprey","27_VA","USA",5000
"Osprey","8_ON","CAN",4400
"Osprey","27_FL","USA",4200
"Osprey","9_OR","USA",4100
"Osprey","13_ON","CAN",3900
"Osprey","30_NJ","USA",3700
"Osprey","15_CA","USA",3600
"Osprey","16_UT","USA",3400
"Osprey","9_ID","USA",3200
"Osprey","34_AZ","USA",2600
"Osprey","17_MT","USA",2600
"Osprey","14_ME","USA",2400
"Osprey","6_NT","CAN",2300
"Osprey","14_PE","CAN",2300
"Osprey","23_WI","USA",2100
"Osprey","8_MB","CAN",2000
"Osprey","12_MN","USA",1900
"Osprey","17_SD","USA",1900
"Osprey","14_NS","CAN",1800
"Osprey","27_GA","USA",1600
"Osprey","12_WI","USA",1600
"Osprey","28_TN","USA",1600
"Osprey","10_AB","CAN",1500
"Osprey","30_NY","USA",1500
"Osprey","33_AZ","USA",1500
"Osprey","8_SK","CAN",1500
"Osprey","28_PA","USA",1400
"Osprey","6_SK","CAN",1400
"Osprey","12_ON","CAN",1300
"Osprey","16_CO","USA",1300
"Osprey","26_LA","USA",1300
"Osprey","30_VA","USA",1200
"Osprey","13_NY","USA",1200
"Osprey","10_WA","USA",1100
"Osprey","4_YT","CAN",1100
"Osprey","12_QC","CAN",1100
"Osprey","29_GA","USA",1100
"Osprey","9_CA","USA",1000
"Osprey","16_NM","USA",970
"Osprey","30_MA","USA",940
"Osprey","23_MI","USA",860
"Osprey","3_NU","CAN",840
"Osprey","30_CT","USA",820
"Osprey","28_AL","USA",790
"Osprey","13_VT","USA",760
"Osprey","30_DE","USA",720
"Osprey","10_OR","USA",720
"Osprey","23_MN","USA",710
"Osprey","37_LA","USA",660
"Osprey","14_QC","CAN",600
"Osprey","24_KY","USA",590
"Osprey","29_VA","USA",500
"Osprey","9_NV","USA",470
"Osprey","29_NC","USA",450
"Osprey","25_LA","USA",370
"Osprey","29_MD","USA",310
"Osprey","24_AL","USA",310
"Osprey","6_MB","CAN",280
"Osprey","12_MI","USA",270
"Osprey","29_SC","USA",260
"Osprey","14_NY","USA",250
"Osprey","23_IN","USA",210
"Osprey","13_PA","USA",190
"Osprey","24_IL","USA",190
"Osprey","24_IN","USA",170
"Osprey","28_WV","USA",170
"Osprey","7_AB","CAN",160
"Osprey","3_NT","CAN",160
"Osprey","11_AB","CAN",160
"Osprey","14_NH","USA",150
"Osprey","28_GA","USA",140
"Osprey","15_NV","USA",140
"Osprey","26_TN","USA",140
"Osprey","27_MS","USA",130
"Osprey","5_AK","USA",130
"Osprey","17_WY","USA",130
"Osprey","18_CO","USA",130
"Osprey","13_QC","CAN",130
"Osprey","30_PA","USA",110
"Osprey","30_NH","USA",98
"Osprey","9_UT","USA",96
"Osprey","27_TN","USA",93
"Osprey","27_SC","USA",87
"Osprey","21_TX","USA",79
"Osprey","28_VA","USA",73
"Osprey","28_OH","USA",70
"Osprey","25_AR","USA",60
"Osprey","24_TN","USA",51
"Osprey","6_YT","CAN",49
"Osprey","13_OH","USA",46
"Osprey","16_ID","USA",42
"Osprey","28_NJ","USA",36
"Osprey","12_MB","CAN",35
"Osprey","14_VT","USA",22
"Osprey","26_KY","USA",19
"Osprey","9_WY","USA",7
"Osprey","28_MD","USA",7
"Osprey","37_MS","USA",5
"Osprey","5_YT","CAN",4
"Osprey","3_MB","CAN",2
"White-tailed Kite","32_CA","USA",9100
"White-tailed Kite","36_TX","USA",3000
"White-tailed Kite","34_AZ","USA",880
"White-tailed Kite","35_NM","USA",680
"White-tailed Kite","37_TX","USA",430
"White-tailed Kite","34_NM","USA",330
"White-tailed Kite","33_CA","USA",320
"White-tailed Kite","21_TX","USA",210
"White-tailed Kite","5_CA","USA",210
"White-tailed Kite","5_WA","USA",170
"White-tailed Kite","5_OR","USA",88
"White-tailed Kite","35_TX","USA",76
"White-tailed Kite","20_TX","USA",73
"White-tailed Kite","25_LA","USA",72
"Swallow-tailed Kite","31_FL","USA",NA
"Swallow-tailed Kite","27_FL","USA",NA
"Swallow-tailed Kite","27_GA","USA",NA
"Swallow-tailed Kite","26_LA","USA",NA
"Swallow-tailed Kite","27_AL","USA",NA
"Swallow-tailed Kite","27_MS","USA",NA
"Swallow-tailed Kite","37_LA","USA",NA
"Swallow-tailed Kite","27_SC","USA",NA
"Swallow-tailed Kite","25_LA","USA",NA
"Swallow-tailed Kite","25_TX","USA",NA
"Swallow-tailed Kite","21_TX","USA",NA
"Swallow-tailed Kite","37_TX","USA",NA
"Swallow-tailed Kite","37_MS","USA",NA
"Golden Eagle","3_NU","CAN",NA
"Golden Eagle","9_NV","USA",NA
"Golden Eagle","10_WY","USA",NA
"Golden Eagle","3_QC","CAN",NA
"Golden Eagle","17_WY","USA",NA
"Golden Eagle","3_NT","CAN",NA
"Golden Eagle","2_AK","USA",NA
"Golden Eagle","16_UT","USA",NA
"Golden Eagle","9_UT","USA",NA
"Golden Eagle","9_OR","USA",NA
"Golden Eagle","4_BC","CAN",NA
"Golden Eagle","4_AK","USA",NA
"Golden Eagle","17_MT","USA",NA
"Golden Eagle","10_MT","USA",NA
"Golden Eagle","4_YT","CAN",NA
"Golden Eagle","32_CA","USA",NA
"Golden Eagle","16_CO","USA",NA
"Golden Eagle","9_ID","USA",NA
"Golden Eagle","11_MT","USA",NA
"Golden Eagle","16_AZ","USA",NA
"Golden Eagle","18_CO","USA",NA
"Golden Eagle","9_CA","USA",NA
"Golden Eagle","35_NM","USA",NA
"Golden Eagle","10_CO","USA",NA
"Golden Eagle","17_SD","USA",NA
"Golden Eagle","16_NM","USA",NA
"Golden Eagle","35_TX","USA",NA
"Golden Eagle","10_OR","USA",NA
"Golden Eagle","11_AB","CAN",NA
"Golden Eagle","9_WA","USA",NA
"Golden Eagle","34_NM","USA",NA
"Golden Eagle","10_AB","CAN",NA
"Golden Eagle","17_ND","USA",NA
"Golden Eagle","34_AZ","USA",NA
"Golden Eagle","33_NV","USA",NA
"Golden Eagle","15_CA","USA",NA
"Golden Eagle","9_BC","CAN",NA
"Golden Eagle","5_CA","USA",NA
"Golden Eagle","16_WY","USA",NA
"Golden Eagle","33_CA","USA",NA
"Golden Eagle","10_BC","CAN",NA
"Golden Eagle","11_SK","CAN",NA
"Golden Eagle","19_NE","USA",NA
"Golden Eagle","6_YT","CAN",NA
"Golden Eagle","10_WA","USA",NA
"Golden Eagle","18_NM","USA",NA
"Golden Eagle","5_BC","CAN",NA
"Golden Eagle","10_UT","USA",NA
"Golden Eagle","18_NE","USA",NA
"Golden Eagle","6_AB","CAN",NA
"Golden Eagle","1_AK","USA",NA
"Golden Eagle","5_AK","USA",NA
"Golden Eagle","10_ID","USA",NA
"Golden Eagle","3_MB","CAN",NA
"Golden Eagle","18_OK","USA",NA
"Golden Eagle","5_WA","USA",NA
"Golden Eagle","16_ID","USA",NA
"Golden Eagle","17_NE","USA",NA
"Golden Eagle","18_WY","USA",NA
"Golden Eagle","35_AZ","USA",NA
"Golden Eagle","18_SD","USA",NA
"Golden Eagle","15_NV","USA",NA
"Golden Eagle","16_NV","USA",NA
"Golden Eagle","33_UT","USA",NA
"Golden Eagle","19_SD","USA",NA
"Golden Eagle","9_WY","USA",NA
"Golden Eagle","7_AB","CAN",NA
"Golden Eagle","5_YT","CAN",NA
"Northern Harrier","11_SK","CAN",66000
"Northern Harrier","11_MT","USA",41000
"Northern Harrier","17_MT","USA",39000
"Northern Harrier","11_ND","USA",38000
"Northern Harrier","11_AB","CAN",36000
"Northern Harrier","9_NV","USA",36000
"Northern Harrier","9_OR","USA",32000
"Northern Harrier","7_ON","CAN",29000
"Northern Harrier","17_ND","USA",28000
"Northern Harrier","7_MB","CAN",28000
"Northern Harrier","9_ID","USA",26000
"Northern Harrier","9_UT","USA",22000
"Northern Harrier","11_SD","USA",21000
"Northern Harrier","10_WY","USA",19000
"Northern Harrier","4_AK","USA",19000
"Northern Harrier","9_WA","USA",18000
"Northern Harrier","8_SK","CAN",18000
"Northern Harrier","10_MT","USA",17000
"Northern Harrier","11_MN","USA",15000
"Northern Harrier","32_CA","USA",13000
"Northern Harrier","6_MB","CAN",13000
"Northern Harrier","6_AB","CAN",13000
"Northern Harrier","11_MB","CAN",13000
"Northern Harrier","18_CO","USA",12000
"Northern Harrier","8_QC","CAN",12000
"Northern Harrier","7_NT","CAN",10000
"Northern Harrier","2_AK","USA",8900
"Northern Harrier","3_AK","USA",8900
"Northern Harrier","17_SD","USA",8300
"Northern Harrier","6_NT","CAN",7100
"Northern Harrier","23_WI","USA",7100
"Northern Harrier","3_NU","CAN",6500
"Northern Harrier","9_CA","USA",6200
"Northern Harrier","17_WY","USA",6100
"Northern Harrier","12_MN","USA",6100
"Northern Harrier","18_KS","USA",5900
"Northern Harrier","6_SK","CAN",5700
"Northern Harrier","18_NE","USA",5200
"Northern Harrier","8_ON","CAN",5200
"Northern Harrier","23_MN","USA",4800
"Northern Harrier","10_ID","USA",4600
"Northern Harrier","6_BC","CAN",4300
"Northern Harrier","18_TX","USA",4200
"Northern Harrier","13_ON","CAN",4000
"Northern Harrier","12_QC","CAN",3800
"Northern Harrier","12_MI","USA",3400
"Northern Harrier","19_OK","USA",3400
"Northern Harrier","4_YT","CAN",3300
"Northern Harrier","8_NL","CAN",3200
"Northern Harrier","10_BC","CAN",3000
"Northern Harrier","19_KS","USA",2900
"Northern Harrier","5_OR","USA",2800
"Northern Harrier","16_UT","USA",2800
"Northern Harrier","33_CA","USA",2600
"Northern Harrier","12_ON","CAN",2500
"Northern Harrier","19_NE","USA",2500
"Northern Harrier","35_NM","USA",2500
"Northern Harrier","14_QC","CAN",2100
"Northern Harrier","16_CO","USA",1900
"Northern Harrier","5_AK","USA",1900
"Northern Harrier","12_WI","USA",1700
"Northern Harrier","7_SK","CAN",1600
"Northern Harrier","14_NB","CAN",1500
"Northern Harrier","14_NS","CAN",1400
"Northern Harrier","10_CO","USA",1400
"Northern Harrier","13_QC","CAN",1400
"Northern Harrier","18_NM","USA",1400
"Northern Harrier","10_OR","USA",1400
"Northern Harrier","16_AZ","USA",1300
"Northern Harrier","3_NT","CAN",1300
"Northern Harrier","5_CA","USA",1200
"Northern Harrier","22_IL","USA",1200
"Northern Harrier","18_WY","USA",930
"Northern Harrier","5_BC","CAN",890
"Northern Harrier","5_WA","USA",840
"Northern Harrier","21_TX","USA",710
"Northern Harrier","10_AB","CAN",680
"Northern Harrier","3_YT","CAN",630
"Northern Harrier","18_OK","USA",620
"Northern Harrier","12_MB","CAN",590
"Northern Harrier","14_ME","USA",580
"Northern Harrier","13_NY","USA",570
"Northern Harrier","24_KY","USA",520
"Northern Harrier","10_UT","USA",520
"Northern Harrier","14_NY","USA",470
"Northern Harrier","11_NE","USA",470
"Northern Harrier","22_MO","USA",450
"Northern Harrier","15_CA","USA",440
"Northern Harrier","17_NE","USA",390
"Northern Harrier","10_WA","USA",390
"Northern Harrier","21_OK","USA",390
"Northern Harrier","22_IA","USA",370
"Northern Harrier","28_PA","USA",370
"Northern Harrier","18_SD","USA",360
"Northern Harrier","23_MI","USA",350
"Northern Harrier","9_BC","CAN",330
"Northern Harrier","16_WY","USA",300
"Northern Harrier","14_PE","CAN",300
"Northern Harrier","28_NY","USA",290
"Northern Harrier","7_AB","CAN",260
"Northern Harrier","22_KS","USA",220
"Northern Harrier","19_TX","USA",220
"Northern Harrier","22_IN","USA",210
"Northern Harrier","22_OH","USA",150
"Northern Harrier","6_YT","CAN",150
"Northern Harrier","30_NJ","USA",100
"Northern Harrier","16_NM","USA",100
"Northern Harrier","20_TX","USA",95
"Northern Harrier","22_MN","USA",95
"Northern Harrier","26_AR","USA",90
"Northern Harrier","33_AZ","USA",87
"Northern Harrier","28_KY","USA",86
"Northern Harrier","35_TX","USA",84
"Northern Harrier","36_TX","USA",81
"Northern Harrier","22_NE","USA",76
"Northern Harrier","14_NH","USA",72
"Northern Harrier","23_IN","USA",67
"Northern Harrier","24_MO","USA",67
"Northern Harrier","22_OK","USA",54
"Northern Harrier","24_IN","USA",51
"Northern Harrier","30_DE","USA",51
"Northern Harrier","5_YT","CAN",49
"Northern Harrier","29_VA","USA",46
"Northern Harrier","13_OH","USA",41
"Northern Harrier","30_NY","USA",37
"Northern Harrier","28_OH","USA",35
"Northern Harrier","27_NC","USA",35
"Northern Harrier","14_VT","USA",30
"Northern Harrier","9_WY","USA",30
"Northern Harrier","30_MD","USA",30
"Northern Harrier","29_PA","USA",28
"Northern Harrier","23_IL","USA",25
"Northern Harrier","19_SD","USA",24
"Northern Harrier","16_ID","USA",19
"Northern Harrier","30_MA","USA",19
"Northern Harrier","3_MB","CAN",14
"Northern Harrier","15_NV","USA",9
"Northern Harrier","28_MD","USA",7
"Northern Harrier","16_NV","USA",6
"Northern Harrier","21_KS","USA",5
"Northern Harrier","30_PA","USA",4
"Northern Harrier","23_OH","USA",1
"Northern Harrier","29_DE","USA",1
"Sharp-shinned Hawk","8_MB","CAN",31000
"Sharp-shinned Hawk","8_SK","CAN",28000
"Sharp-shinned Hawk","6_NT","CAN",23000
"Sharp-shinned Hawk","4_AK","USA",18000
"Sharp-shinned Hawk","6_AB","CAN",16000
"Sharp-shinned Hawk","8_QC","CAN",16000
"Sharp-shinned Hawk","10_BC","CAN",15000
"Sharp-shinned Hawk","8_NL","CAN",14000
"Sharp-shinned Hawk","4_YT","CAN",11000
"Sharp-shinned Hawk","6_SK","CAN",11000
"Sharp-shinned Hawk","6_MB","CAN",9700
"Sharp-shinned Hawk","13_ON","CAN",9000
"Sharp-shinned Hawk","10_OR","USA",8300
"Sharp-shinned Hawk","12_QC","CAN",7300
"Sharp-shinned Hawk","28_PA","USA",6200
"Sharp-shinned Hawk","10_MT","USA",5700
"Sharp-shinned Hawk","11_SK","CAN",5500
"Sharp-shinned Hawk","5_AK","USA",5400
"Sharp-shinned Hawk","33_CA","USA",5300
"Sharp-shinned Hawk","14_NB","CAN",5300
"Sharp-shinned Hawk","12_ON","CAN",5200
"Sharp-shinned Hawk","14_ME","USA",4900
"Sharp-shinned Hawk","10_AB","CAN",4700
"Sharp-shinned Hawk","5_BC","CAN",4600
"Sharp-shinned Hawk","28_NY","USA",4500
"Sharp-shinned Hawk","13_NY","USA",4500
"Sharp-shinned Hawk","16_CO","USA",4400
"Sharp-shinned Hawk","19_KS","USA",4300
"Sharp-shinned Hawk","5_OR","USA",4200
"Sharp-shinned Hawk","16_UT","USA",4200
"Sharp-shinned Hawk","12_MI","USA",4000
"Sharp-shinned Hawk","9_ID","USA",4000
"Sharp-shinned Hawk","11_AB","CAN",4000
"Sharp-shinned Hawk","8_ON","CAN",3600
"Sharp-shinned Hawk","9_BC","CAN",3400
"Sharp-shinned Hawk","28_WV","USA",3400
"Sharp-shinned Hawk","34_AZ","USA",3300
"Sharp-shinned Hawk","14_QC","CAN",3200
"Sharp-shinned Hawk","32_CA","USA",3200
"Sharp-shinned Hawk","24_MO","USA",3100
"Sharp-shinned Hawk","10_ID","USA",3000
"Sharp-shinned Hawk","12_MN","USA",2800
"Sharp-shinned Hawk","24_KY","USA",2700
"Sharp-shinned Hawk","11_MB","CAN",2600
"Sharp-shinned Hawk","6_BC","CAN",2200
"Sharp-shinned Hawk","4_NT","CAN",2200
"Sharp-shinned Hawk","17_MT","USA",2100
"Sharp-shinned Hawk","9_WA","USA",2000
"Sharp-shinned Hawk","14_NS","CAN",2000
"Sharp-shinned Hawk","21_TX","USA",1900
"Sharp-shinned Hawk","12_WI","USA",1800
"Sharp-shinned Hawk","23_WI","USA",1800
"Sharp-shinned Hawk","5_WA","USA",1700
"Sharp-shinned Hawk","10_WA","USA",1600
"Sharp-shinned Hawk","13_QC","CAN",1600
"Sharp-shinned Hawk","27_TN","USA",1600
"Sharp-shinned Hawk","29_NC","USA",1600
"Sharp-shinned Hawk","17_SD","USA",1600
"Sharp-shinned Hawk","16_NM","USA",1500
"Sharp-shinned Hawk","22_KS","USA",1500
"Sharp-shinned Hawk","28_VA","USA",1500
"Sharp-shinned Hawk","23_MI","USA",1300
"Sharp-shinned Hawk","22_MO","USA",1300
"Sharp-shinned Hawk","5_CA","USA",1300
"Sharp-shinned Hawk","11_ND","USA",1200
"Sharp-shinned Hawk","17_WY","USA",1200
"Sharp-shinned Hawk","28_AL","USA",1200
"Sharp-shinned Hawk","28_KY","USA",1100
"Sharp-shinned Hawk","11_MN","USA",1000
"Sharp-shinned Hawk","22_IA","USA",990
"Sharp-shinned Hawk","9_OR","USA",980
"Sharp-shinned Hawk","30_MA","USA",970
"Sharp-shinned Hawk","29_GA","USA",960
"Sharp-shinned Hawk","24_TN","USA",940
"Sharp-shinned Hawk","22_IL","USA",890
"Sharp-shinned Hawk","29_PA","USA",890
"Sharp-shinned Hawk","14_NY","USA",830
"Sharp-shinned Hawk","18_CO","USA",800
"Sharp-shinned Hawk","25_LA","USA",780
"Sharp-shinned Hawk","9_CA","USA",770
"Sharp-shinned Hawk","12_MB","CAN",720
"Sharp-shinned Hawk","13_VT","USA",710
"Sharp-shinned Hawk","23_MN","USA",700
"Sharp-shinned Hawk","25_AR","USA",660
"Sharp-shinned Hawk","27_MS","USA",650
"Sharp-shinned Hawk","15_CA","USA",640
"Sharp-shinned Hawk","28_NC","USA",600
"Sharp-shinned Hawk","22_OK","USA",530
"Sharp-shinned Hawk","34_NM","USA",530
"Sharp-shinned Hawk","11_MT","USA",500
"Sharp-shinned Hawk","19_TX","USA",480
"Sharp-shinned Hawk","13_PA","USA",460
"Sharp-shinned Hawk","28_SC","USA",450
"Sharp-shinned Hawk","9_UT","USA",440
"Sharp-shinned Hawk","14_VT","USA",400
"Sharp-shinned Hawk","22_OH","USA",400
"Sharp-shinned Hawk","28_OH","USA",390
"Sharp-shinned Hawk","10_UT","USA",360
"Sharp-shinned Hawk","27_NC","USA",350
"Sharp-shinned Hawk","24_AR","USA",320
"Sharp-shinned Hawk","14_NH","USA",320
"Sharp-shinned Hawk","29_SC","USA",320
"Sharp-shinned Hawk","10_WY","USA",270
"Sharp-shinned Hawk","30_MD","USA",250
"Sharp-shinned Hawk","23_IN","USA",230
"Sharp-shinned Hawk","29_AL","USA",230
"Sharp-shinned Hawk","13_OH","USA",210
"Sharp-shinned Hawk","14_PE","CAN",210
"Sharp-shinned Hawk","28_GA","USA",190
"Sharp-shinned Hawk","28_CT","USA",190
"Sharp-shinned Hawk","22_IN","USA",180
"Sharp-shinned Hawk","24_AL","USA",180
"Sharp-shinned Hawk","8_AB","CAN",170
"Sharp-shinned Hawk","28_MA","USA",150
"Sharp-shinned Hawk","5_YT","CAN",140
"Sharp-shinned Hawk","14_MA","USA",120
"Sharp-shinned Hawk","30_NH","USA",110
"Sharp-shinned Hawk","30_CT","USA",110
"Sharp-shinned Hawk","28_MD","USA",100
"Sharp-shinned Hawk","29_NJ","USA",83
"Sharp-shinned Hawk","28_NJ","USA",66
"Sharp-shinned Hawk","29_MD","USA",50
"Sharp-shinned Hawk","16_ID","USA",29
"Sharp-shinned Hawk","29_DE","USA",17
"Sharp-shinned Hawk","15_NV","USA",16
"Sharp-shinned Hawk","9_WY","USA",7
"Sharp-shinned Hawk","29_NY","USA",4
"Sharp-shinned Hawk","23_OH","USA",2
"Sharp-shinned Hawk","30_VT","USA",2
"Cooper's Hawk","32_CA","USA",51000
"Cooper's Hawk","16_CO","USA",30000
"Cooper's Hawk","22_IL","USA",23000
"Cooper's Hawk","34_AZ","USA",22000
"Cooper's Hawk","24_KY","USA",21000
"Cooper's Hawk","23_WI","USA",19000
"Cooper's Hawk","22_IA","USA",18000
"Cooper's Hawk","31_FL","USA",18000
"Cooper's Hawk","22_OH","USA",17000
"Cooper's Hawk","27_AL","USA",17000
"Cooper's Hawk","21_TX","USA",17000
"Cooper's Hawk","28_PA","USA",15000
"Cooper's Hawk","27_NC","USA",14000
"Cooper's Hawk","19_KS","USA",14000
"Cooper's Hawk","24_MO","USA",13000
"Cooper's Hawk","27_MS","USA",13000
"Cooper's Hawk","29_NC","USA",13000
"Cooper's Hawk","22_IN","USA",12000
"Cooper's Hawk","27_GA","USA",12000
"Cooper's Hawk","6_SK","CAN",12000
"Cooper's Hawk","22_KS","USA",11000
"Cooper's Hawk","12_MI","USA",10000
"Cooper's Hawk","16_UT","USA",9900
"Cooper's Hawk","25_TX","USA",9800
"Cooper's Hawk","24_IN","USA",9600
"Cooper's Hawk","23_MI","USA",9400
"Cooper's Hawk","25_AR","USA",9400
"Cooper's Hawk","16_NM","USA",9200
"Cooper's Hawk","24_TN","USA",9100
"Cooper's Hawk","36_TX","USA",9000
"Cooper's Hawk","28_VA","USA",8900
"Cooper's Hawk","9_OR","USA",8800
"Cooper's Hawk","21_OK","USA",8800
"Cooper's Hawk","28_OH","USA",8700
"Cooper's Hawk","11_ND","USA",8700
"Cooper's Hawk","35_NM","USA",8600
"Cooper's Hawk","5_CA","USA",8200
"Cooper's Hawk","28_AL","USA",7800
"Cooper's Hawk","10_OR","USA",7700
"Cooper's Hawk","5_OR","USA",7000
"Cooper's Hawk","23_MN","USA",7000
"Cooper's Hawk","28_TN","USA",6900
"Cooper's Hawk","29_GA","USA",6700
"Cooper's Hawk","29_VA","USA",6700
"Cooper's Hawk","13_NY","USA",6700
"Cooper's Hawk","22_MO","USA",6300
"Cooper's Hawk","13_ON","CAN",6200
"Cooper's Hawk","26_LA","USA",6100
"Cooper's Hawk","27_FL","USA",6000
"Cooper's Hawk","10_MT","USA",5900
"Cooper's Hawk","20_TX","USA",5600
"Cooper's Hawk","9_WA","USA",5100
"Cooper's Hawk","28_KY","USA",5000
"Cooper's Hawk","19_OK","USA",4800
"Cooper's Hawk","9_ID","USA",4700
"Cooper's Hawk","29_PA","USA",4600
"Cooper's Hawk","25_LA","USA",4500
"Cooper's Hawk","13_OH","USA",4500
"Cooper's Hawk","14_ME","USA",4500
"Cooper's Hawk","33_AZ","USA",4500
"Cooper's Hawk","11_MB","CAN",4500
"Cooper's Hawk","27_TN","USA",4400
"Cooper's Hawk","28_WV","USA",4400
"Cooper's Hawk","6_AB","CAN",4300
"Cooper's Hawk","5_WA","USA",4200
"Cooper's Hawk","30_MD","USA",4100
"Cooper's Hawk","19_NE","USA",4000
"Cooper's Hawk","16_AZ","USA",4000
"Cooper's Hawk","12_QC","CAN",3900
"Cooper's Hawk","11_AB","CAN",3900
"Cooper's Hawk","34_NM","USA",3700
"Cooper's Hawk","17_MT","USA",3600
"Cooper's Hawk","10_WA","USA",3600
"Cooper's Hawk","17_SD","USA",3400
"Cooper's Hawk","11_MN","USA",3400
"Cooper's Hawk","11_SD","USA",3300
"Cooper's Hawk","22_NE","USA",3300
"Cooper's Hawk","35_TX","USA",3300
"Cooper's Hawk","24_AR","USA",3100
"Cooper's Hawk","27_VA","USA",3100
"Cooper's Hawk","19_TX","USA",3100
"Cooper's Hawk","9_NV","USA",2900
"Cooper's Hawk","23_IN","USA",2800
"Cooper's Hawk","29_SC","USA",2800
"Cooper's Hawk","30_NJ","USA",2800
"Cooper's Hawk","37_LA","USA",2700
"Cooper's Hawk","6_MB","CAN",2700
"Cooper's Hawk","10_BC","CAN",2600
"Cooper's Hawk","24_IL","USA",2600
"Cooper's Hawk","25_OK","USA",2600
"Cooper's Hawk","10_AB","CAN",2600
"Cooper's Hawk","30_DE","USA",2400
"Cooper's Hawk","11_SK","CAN",2300
"Cooper's Hawk","12_WI","USA",2300
"Cooper's Hawk","30_MA","USA",2200
"Cooper's Hawk","29_MD","USA",2200
"Cooper's Hawk","15_CA","USA",2200
"Cooper's Hawk","26_MO","USA",2100
"Cooper's Hawk","9_UT","USA",2100
"Cooper's Hawk","12_MN","USA",2100
"Cooper's Hawk","10_ID","USA",2100
"Cooper's Hawk","9_CA","USA",2000
"Cooper's Hawk","28_GA","USA",1800
"Cooper's Hawk","9_BC","CAN",1800
"Cooper's Hawk","18_NM","USA",1800
"Cooper's Hawk","28_NY","USA",1700
"Cooper's Hawk","13_PA","USA",1600
"Cooper's Hawk","22_MN","USA",1600
"Cooper's Hawk","27_LA","USA",1600
"Cooper's Hawk","27_KY","USA",1500
"Cooper's Hawk","27_SC","USA",1500
"Cooper's Hawk","37_TX","USA",1500
"Cooper's Hawk","12_MB","CAN",1500
"Cooper's Hawk","26_AR","USA",1500
"Cooper's Hawk","8_ON","CAN",1400
"Cooper's Hawk","30_CT","USA",1400
"Cooper's Hawk","17_WY","USA",1400
"Cooper's Hawk","14_VT","USA",1300
"Cooper's Hawk","14_NY","USA",1300
"Cooper's Hawk","10_WY","USA",1300
"Cooper's Hawk","12_ON","CAN",1200
"Cooper's Hawk","29_NJ","USA",1200
"Cooper's Hawk","13_QC","CAN",1200
"Cooper's Hawk","33_CA","USA",1200
"Cooper's Hawk","18_CO","USA",1100
"Cooper's Hawk","22_OK","USA",1100
"Cooper's Hawk","30_NH","USA",1100
"Cooper's Hawk","5_BC","CAN",1000
"Cooper's Hawk","11_IA","USA",990
"Cooper's Hawk","28_NC","USA",970
"Cooper's Hawk","10_CO","USA",940
"Cooper's Hawk","22_MI","USA",920
"Cooper's Hawk","16_WY","USA",910
"Cooper's Hawk","24_OK","USA",900
"Cooper's Hawk","29_AL","USA",840
"Cooper's Hawk","24_AL","USA",820
"Cooper's Hawk","14_NH","USA",700
"Cooper's Hawk","28_MD","USA",700
"Cooper's Hawk","23_IL","USA",600
"Cooper's Hawk","11_MT","USA",580
"Cooper's Hawk","11_NE","USA",550
"Cooper's Hawk","30_RI","USA",530
"Cooper's Hawk","18_NE","USA",500
"Cooper's Hawk","13_VT","USA",490
"Cooper's Hawk","14_QC","CAN",490
"Cooper's Hawk","18_TX","USA",460
"Cooper's Hawk","17_ND","USA",460
"Cooper's Hawk","28_NJ","USA",420
"Cooper's Hawk","26_TN","USA",340
"Cooper's Hawk","18_WY","USA",290
"Cooper's Hawk","30_VA","USA",290
"Cooper's Hawk","26_KY","USA",210
"Cooper's Hawk","22_WI","USA",200
"Cooper's Hawk","14_MA","USA",190
"Cooper's Hawk","17_NE","USA",160
"Cooper's Hawk","35_AZ","USA",140
"Cooper's Hawk","26_IL","USA",130
"Cooper's Hawk","14_CT","USA",120
"Cooper's Hawk","30_NY","USA",100
"Cooper's Hawk","30_PA","USA",86
"Cooper's Hawk","29_DE","USA",85
"Cooper's Hawk","16_ID","USA",67
"Cooper's Hawk","21_KS","USA",53
"Cooper's Hawk","29_NY","USA",48
"Cooper's Hawk","15_NV","USA",42
"Cooper's Hawk","19_SD","USA",39
"Cooper's Hawk","18_SD","USA",34
"Cooper's Hawk","23_OH","USA",24
"Cooper's Hawk","30_VT","USA",14
"Cooper's Hawk","24_KS","USA",13
"Cooper's Hawk","16_NV","USA",12
"Cooper's Hawk","9_WY","USA",6
"Northern Goshawk","4_AK","USA",36000
"Northern Goshawk","10_BC","CAN",16000
"Northern Goshawk","2_AK","USA",13000
"Northern Goshawk","6_NT","CAN",11000
"Northern Goshawk","8_ON","CAN",11000
"Northern Goshawk","5_AK","USA",10000
"Northern Goshawk","4_BC","CAN",10000
"Northern Goshawk","3_AK","USA",9400
"Northern Goshawk","6_AB","CAN",7000
"Northern Goshawk","16_CO","USA",6200
"Northern Goshawk","10_OR","USA",5900
"Northern Goshawk","4_YT","CAN",4700
"Northern Goshawk","34_AZ","USA",4500
"Northern Goshawk","9_OR","USA",4200
"Northern Goshawk","8_NL","CAN",4100
"Northern Goshawk","16_NM","USA",4100
"Northern Goshawk","14_NB","CAN",4000
"Northern Goshawk","12_ON","CAN",3600
"Northern Goshawk","10_WY","USA",3200
"Northern Goshawk","5_BC","CAN",2700
"Northern Goshawk","10_MT","USA",2600
"Northern Goshawk","10_ID","USA",2400
"Northern Goshawk","17_WY","USA",2000
"Northern Goshawk","14_NS","CAN",2000
"Northern Goshawk","15_CA","USA",1800
"Northern Goshawk","9_BC","CAN",1500
"Northern Goshawk","3_YT","CAN",1500
"Northern Goshawk","10_AB","CAN",1300
"Northern Goshawk","12_QC","CAN",1200
"Northern Goshawk","9_WA","USA",1200
"Northern Goshawk","35_NM","USA",1200
"Northern Goshawk","5_CA","USA",960
"Northern Goshawk","9_ID","USA",950
"Northern Goshawk","16_UT","USA",940
"Northern Goshawk","16_AZ","USA",920
"Northern Goshawk","17_SD","USA",880
"Northern Goshawk","12_MI","USA",850
"Northern Goshawk","12_MN","USA",820
"Northern Goshawk","13_QC","CAN",800
"Northern Goshawk","5_OR","USA",630
"Northern Goshawk","28_PA","USA",600
"Northern Goshawk","14_PE","CAN",580
"Northern Goshawk","11_AB","CAN",540
"Northern Goshawk","14_ME","USA",530
"Northern Goshawk","10_WA","USA",510
"Northern Goshawk","13_ON","CAN",490
"Northern Goshawk","14_NH","USA",400
"Northern Goshawk","12_MB","CAN",320
"Northern Goshawk","5_YT","CAN",260
"Northern Goshawk","11_MB","CAN",250
"Northern Goshawk","32_CA","USA",240
"Northern Goshawk","14_MA","USA",220
"Northern Goshawk","6_YT","CAN",210
"Northern Goshawk","14_NY","USA",200
"Northern Goshawk","12_WI","USA",180
"Northern Goshawk","14_VT","USA",180
"Northern Goshawk","16_WY","USA",160
"Northern Goshawk","7_AB","CAN",140
"Northern Goshawk","30_CT","USA",93
"Northern Goshawk","15_NV","USA",54
"Northern Goshawk","35_AZ","USA",30
"Northern Goshawk","16_ID","USA",7
"Northern Goshawk","16_NV","USA",3
"Northern Goshawk","9_WY","USA",2
"Bald Eagle","2_AK","USA",NA
"Bald Eagle","5_AK","USA",NA
"Bald Eagle","5_BC","CAN",NA
"Bald Eagle","4_AK","USA",NA
"Bald Eagle","10_BC","CAN",NA
"Bald Eagle","8_ON","CAN",NA
"Bald Eagle","6_NT","CAN",NA
"Bald Eagle","8_MB","CAN",NA
"Bald Eagle","8_SK","CAN",NA
"Bald Eagle","4_YT","CAN",NA
"Bald Eagle","10_MT","USA",NA
"Bald Eagle","5_WA","USA",NA
"Bald Eagle","6_MB","CAN",NA
"Bald Eagle","10_WY","USA",NA
"Bald Eagle","9_BC","CAN",NA
"Bald Eagle","3_NU","CAN",NA
"Bald Eagle","9_OR","USA",NA
"Bald Eagle","5_YT","CAN",NA
"Bald Eagle","23_WI","USA",NA
"Bald Eagle","6_BC","CAN",NA
"Bald Eagle","1_AK","USA",NA
"Bald Eagle","31_FL","USA",NA
"Bald Eagle","14_NS","CAN",NA
"Bald Eagle","17_MT","USA",NA
"Bald Eagle","9_WA","USA",NA
"Bald Eagle","7_NT","CAN",NA
"Bald Eagle","8_NL","CAN",NA
"Bald Eagle","23_MN","USA",NA
"Bald Eagle","9_CA","USA",NA
"Bald Eagle","12_MN","USA",NA
"Bald Eagle","4_BC","CAN",NA
"Bald Eagle","30_MD","USA",NA
"Bald Eagle","27_NC","USA",NA
"Bald Eagle","5_OR","USA",NA
"Bald Eagle","14_NB","CAN",NA
"Bald Eagle","12_ON","CAN",NA
"Bald Eagle","10_ID","USA",NA
"Bald Eagle","11_ND","USA",NA
"Bald Eagle","12_MI","USA",NA
"Bald Eagle","12_WI","USA",NA
"Bald Eagle","9_ID","USA",NA
"Bald Eagle","27_AL","USA",NA
"Bald Eagle","6_SK","CAN",NA
"Bald Eagle","11_MN","USA",NA
"Bald Eagle","10_WA","USA",NA
"Bald Eagle","3_NT","CAN",NA
"Bald Eagle","22_IA","USA",NA
"Bald Eagle","6_AB","CAN",NA
"Bald Eagle","10_AB","CAN",NA
"Bald Eagle","22_KS","USA",NA
"Bald Eagle","23_IA","USA",NA
"Bald Eagle","26_LA","USA",NA
"Bald Eagle","5_CA","USA",NA
"Bald Eagle","17_WY","USA",NA
"Bald Eagle","16_CO","USA",NA
"Bald Eagle","24_MO","USA",NA
"Bald Eagle","27_TN","USA",NA
"Bald Eagle","22_OH","USA",NA
"Bald Eagle","22_MO","USA",NA
"Bald Eagle","32_CA","USA",NA
"Bald Eagle","8_QC","CAN",NA
"Bald Eagle","27_VA","USA",NA
"Bald Eagle","28_PA","USA",NA
"Bald Eagle","15_CA","USA",NA
"Bald Eagle","26_AR","USA",NA
"Bald Eagle","27_FL","USA",NA
"Bald Eagle","29_VA","USA",NA
"Bald Eagle","30_DE","USA",NA
"Bald Eagle","7_SK","CAN",NA
"Bald Eagle","12_MB","CAN",NA
"Bald Eagle","6_YT","CAN",NA
"Bald Eagle","11_SK","CAN",NA
"Bald Eagle","12_QC","CAN",NA
"Bald Eagle","22_IL","USA",NA
"Bald Eagle","14_QC","CAN",NA
"Bald Eagle","19_NE","USA",NA
"Bald Eagle","7_NL","CAN",NA
"Bald Eagle","22_MN","USA",NA
"Bald Eagle","22_IN","USA",NA
"Bald Eagle","28_VA","USA",NA
"Bald Eagle","13_ON","CAN",NA
"Bald Eagle","14_PE","CAN",NA
"Bald Eagle","29_MD","USA",NA
"Bald Eagle","10_OR","USA",NA
"Bald Eagle","14_ME","USA",NA
"Bald Eagle","11_MB","CAN",NA
"Bald Eagle","11_SD","USA",NA
"Bald Eagle","11_AB","CAN",NA
"Bald Eagle","27_MS","USA",NA
"Bald Eagle","28_WV","USA",NA
"Bald Eagle","13_PA","USA",NA
"Bald Eagle","25_OK","USA",NA
"Bald Eagle","26_MO","USA",NA
"Bald Eagle","21_TX","USA",NA
"Bald Eagle","10_CO","USA",NA
"Bald Eagle","24_AL","USA",NA
"Bald Eagle","30_NJ","USA",NA
"Bald Eagle","28_NY","USA",NA
"Bald Eagle","28_AL","USA",NA
"Bald Eagle","34_AZ","USA",NA
"Bald Eagle","16_WY","USA",NA
"Bald Eagle","7_QC","CAN",NA
"Bald Eagle","21_OK","USA",NA
"Bald Eagle","16_UT","USA",NA
"Bald Eagle","25_TX","USA",NA
"Bald Eagle","14_NY","USA",NA
"Bald Eagle","26_TN","USA",NA
"Bald Eagle","30_VA","USA",NA
"Bald Eagle","37_TX","USA",NA
"Bald Eagle","27_GA","USA",NA
"Bald Eagle","24_KY","USA",NA
"Bald Eagle","26_KY","USA",NA
"Bald Eagle","24_IL","USA",NA
"Bald Eagle","11_MT","USA",NA
"Bald Eagle","13_NY","USA",NA
"Bald Eagle","17_ND","USA",NA
"Bald Eagle","11_NE","USA",NA
"Bald Eagle","13_QC","CAN",NA
"Bald Eagle","29_NC","USA",NA
"Bald Eagle","28_NJ","USA",NA
"Bald Eagle","22_NE","USA",NA
"Bald Eagle","23_MI","USA",NA
"Bald Eagle","28_TN","USA",NA
"Bald Eagle","19_KS","USA",NA
"Bald Eagle","29_GA","USA",NA
"Bald Eagle","29_SC","USA",NA
"Bald Eagle","30_CT","USA",NA
"Bald Eagle","23_IL","USA",NA
"Bald Eagle","25_AR","USA",NA
"Bald Eagle","29_PA","USA",NA
"Bald Eagle","9_UT","USA",NA
"Bald Eagle","18_CO","USA",NA
"Bald Eagle","24_IN","USA",NA
"Bald Eagle","14_NH","USA",NA
"Bald Eagle","24_OH","USA",NA
"Bald Eagle","27_KY","USA",NA
"Bald Eagle","29_NJ","USA",NA
"Bald Eagle","13_OH","USA",NA
"Bald Eagle","28_OH","USA",NA
"Bald Eagle","14_VT","USA",NA
"Bald Eagle","22_WI","USA",NA
"Bald Eagle","3_MB","CAN",NA
"Bald Eagle","8_AB","CAN",NA
"Bald Eagle","28_MD","USA",NA
"Bald Eagle","30_PA","USA",NA
"Bald Eagle","9_WY","USA",NA
"Bald Eagle","16_ID","USA",NA
"Bald Eagle","29_DE","USA",NA
"Mississippi Kite","19_OK","USA",150000
"Mississippi Kite","19_TX","USA",96000
"Mississippi Kite","26_LA","USA",61000
"Mississippi Kite","18_TX","USA",44000
"Mississippi Kite","21_OK","USA",42000
"Mississippi Kite","19_KS","USA",30000
"Mississippi Kite","27_MS","USA",29000
"Mississippi Kite","21_TX","USA",28000
"Mississippi Kite","27_GA","USA",22000
"Mississippi Kite","26_AR","USA",22000
"Mississippi Kite","25_AR","USA",22000
"Mississippi Kite","26_MS","USA",22000
"Mississippi Kite","25_LA","USA",21000
"Mississippi Kite","27_FL","USA",18000
"Mississippi Kite","25_TX","USA",15000
"Mississippi Kite","27_AL","USA",12000
"Mississippi Kite","27_SC","USA",8700
"Mississippi Kite","37_TX","USA",7800
"Mississippi Kite","27_NC","USA",7500
"Mississippi Kite","37_LA","USA",6700
"Mississippi Kite","25_OK","USA",6400
"Mississippi Kite","18_KS","USA",4600
"Mississippi Kite","27_LA","USA",4500
"Mississippi Kite","27_TN","USA",2600
"Mississippi Kite","24_IL","USA",2100
"Mississippi Kite","29_GA","USA",1700
"Mississippi Kite","31_FL","USA",1400
"Mississippi Kite","24_AR","USA",1400
"Mississippi Kite","27_VA","USA",1100
"Mississippi Kite","26_TN","USA",1000
"Mississippi Kite","18_NM","USA",810
"Mississippi Kite","22_OK","USA",720
"Mississippi Kite","27_KY","USA",370
"Mississippi Kite","28_AL","USA",340
"Mississippi Kite","22_KS","USA",310
"Mississippi Kite","24_MO","USA",290
"Mississippi Kite","26_MO","USA",230
"Mississippi Kite","34_AZ","USA",210
"Mississippi Kite","28_TN","USA",190
"Mississippi Kite","20_TX","USA",190
"Mississippi Kite","26_KY","USA",170
"Mississippi Kite","18_OK","USA",150
"Mississippi Kite","26_IL","USA",140
"Mississippi Kite","29_AL","USA",140
"Mississippi Kite","22_IL","USA",73
"Mississippi Kite","29_NC","USA",70
"Mississippi Kite","37_MS","USA",44
"Mississippi Kite","30_MD","USA",40
"Common Black Hawk","35_NM","USA",NA
"Common Black Hawk","34_AZ","USA",NA
"Common Black Hawk","16_AZ","USA",NA
"Harris's Hawk","36_TX","USA",35000
"Harris's Hawk","35_TX","USA",4700
"Harris's Hawk","37_TX","USA",4100
"Harris's Hawk","33_AZ","USA",4000
"Harris's Hawk","18_TX","USA",950
"Harris's Hawk","20_TX","USA",880
"Harris's Hawk","35_NM","USA",590
"Harris's Hawk","21_TX","USA",570
"Harris's Hawk","34_AZ","USA",380
"Harris's Hawk","18_NM","USA",310
"Red-shouldered Hawk","31_FL","USA",280000
"Red-shouldered Hawk","32_CA","USA",130000
"Red-shouldered Hawk","27_GA","USA",130000
"Red-shouldered Hawk","27_FL","USA",100000
"Red-shouldered Hawk","21_TX","USA",98000
"Red-shouldered Hawk","27_MS","USA",68000
"Red-shouldered Hawk","25_TX","USA",65000
"Red-shouldered Hawk","27_NC","USA",62000
"Red-shouldered Hawk","24_MO","USA",61000
"Red-shouldered Hawk","27_AL","USA",58000
"Red-shouldered Hawk","25_AR","USA",53000
"Red-shouldered Hawk","21_OK","USA",41000
"Red-shouldered Hawk","26_LA","USA",41000
"Red-shouldered Hawk","27_SC","USA",40000
"Red-shouldered Hawk","25_LA","USA",37000
"Red-shouldered Hawk","29_GA","USA",35000
"Red-shouldered Hawk","29_NC","USA",30000
"Red-shouldered Hawk","24_KY","USA",28000
"Red-shouldered Hawk","28_AL","USA",26000
"Red-shouldered Hawk","29_VA","USA",24000
"Red-shouldered Hawk","28_TN","USA",21000
"Red-shouldered Hawk","29_SC","USA",21000
"Red-shouldered Hawk","28_KY","USA",20000
"Red-shouldered Hawk","20_TX","USA",17000
"Red-shouldered Hawk","27_TN","USA",16000
"Red-shouldered Hawk","24_IN","USA",16000
"Red-shouldered Hawk","25_OK","USA",15000
"Red-shouldered Hawk","27_VA","USA",15000
"Red-shouldered Hawk","22_MO","USA",15000
"Red-shouldered Hawk","24_TN","USA",15000
"Red-shouldered Hawk","24_AR","USA",14000
"Red-shouldered Hawk","28_OH","USA",14000
"Red-shouldered Hawk","28_WV","USA",13000
"Red-shouldered Hawk","37_TX","USA",13000
"Red-shouldered Hawk","24_IL","USA",12000
"Red-shouldered Hawk","37_LA","USA",12000
"Red-shouldered Hawk","5_CA","USA",11000
"Red-shouldered Hawk","24_OK","USA",8300
"Red-shouldered Hawk","22_OK","USA",8200
"Red-shouldered Hawk","22_KS","USA",8100
"Red-shouldered Hawk","26_AR","USA",7600
"Red-shouldered Hawk","30_MD","USA",7300
"Red-shouldered Hawk","28_GA","USA",7100
"Red-shouldered Hawk","28_PA","USA",6600
"Red-shouldered Hawk","28_VA","USA",6500
"Red-shouldered Hawk","5_OR","USA",6400
"Red-shouldered Hawk","28_SC","USA",6200
"Red-shouldered Hawk","27_KY","USA",5700
"Red-shouldered Hawk","26_MS","USA",4600
"Red-shouldered Hawk","30_CT","USA",4200
"Red-shouldered Hawk","12_ON","CAN",4100
"Red-shouldered Hawk","13_OH","USA",4000
"Red-shouldered Hawk","22_IL","USA",4000
"Red-shouldered Hawk","29_AL","USA",3900
"Red-shouldered Hawk","12_MI","USA",3600
"Red-shouldered Hawk","29_MD","USA",3300
"Red-shouldered Hawk","27_LA","USA",3100
"Red-shouldered Hawk","23_MI","USA",3100
"Red-shouldered Hawk","22_OH","USA",2800
"Red-shouldered Hawk","28_NY","USA",2800
"Red-shouldered Hawk","23_WI","USA",2700
"Red-shouldered Hawk","19_TX","USA",2400
"Red-shouldered Hawk","28_NC","USA",2300
"Red-shouldered Hawk","15_CA","USA",2300
"Red-shouldered Hawk","24_AL","USA",2300
"Red-shouldered Hawk","12_QC","CAN",2200
"Red-shouldered Hawk","13_NY","USA",2200
"Red-shouldered Hawk","19_OK","USA",2200
"Red-shouldered Hawk","13_QC","CAN",1700
"Red-shouldered Hawk","13_PA","USA",1400
"Red-shouldered Hawk","23_MN","USA",1400
"Red-shouldered Hawk","36_TX","USA",1400
"Red-shouldered Hawk","30_MA","USA",1300
"Red-shouldered Hawk","14_ME","USA",1100
"Red-shouldered Hawk","30_VA","USA",1000
"Red-shouldered Hawk","14_NY","USA",1000
"Red-shouldered Hawk","30_RI","USA",1000
"Red-shouldered Hawk","12_WI","USA",960
"Red-shouldered Hawk","30_DE","USA",940
"Red-shouldered Hawk","33_CA","USA",900
"Red-shouldered Hawk","28_MD","USA",880
"Red-shouldered Hawk","19_KS","USA",880
"Red-shouldered Hawk","13_ON","CAN",750
"Red-shouldered Hawk","14_QC","CAN",650
"Red-shouldered Hawk","14_VT","USA",620
"Red-shouldered Hawk","22_IA","USA",610
"Red-shouldered Hawk","14_MA","USA",440
"Red-shouldered Hawk","26_TN","USA",420
"Red-shouldered Hawk","24_OH","USA",390
"Red-shouldered Hawk","26_KY","USA",360
"Red-shouldered Hawk","22_IN","USA",340
"Red-shouldered Hawk","29_PA","USA",270
"Red-shouldered Hawk","14_NH","USA",250
"Red-shouldered Hawk","5_WA","USA",250
"Red-shouldered Hawk","14_CT","USA",230
"Red-shouldered Hawk","30_NJ","USA",220
"Red-shouldered Hawk","26_IL","USA",220
"Red-shouldered Hawk","11_MN","USA",190
"Red-shouldered Hawk","14_NB","CAN",180
"Red-shouldered Hawk","30_NH","USA",170
"Red-shouldered Hawk","30_NY","USA",160
"Red-shouldered Hawk","23_IN","USA",130
"Red-shouldered Hawk","28_NJ","USA",100
"Red-shouldered Hawk","28_CT","USA",48
"Red-shouldered Hawk","37_MS","USA",45
"Red-shouldered Hawk","28_MA","USA",38
"Red-shouldered Hawk","30_PA","USA",7
"Red-shouldered Hawk","29_DE","USA",5
"Red-shouldered Hawk","30_VT","USA",3
"Red-shouldered Hawk","23_OH","USA",1
"Broad-winged Hawk","8_ON","CAN",270000
"Broad-winged Hawk","12_ON","CAN",180000
"Broad-winged Hawk","12_QC","CAN",120000
"Broad-winged Hawk","12_MN","USA",59000
"Broad-winged Hawk","8_QC","CAN",57000
"Broad-winged Hawk","12_MI","USA",51000
"Broad-winged Hawk","14_NB","CAN",45000
"Broad-winged Hawk","28_TN","USA",45000
"Broad-winged Hawk","14_ME","USA",44000
"Broad-winged Hawk","12_WI","USA",43000
"Broad-winged Hawk","24_MO","USA",42000
"Broad-winged Hawk","25_AR","USA",37000
"Broad-winged Hawk","27_AL","USA",37000
"Broad-winged Hawk","28_PA","USA",36000
"Broad-winged Hawk","28_KY","USA",33000
"Broad-winged Hawk","14_NY","USA",33000
"Broad-winged Hawk","27_MS","USA",30000
"Broad-winged Hawk","8_MB","CAN",30000
"Broad-winged Hawk","25_TX","USA",28000
"Broad-winged Hawk","14_QC","CAN",28000
"Broad-winged Hawk","25_LA","USA",26000
"Broad-winged Hawk","28_AL","USA",25000
"Broad-winged Hawk","24_AR","USA",25000
"Broad-winged Hawk","24_TN","USA",22000
"Broad-winged Hawk","27_FL","USA",21000
"Broad-winged Hawk","14_NH","USA",20000
"Broad-winged Hawk","27_LA","USA",19000
"Broad-winged Hawk","24_KY","USA",18000
"Broad-winged Hawk","10_BC","CAN",17000
"Broad-winged Hawk","6_MB","CAN",16000
"Broad-winged Hawk","28_NC","USA",16000
"Broad-winged Hawk","29_GA","USA",16000
"Broad-winged Hawk","21_OK","USA",16000
"Broad-winged Hawk","25_OK","USA",15000
"Broad-winged Hawk","12_MB","CAN",15000
"Broad-winged Hawk","28_VA","USA",15000
"Broad-winged Hawk","14_NS","CAN",13000
"Broad-winged Hawk","27_GA","USA",13000
"Broad-winged Hawk","29_NC","USA",12000
"Broad-winged Hawk","23_WI","USA",12000
"Broad-winged Hawk","28_WV","USA",11000
"Broad-winged Hawk","26_LA","USA",11000
"Broad-winged Hawk","13_ON","CAN",11000
"Broad-winged Hawk","6_AB","CAN",9700
"Broad-winged Hawk","28_NY","USA",9600
"Broad-winged Hawk","29_VA","USA",9400
"Broad-winged Hawk","21_TX","USA",8900
"Broad-winged Hawk","24_IN","USA",8400
"Broad-winged Hawk","14_VT","USA",8400
"Broad-winged Hawk","13_NY","USA",8300
"Broad-winged Hawk","28_OH","USA",7800
"Broad-winged Hawk","29_SC","USA",6600
"Broad-winged Hawk","28_GA","USA",6000
"Broad-winged Hawk","30_MA","USA",6000
"Broad-winged Hawk","11_ND","USA",5400
"Broad-winged Hawk","24_OK","USA",5000
"Broad-winged Hawk","30_CT","USA",4600
"Broad-winged Hawk","23_MN","USA",4500
"Broad-winged Hawk","17_WY","USA",3900
"Broad-winged Hawk","27_TN","USA",3800
"Broad-winged Hawk","30_NH","USA",3600
"Broad-winged Hawk","17_SD","USA",3500
"Broad-winged Hawk","13_QC","CAN",3500
"Broad-winged Hawk","14_MA","USA",3500
"Broad-winged Hawk","37_LA","USA",3400
"Broad-winged Hawk","27_NC","USA",3300
"Broad-winged Hawk","11_SK","CAN",3100
"Broad-winged Hawk","30_RI","USA",2900
"Broad-winged Hawk","28_SC","USA",2800
"Broad-winged Hawk","27_SC","USA",2300
"Broad-winged Hawk","28_MD","USA",2200
"Broad-winged Hawk","23_MI","USA",2000
"Broad-winged Hawk","22_MO","USA",1800
"Broad-winged Hawk","6_SK","CAN",1400
"Broad-winged Hawk","29_AL","USA",1400
"Broad-winged Hawk","27_VA","USA",1200
"Broad-winged Hawk","13_PA","USA",1100
"Broad-winged Hawk","24_IL","USA",1100
"Broad-winged Hawk","37_TX","USA",1000
"Broad-winged Hawk","29_PA","USA",860
"Broad-winged Hawk","30_ME","USA",730
"Broad-winged Hawk","28_NJ","USA",690
"Broad-winged Hawk","22_IL","USA",620
"Broad-winged Hawk","26_AR","USA",590
"Broad-winged Hawk","30_NJ","USA",580
"Broad-winged Hawk","24_AL","USA",530
"Broad-winged Hawk","14_CT","USA",450
"Broad-winged Hawk","11_MB","CAN",430
"Broad-winged Hawk","13_OH","USA",420
"Broad-winged Hawk","30_NY","USA",400
"Broad-winged Hawk","22_OH","USA",370
"Broad-winged Hawk","26_TN","USA",290
"Broad-winged Hawk","29_MD","USA",270
"Broad-winged Hawk","29_NJ","USA",220
"Broad-winged Hawk","26_KY","USA",200
"Broad-winged Hawk","28_CT","USA",190
"Broad-winged Hawk","30_MD","USA",190
"Broad-winged Hawk","28_MA","USA",150
"Broad-winged Hawk","26_IL","USA",130
"Broad-winged Hawk","24_KS","USA",70
"Broad-winged Hawk","30_VT","USA",47
"Broad-winged Hawk","30_PA","USA",18
"Broad-winged Hawk","29_DE","USA",16
"Broad-winged Hawk","37_MS","USA",13
"Broad-winged Hawk","29_NY","USA",10
"Swainson's Hawk","11_SK","CAN",100000
"Swainson's Hawk","18_CO","USA",75000
"Swainson's Hawk","11_AB","CAN",71000
"Swainson's Hawk","18_TX","USA",60000
"Swainson's Hawk","9_ID","USA",49000
"Swainson's Hawk","18_NM","USA",46000
"Swainson's Hawk","35_NM","USA",46000
"Swainson's Hawk","32_CA","USA",41000
"Swainson's Hawk","11_MT","USA",26000
"Swainson's Hawk","18_KS","USA",24000
"Swainson's Hawk","11_ND","USA",17000
"Swainson's Hawk","35_TX","USA",17000
"Swainson's Hawk","17_ND","USA",14000
"Swainson's Hawk","19_TX","USA",14000
"Swainson's Hawk","9_UT","USA",14000
"Swainson's Hawk","19_NE","USA",13000
"Swainson's Hawk","9_NV","USA",12000
"Swainson's Hawk","16_CO","USA",12000
"Swainson's Hawk","34_AZ","USA",11000
"Swainson's Hawk","9_WA","USA",11000
"Swainson's Hawk","18_OK","USA",9800
"Swainson's Hawk","36_TX","USA",9700
"Swainson's Hawk","10_MT","USA",9600
"Swainson's Hawk","10_WY","USA",9300
"Swainson's Hawk","17_MT","USA",9200
"Swainson's Hawk","11_SD","USA",8800
"Swainson's Hawk","19_OK","USA",8100
"Swainson's Hawk","16_NM","USA",7900
"Swainson's Hawk","17_SD","USA",7500
"Swainson's Hawk","19_KS","USA",7300
"Swainson's Hawk","11_MB","CAN",6500
"Swainson's Hawk","21_TX","USA",6200
"Swainson's Hawk","9_OR","USA",6000
"Swainson's Hawk","18_NE","USA",5600
"Swainson's Hawk","34_NM","USA",4200
"Swainson's Hawk","18_WY","USA",3700
"Swainson's Hawk","17_WY","USA",3600
"Swainson's Hawk","10_ID","USA",2700
"Swainson's Hawk","9_CA","USA",2500
"Swainson's Hawk","6_AB","CAN",2300
"Swainson's Hawk","33_AZ","USA",1700
"Swainson's Hawk","16_UT","USA",1700
"Swainson's Hawk","37_TX","USA",1100
"Swainson's Hawk","9_BC","CAN",890
"Swainson's Hawk","37_LA","USA",780
"Swainson's Hawk","16_AZ","USA",760
"Swainson's Hawk","10_AB","CAN",700
"Swainson's Hawk","6_SK","CAN",690
"Swainson's Hawk","35_AZ","USA",590
"Swainson's Hawk","10_OR","USA",540
"Swainson's Hawk","10_CO","USA",490
"Swainson's Hawk","22_KS","USA",420
"Swainson's Hawk","18_SD","USA",390
"Swainson's Hawk","11_MN","USA",380
"Swainson's Hawk","17_NE","USA",360
"Swainson's Hawk","16_WY","USA",350
"Swainson's Hawk","20_TX","USA",320
"Swainson's Hawk","10_UT","USA",220
"Swainson's Hawk","25_OK","USA",210
"Swainson's Hawk","21_OK","USA",200
"Swainson's Hawk","22_OK","USA",170
"Swainson's Hawk","24_AR","USA",150
"Swainson's Hawk","22_MN","USA",130
"Swainson's Hawk","19_SD","USA",130
"Swainson's Hawk","6_MB","CAN",120
"Swainson's Hawk","23_MN","USA",64
"Swainson's Hawk","22_MO","USA",57
"Swainson's Hawk","9_WY","USA",54
"Swainson's Hawk","25_AR","USA",49
"Swainson's Hawk","15_CA","USA",48
"Swainson's Hawk","25_LA","USA",26
"Swainson's Hawk","5_CA","USA",22
"Swainson's Hawk","16_ID","USA",12
"Swainson's Hawk","16_NV","USA",3
"Swainson's Hawk","21_KS","USA",2
"Swainson's Hawk","15_NV","USA",1
"Zone-tailed Hawk","34_AZ","USA",5100
"Zone-tailed Hawk","34_NM","USA",430
"Zone-tailed Hawk","35_TX","USA",300
"Zone-tailed Hawk","16_AZ","USA",190
"Zone-tailed Hawk","35_NM","USA",160
"Zone-tailed Hawk","35_AZ","USA",4
"Red-tailed Hawk","32_CA","USA",150000
"Red-tailed Hawk","6_AB","CAN",120000
"Red-tailed Hawk","11_SK","CAN",98000
"Red-tailed Hawk","11_AB","CAN",89000
"Red-tailed Hawk","9_OR","USA",75000
"Red-tailed Hawk","9_NV","USA",74000
"Red-tailed Hawk","19_KS","USA",70000
"Red-tailed Hawk","11_ND","USA",64000
"Red-tailed Hawk","10_MT","USA",61000
"Red-tailed Hawk","9_ID","USA",58000
"Red-tailed Hawk","9_WA","USA",55000
"Red-tailed Hawk","19_OK","USA",55000
"Red-tailed Hawk","21_TX","USA",54000
"Red-tailed Hawk","6_SK","CAN",50000
"Red-tailed Hawk","8_SK","CAN",46000
"Red-tailed Hawk","33_AZ","USA",45000
"Red-tailed Hawk","19_NE","USA",38000
"Red-tailed Hawk","11_SD","USA",38000
"Red-tailed Hawk","10_BC","CAN",37000
"Red-tailed Hawk","9_CA","USA",36000
"Red-tailed Hawk","17_MT","USA",36000
"Red-tailed Hawk","18_CO","USA",36000
"Red-tailed Hawk","11_MB","CAN",36000
"Red-tailed Hawk","16_CO","USA",36000
"Red-tailed Hawk","22_IL","USA",34000
"Red-tailed Hawk","10_WY","USA",34000
"Red-tailed Hawk","34_AZ","USA",32000
"Red-tailed Hawk","22_KS","USA",31000
"Red-tailed Hawk","6_NT","CAN",31000
"Red-tailed Hawk","22_MO","USA",30000
"Red-tailed Hawk","35_NM","USA",29000
"Red-tailed Hawk","9_UT","USA",28000
"Red-tailed Hawk","6_MB","CAN",27000
"Red-tailed Hawk","16_AZ","USA",27000
"Red-tailed Hawk","33_CA","USA",26000
"Red-tailed Hawk","35_TX","USA",26000
"Red-tailed Hawk","22_IA","USA",25000
"Red-tailed Hawk","8_MB","CAN",25000
"Red-tailed Hawk","19_TX","USA",24000
"Red-tailed Hawk","16_NM","USA",23000
"Red-tailed Hawk","11_MN","USA",22000
"Red-tailed Hawk","17_SD","USA",22000
"Red-tailed Hawk","23_WI","USA",22000
"Red-tailed Hawk","27_MS","USA",20000
"Red-tailed Hawk","10_OR","USA",20000
"Red-tailed Hawk","17_WY","USA",20000
"Red-tailed Hawk","16_UT","USA",20000
"Red-tailed Hawk","4_AK","USA",20000
"Red-tailed Hawk","24_MO","USA",19000
"Red-tailed Hawk","28_PA","USA",18000
"Red-tailed Hawk","21_OK","USA",18000
"Red-tailed Hawk","5_OR","USA",18000
"Red-tailed Hawk","10_ID","USA",17000
"Red-tailed Hawk","18_NE","USA",17000
"Red-tailed Hawk","22_OH","USA",17000
"Red-tailed Hawk","4_YT","CAN",16000
"Red-tailed Hawk","20_TX","USA",16000
"Red-tailed Hawk","24_KY","USA",15000
"Red-tailed Hawk","8_ON","CAN",14000
"Red-tailed Hawk","23_MI","USA",12000
"Red-tailed Hawk","18_NM","USA",12000
"Red-tailed Hawk","17_ND","USA",12000
"Red-tailed Hawk","23_MN","USA",11000
"Red-tailed Hawk","9_BC","CAN",11000
"Red-tailed Hawk","6_BC","CAN",11000
"Red-tailed Hawk","26_MS","USA",11000
"Red-tailed Hawk","5_CA","USA",11000
"Red-tailed Hawk","5_BC","CAN",11000
"Red-tailed Hawk","29_NC","USA",11000
"Red-tailed Hawk","5_WA","USA",11000
"Red-tailed Hawk","18_TX","USA",10000
"Red-tailed Hawk","27_GA","USA",10000
"Red-tailed Hawk","27_NC","USA",9700
"Red-tailed Hawk","13_ON","CAN",9600
"Red-tailed Hawk","7_ON","CAN",8900
"Red-tailed Hawk","28_OH","USA",8900
"Red-tailed Hawk","26_AR","USA",8700
"Red-tailed Hawk","36_TX","USA",8700
"Red-tailed Hawk","24_TN","USA",8200
"Red-tailed Hawk","22_IN","USA",8000
"Red-tailed Hawk","29_GA","USA",8000
"Red-tailed Hawk","25_TX","USA",7900
"Red-tailed Hawk","15_CA","USA",7800
"Red-tailed Hawk","27_AL","USA",7700
"Red-tailed Hawk","11_IA","USA",7600
"Red-tailed Hawk","33_NV","USA",7600
"Red-tailed Hawk","7_NL","CAN",7600
"Red-tailed Hawk","13_NY","USA",7600
"Red-tailed Hawk","24_AR","USA",7500
"Red-tailed Hawk","18_KS","USA",7400
"Red-tailed Hawk","10_WA","USA",7300
"Red-tailed Hawk","11_MT","USA",7200
"Red-tailed Hawk","8_QC","CAN",6900
"Red-tailed Hawk","28_AL","USA",6800
"Red-tailed Hawk","25_AR","USA",6700
"Red-tailed Hawk","24_IN","USA",6700
"Red-tailed Hawk","31_FL","USA",6500
"Red-tailed Hawk","13_OH","USA",6400
"Red-tailed Hawk","27_TN","USA",6300
"Red-tailed Hawk","22_NE","USA",6200
"Red-tailed Hawk","25_OK","USA",6200
"Red-tailed Hawk","22_OK","USA",6200
"Red-tailed Hawk","11_NE","USA",6100
"Red-tailed Hawk","25_LA","USA",5700
"Red-tailed Hawk","28_WV","USA",5700
"Red-tailed Hawk","24_IL","USA",5600
"Red-tailed Hawk","26_LA","USA",5400
"Red-tailed Hawk","12_MN","USA",5400
"Red-tailed Hawk","18_WY","USA",5000
"Red-tailed Hawk","37_TX","USA",4800
"Red-tailed Hawk","34_NM","USA",4700
"Red-tailed Hawk","10_AB","CAN",4600
"Red-tailed Hawk","29_SC","USA",4400
"Red-tailed Hawk","28_NY","USA",4400
"Red-tailed Hawk","23_IN","USA",4000
"Red-tailed Hawk","28_VA","USA",3900
"Red-tailed Hawk","37_LA","USA",3800
"Red-tailed Hawk","29_VA","USA",3800
"Red-tailed Hawk","28_TN","USA",3500
"Red-tailed Hawk","4_NT","CAN",3500
"Red-tailed Hawk","12_MI","USA",3500
"Red-tailed Hawk","29_PA","USA",3400
"Red-tailed Hawk","27_SC","USA",3300
"Red-tailed Hawk","10_CO","USA",3200
"Red-tailed Hawk","27_FL","USA",3100
"Red-tailed Hawk","12_QC","CAN",3000
"Red-tailed Hawk","26_MO","USA",3000
"Red-tailed Hawk","22_MN","USA",2900
"Red-tailed Hawk","30_MD","USA",2600
"Red-tailed Hawk","27_VA","USA",2600
"Red-tailed Hawk","18_OK","USA",2500
"Red-tailed Hawk","12_ON","CAN",2500
"Red-tailed Hawk","7_AB","CAN",2500
"Red-tailed Hawk","28_KY","USA",2500
"Red-tailed Hawk","13_PA","USA",2200
"Red-tailed Hawk","30_NJ","USA",2000
"Red-tailed Hawk","24_OK","USA",1900
"Red-tailed Hawk","5_AK","USA",1800
"Red-tailed Hawk","23_IA","USA",1800
"Red-tailed Hawk","28_GA","USA",1800
"Red-tailed Hawk","10_UT","USA",1800
"Red-tailed Hawk","16_WY","USA",1700
"Red-tailed Hawk","14_ME","USA",1600
"Red-tailed Hawk","30_DE","USA",1500
"Red-tailed Hawk","12_WI","USA",1500
"Red-tailed Hawk","28_NC","USA",1500
"Red-tailed Hawk","29_MD","USA",1400
"Red-tailed Hawk","30_CT","USA",1400
"Red-tailed Hawk","7_NT","CAN",1300
"Red-tailed Hawk","12_MB","CAN",1300
"Red-tailed Hawk","14_NS","CAN",1200
"Red-tailed Hawk","18_SD","USA",1200
"Red-tailed Hawk","24_AL","USA",1200
"Red-tailed Hawk","4_BC","CAN",1100
"Red-tailed Hawk","17_NE","USA",1000
"Red-tailed Hawk","23_IL","USA",960
"Red-tailed Hawk","30_MA","USA",960
"Red-tailed Hawk","27_LA","USA",940
"Red-tailed Hawk","14_NY","USA",880
"Red-tailed Hawk","27_KY","USA",850
"Red-tailed Hawk","29_NJ","USA",840
"Red-tailed Hawk","28_NJ","USA",820
"Red-tailed Hawk","14_NB","CAN",690
"Red-tailed Hawk","29_AL","USA",680
"Red-tailed Hawk","14_QC","CAN",680
"Red-tailed Hawk","22_MI","USA",660
"Red-tailed Hawk","28_MD","USA",630
"Red-tailed Hawk","7_SK","CAN",540
"Red-tailed Hawk","26_TN","USA",530
"Red-tailed Hawk","24_OH","USA",420
"Red-tailed Hawk","30_VA","USA",400
"Red-tailed Hawk","30_RI","USA",400
"Red-tailed Hawk","14_NH","USA",380
"Red-tailed Hawk","35_AZ","USA",370
"Red-tailed Hawk","19_SD","USA",370
"Red-tailed Hawk","13_QC","CAN",350
"Red-tailed Hawk","14_VT","USA",310
"Red-tailed Hawk","22_WI","USA",270
"Red-tailed Hawk","30_NH","USA",230
"Red-tailed Hawk","14_MA","USA",210
"Red-tailed Hawk","30_NY","USA",200
"Red-tailed Hawk","26_KY","USA",200
"Red-tailed Hawk","13_VT","USA",170
"Red-tailed Hawk","28_SC","USA",160
"Red-tailed Hawk","15_NV","USA",150
"Red-tailed Hawk","16_ID","USA",130
"Red-tailed Hawk","26_IL","USA",120
"Red-tailed Hawk","8_NL","CAN",120
"Red-tailed Hawk","21_KS","USA",110
"Red-tailed Hawk","28_CT","USA",95
"Red-tailed Hawk","33_UT","USA",93
"Red-tailed Hawk","16_NV","USA",76
"Red-tailed Hawk","28_MA","USA",74
"Red-tailed Hawk","9_WY","USA",65
"Red-tailed Hawk","29_DE","USA",63
"Red-tailed Hawk","30_PA","USA",62
"Red-tailed Hawk","5_YT","CAN",47
"Red-tailed Hawk","29_NY","USA",36
"Red-tailed Hawk","23_OH","USA",34
"Red-tailed Hawk","14_PE","CAN",32
"Red-tailed Hawk","24_KS","USA",27
"Red-tailed Hawk","30_ME","USA",20
"Red-tailed Hawk","14_CT","USA",18
"Red-tailed Hawk","37_MS","USA",14
"Red-tailed Hawk","30_VT","USA",3
"Rough-legged Hawk","3_NU","CAN",160000
"Rough-legged Hawk","2_AK","USA",36000
"Rough-legged Hawk","3_QC","CAN",34000
"Rough-legged Hawk","3_NT","CAN",31000
"Rough-legged Hawk","4_AK","USA",19000
"Rough-legged Hawk","4_YT","CAN",12000
"Rough-legged Hawk","3_AK","USA",2000
"Rough-legged Hawk","8_NL","CAN",1200
"Rough-legged Hawk","6_YT","CAN",280
"Rough-legged Hawk","3_MB","CAN",240
"Rough-legged Hawk","3_YT","CAN",190
"Rough-legged Hawk","1_AK","USA",19
"Ferruginous Hawk","11_MT","USA",15000
"Ferruginous Hawk","18_CO","USA",11000
"Ferruginous Hawk","11_AB","CAN",10000
"Ferruginous Hawk","11_SK","CAN",10000
"Ferruginous Hawk","9_NV","USA",8300
"Ferruginous Hawk","17_MT","USA",8300
"Ferruginous Hawk","10_WY","USA",6800
"Ferruginous Hawk","10_MT","USA",5600
"Ferruginous Hawk","17_WY","USA",4400
"Ferruginous Hawk","9_UT","USA",3700
"Ferruginous Hawk","11_ND","USA",3100
"Ferruginous Hawk","9_ID","USA",3100
"Ferruginous Hawk","18_NM","USA",3000
"Ferruginous Hawk","9_OR","USA",2900
"Ferruginous Hawk","17_SD","USA",1800
"Ferruginous Hawk","18_KS","USA",1700
"Ferruginous Hawk","16_NM","USA",1200
"Ferruginous Hawk","18_TX","USA",1200
"Ferruginous Hawk","17_ND","USA",1000
"Ferruginous Hawk","11_SD","USA",890
"Ferruginous Hawk","18_NE","USA",850
"Ferruginous Hawk","11_MB","CAN",690
"Ferruginous Hawk","19_KS","USA",610
"Ferruginous Hawk","16_UT","USA",570
"Ferruginous Hawk","10_ID","USA",420
"Ferruginous Hawk","18_OK","USA",360
"Ferruginous Hawk","16_CO","USA",350
"Ferruginous Hawk","10_AB","CAN",250
"Ferruginous Hawk","9_CA","USA",220
"Ferruginous Hawk","10_UT","USA",220
"Ferruginous Hawk","19_NE","USA",190
"Ferruginous Hawk","16_WY","USA",180
"Ferruginous Hawk","10_OR","USA",140
"Ferruginous Hawk","9_WA","USA",130
"Ferruginous Hawk","17_NE","USA",84
"Ferruginous Hawk","34_NM","USA",66
"Ferruginous Hawk","18_SD","USA",61
"Ferruginous Hawk","18_WY","USA",32
"Ferruginous Hawk","16_ID","USA",5
"Ferruginous Hawk","9_WY","USA",4
"Ferruginous Hawk","19_SD","USA",4
"Barn Owl","18_TX","USA",28000
"Barn Owl","32_CA","USA",19000
"Barn Owl","9_OR","USA",7000
"Barn Owl","19_TX","USA",6100
"Barn Owl","26_AR","USA",6100
"Barn Owl","35_TX","USA",5300
"Barn Owl","31_FL","USA",4900
"Barn Owl","19_OK","USA",4700
"Barn Owl","10_ID","USA",4300
"Barn Owl","9_ID","USA",4200
"Barn Owl","9_CA","USA",3900
"Barn Owl","34_AZ","USA",3400
"Barn Owl","18_CO","USA",3100
"Barn Owl","18_NM","USA",3000
"Barn Owl","18_NE","USA",2900
"Barn Owl","18_KS","USA",2800
"Barn Owl","33_AZ","USA",2800
"Barn Owl","9_UT","USA",2600
"Barn Owl","19_NE","USA",1700
"Barn Owl","21_TX","USA",1500
"Barn Owl","35_NM","USA",1400
"Barn Owl","9_WA","USA",1300
"Barn Owl","37_TX","USA",1200
"Barn Owl","33_CA","USA",1200
"Barn Owl","5_WA","USA",1100
"Barn Owl","16_CO","USA",1100
"Barn Owl","24_KY","USA",940
"Barn Owl","21_OK","USA",910
"Barn Owl","26_MS","USA",820
"Barn Owl","37_LA","USA",820
"Barn Owl","36_TX","USA",790
"Barn Owl","19_KS","USA",730
"Barn Owl","10_OR","USA",630
"Barn Owl","27_FL","USA",480
"Barn Owl","18_SD","USA",200
"Barn Owl","30_MD","USA",92
"Barn Owl","35_AZ","USA",18
"Barn Owl","19_SD","USA",16
"Barn Owl","21_KS","USA",6
"Barn Owl","37_MS","USA",3
"Flammulated Owl","10_WA","USA",3800
"Flammulated Owl","10_OR","USA",2800
"Flammulated Owl","9_CA","USA",2700
"Flammulated Owl","16_CO","USA",1700
"Western Screech-Owl","33_AZ","USA",45000
"Western Screech-Owl","32_CA","USA",17000
"Western Screech-Owl","5_CA","USA",11000
"Western Screech-Owl","9_NV","USA",9600
"Western Screech-Owl","33_CA","USA",9800
"Western Screech-Owl","9_WA","USA",8600
"Western Screech-Owl","35_NM","USA",7900
"Western Screech-Owl","5_OR","USA",7200
"Western Screech-Owl","34_AZ","USA",6400
"Western Screech-Owl","16_UT","USA",5000
"Western Screech-Owl","34_NM","USA",3700
"Western Screech-Owl","10_WA","USA",3900
"Western Screech-Owl","5_WA","USA",2500
"Western Screech-Owl","10_OR","USA",2000
"Western Screech-Owl","35_AZ","USA",100
"Western Screech-Owl","16_ID","USA",34
"Eastern Screech-Owl","28_VA","USA",39000
"Eastern Screech-Owl","25_AR","USA",32000
"Eastern Screech-Owl","31_FL","USA",30000
"Eastern Screech-Owl","19_NE","USA",26000
"Eastern Screech-Owl","27_GA","USA",25000
"Eastern Screech-Owl","27_NC","USA",18000
"Eastern Screech-Owl","24_KY","USA",16000
"Eastern Screech-Owl","19_TX","USA",16000
"Eastern Screech-Owl","25_TX","USA",16000
"Eastern Screech-Owl","27_MS","USA",14000
"Eastern Screech-Owl","27_FL","USA",14000
"Eastern Screech-Owl","19_KS","USA",13000
"Eastern Screech-Owl","28_WV","USA",13000
"Eastern Screech-Owl","21_TX","USA",11000
"Eastern Screech-Owl","28_PA","USA",9800
"Eastern Screech-Owl","19_OK","USA",9600
"Eastern Screech-Owl","24_MO","USA",9300
"Eastern Screech-Owl","29_SC","USA",8900
"Eastern Screech-Owl","22_MO","USA",8700
"Eastern Screech-Owl","28_NC","USA",8300
"Eastern Screech-Owl","18_NE","USA",7700
"Eastern Screech-Owl","13_NY","USA",7700
"Eastern Screech-Owl","27_TN","USA",7400
"Eastern Screech-Owl","20_TX","USA",7300
"Eastern Screech-Owl","13_ON","CAN",7300
"Eastern Screech-Owl","29_NJ","USA",6600
"Eastern Screech-Owl","37_TX","USA",6400
"Eastern Screech-Owl","24_TN","USA",6200
"Eastern Screech-Owl","29_VA","USA",6100
"Eastern Screech-Owl","27_AL","USA",5600
"Eastern Screech-Owl","24_IL","USA",5500
"Eastern Screech-Owl","23_WI","USA",4300
"Eastern Screech-Owl","28_TN","USA",4100
"Eastern Screech-Owl","24_IN","USA",4100
"Eastern Screech-Owl","28_OH","USA",3800
"Eastern Screech-Owl","26_LA","USA",3800
"Eastern Screech-Owl","22_KS","USA",3700
"Eastern Screech-Owl","29_NC","USA",3700
"Eastern Screech-Owl","28_NJ","USA",3600
"Eastern Screech-Owl","11_SD","USA",3500
"Eastern Screech-Owl","22_IA","USA",3100
"Eastern Screech-Owl","13_OH","USA",3100
"Eastern Screech-Owl","28_KY","USA",3100
"Eastern Screech-Owl","26_AR","USA",3000
"Eastern Screech-Owl","23_MI","USA",2900
"Eastern Screech-Owl","28_GA","USA",2700
"Eastern Screech-Owl","28_AL","USA",2300
"Eastern Screech-Owl","30_CT","USA",2300
"Eastern Screech-Owl","24_AR","USA",2300
"Eastern Screech-Owl","36_TX","USA",2200
"Eastern Screech-Owl","22_IL","USA",2200
"Eastern Screech-Owl","30_MD","USA",2000
"Eastern Screech-Owl","22_OK","USA",1800
"Eastern Screech-Owl","29_MD","USA",1700
"Eastern Screech-Owl","27_LA","USA",1700
"Eastern Screech-Owl","11_MB","CAN",1400
"Eastern Screech-Owl","12_MI","USA",1400
"Eastern Screech-Owl","29_GA","USA",1400
"Eastern Screech-Owl","25_LA","USA",1200
"Eastern Screech-Owl","14_NY","USA",990
"Eastern Screech-Owl","28_NY","USA",960
"Eastern Screech-Owl","28_MD","USA",940
"Eastern Screech-Owl","14_NH","USA",890
"Eastern Screech-Owl","24_AL","USA",860
"Eastern Screech-Owl","29_PA","USA",810
"Eastern Screech-Owl","13_PA","USA",760
"Eastern Screech-Owl","18_SD","USA",530
"Eastern Screech-Owl","30_NJ","USA",480
"Eastern Screech-Owl","29_NY","USA",280
"Eastern Screech-Owl","19_SD","USA",250
"Eastern Screech-Owl","29_DE","USA",15
"Eastern Screech-Owl","30_PA","USA",15
"Great Horned Owl","4_AK","USA",250000
"Great Horned Owl","19_KS","USA",190000
"Great Horned Owl","32_CA","USA",180000
"Great Horned Owl","8_SK","CAN",170000
"Great Horned Owl","11_SK","CAN",170000
"Great Horned Owl","36_TX","USA",140000
"Great Horned Owl","33_AZ","USA",110000
"Great Horned Owl","18_CO","USA",98000
"Great Horned Owl","19_NE","USA",95000
"Great Horned Owl","21_TX","USA",93000
"Great Horned Owl","6_NT","CAN",93000
"Great Horned Owl","11_ND","USA",82000
"Great Horned Owl","11_AB","CAN",81000
"Great Horned Owl","6_AB","CAN",76000
"Great Horned Owl","35_NM","USA",69000
"Great Horned Owl","19_OK","USA",69000
"Great Horned Owl","34_AZ","USA",68000
"Great Horned Owl","11_SD","USA",59000
"Great Horned Owl","22_KS","USA",59000
"Great Horned Owl","19_TX","USA",56000
"Great Horned Owl","10_MT","USA",56000
"Great Horned Owl","35_TX","USA",49000
"Great Horned Owl","6_SK","CAN",47000
"Great Horned Owl","9_ID","USA",43000
"Great Horned Owl","17_MT","USA",41000
"Great Horned Owl","4_BC","CAN",39000
"Great Horned Owl","9_NV","USA",39000
"Great Horned Owl","17_ND","USA",39000
"Great Horned Owl","9_OR","USA",35000
"Great Horned Owl","22_MO","USA",33000
"Great Horned Owl","9_WA","USA",32000
"Great Horned Owl","27_FL","USA",32000
"Great Horned Owl","22_IA","USA",32000
"Great Horned Owl","11_MB","CAN",31000
"Great Horned Owl","10_ID","USA",30000
"Great Horned Owl","27_GA","USA",28000
"Great Horned Owl","9_CA","USA",27000
"Great Horned Owl","37_TX","USA",27000
"Great Horned Owl","17_SD","USA",27000
"Great Horned Owl","16_CO","USA",26000
"Great Horned Owl","22_IL","USA",26000
"Great Horned Owl","10_OR","USA",25000
"Great Horned Owl","23_WI","USA",25000
"Great Horned Owl","10_WY","USA",23000
"Great Horned Owl","18_NE","USA",23000
"Great Horned Owl","24_MO","USA",22000
"Great Horned Owl","31_FL","USA",22000
"Great Horned Owl","18_NM","USA",22000
"Great Horned Owl","16_NM","USA",22000
"Great Horned Owl","34_NM","USA",22000
"Great Horned Owl","27_NC","USA",21000
"Great Horned Owl","10_BC","CAN",20000
"Great Horned Owl","27_MS","USA",20000
"Great Horned Owl","37_LA","USA",20000
"Great Horned Owl","21_OK","USA",19000
"Great Horned Owl","18_OK","USA",18000
"Great Horned Owl","25_TX","USA",18000
"Great Horned Owl","20_TX","USA",16000
"Great Horned Owl","27_AL","USA",15000
"Great Horned Owl","17_WY","USA",13000
"Great Horned Owl","18_TX","USA",13000
"Great Horned Owl","11_MT","USA",13000
"Great Horned Owl","15_CA","USA",13000
"Great Horned Owl","6_MB","CAN",13000
"Great Horned Owl","24_KY","USA",13000
"Great Horned Owl","33_CA","USA",13000
"Great Horned Owl","26_AR","USA",12000
"Great Horned Owl","29_SC","USA",12000
"Great Horned Owl","22_OK","USA",12000
"Great Horned Owl","5_OR","USA",12000
"Great Horned Owl","12_MN","USA",12000
"Great Horned Owl","4_YT","CAN",12000
"Great Horned Owl","26_MS","USA",12000
"Great Horned Owl","16_UT","USA",12000
"Great Horned Owl","33_NV","USA",11000
"Great Horned Owl","28_PA","USA",11000
"Great Horned Owl","25_AR","USA",10000
"Great Horned Owl","11_MN","USA",10000
"Great Horned Owl","22_IN","USA",9700
"Great Horned Owl","18_KS","USA",9500
"Great Horned Owl","11_NE","USA",8600
"Great Horned Owl","26_LA","USA",8500
"Great Horned Owl","9_BC","CAN",8100
"Great Horned Owl","3_AK","USA",8000
"Great Horned Owl","8_ON","CAN",7500
"Great Horned Owl","29_NC","USA",6800
"Great Horned Owl","24_TN","USA",6200
"Great Horned Owl","28_AL","USA",6100
"Great Horned Owl","30_VA","USA",6000
"Great Horned Owl","16_WY","USA",5900
"Great Horned Owl","30_MD","USA",5900
"Great Horned Owl","27_SC","USA",5800
"Great Horned Owl","11_IA","USA",5400
"Great Horned Owl","18_WY","USA",5100
"Great Horned Owl","23_MN","USA",4700
"Great Horned Owl","5_CA","USA",4700
"Great Horned Owl","16_AZ","USA",4700
"Great Horned Owl","27_VA","USA",4500
"Great Horned Owl","12_QC","CAN",4400
"Great Horned Owl","13_ON","CAN",4100
"Great Horned Owl","9_UT","USA",3900
"Great Horned Owl","28_TN","USA",3900
"Great Horned Owl","22_NE","USA",3800
"Great Horned Owl","24_AR","USA",3500
"Great Horned Owl","24_IN","USA",3400
"Great Horned Owl","28_KY","USA",3400
"Great Horned Owl","5_BC","CAN",3300
"Great Horned Owl","25_OK","USA",3100
"Great Horned Owl","29_GA","USA",3000
"Great Horned Owl","14_NB","CAN",2900
"Great Horned Owl","12_ON","CAN",2700
"Great Horned Owl","23_MI","USA",2500
"Great Horned Owl","24_IL","USA",2500
"Great Horned Owl","28_NY","USA",2400
"Great Horned Owl","10_WA","USA",2300
"Great Horned Owl","13_OH","USA",2300
"Great Horned Owl","29_PA","USA",2200
"Great Horned Owl","29_VA","USA",2100
"Great Horned Owl","10_CO","USA",2100
"Great Horned Owl","25_LA","USA",2000
"Great Horned Owl","13_NY","USA",1900
"Great Horned Owl","27_TN","USA",1800
"Great Horned Owl","22_MN","USA",1800
"Great Horned Owl","12_WI","USA",1700
"Great Horned Owl","14_QC","CAN",1600
"Great Horned Owl","30_MA","USA",1600
"Great Horned Owl","18_SD","USA",1600
"Great Horned Owl","10_AB","CAN",1500
"Great Horned Owl","26_MO","USA",1500
"Great Horned Owl","28_NC","USA",1400
"Great Horned Owl","28_WV","USA",1400
"Great Horned Owl","28_VA","USA",1400
"Great Horned Owl","27_LA","USA",1400
"Great Horned Owl","22_OH","USA",1400
"Great Horned Owl","17_NE","USA",1300
"Great Horned Owl","30_NJ","USA",1200
"Great Horned Owl","14_NY","USA",1200
"Great Horned Owl","23_IN","USA",1100
"Great Horned Owl","12_MI","USA",1100
"Great Horned Owl","28_GA","USA",1000
"Great Horned Owl","29_AL","USA",990
"Great Horned Owl","30_DE","USA",960
"Great Horned Owl","19_SD","USA",920
"Great Horned Owl","35_AZ","USA",890
"Great Horned Owl","28_SC","USA",850
"Great Horned Owl","8_AB","CAN",790
"Great Horned Owl","14_NH","USA",670
"Great Horned Owl","10_UT","USA",660
"Great Horned Owl","28_OH","USA",660
"Great Horned Owl","5_WA","USA",610
"Great Horned Owl","26_TN","USA",590
"Great Horned Owl","23_IL","USA",530
"Great Horned Owl","13_PA","USA",460
"Great Horned Owl","30_NH","USA",410
"Great Horned Owl","29_MD","USA",380
"Great Horned Owl","6_YT","CAN",370
"Great Horned Owl","14_ME","USA",330
"Great Horned Owl","22_WI","USA",320
"Great Horned Owl","15_NV","USA",250
"Great Horned Owl","29_NJ","USA",240
"Great Horned Owl","30_CT","USA",210
"Great Horned Owl","14_CT","USA",200
"Great Horned Owl","14_MA","USA",160
"Great Horned Owl","33_UT","USA",140
"Great Horned Owl","21_KS","USA",110
"Great Horned Owl","16_ID","USA",79
"Great Horned Owl","37_MS","USA",73
"Great Horned Owl","28_MD","USA",63
"Great Horned Owl","3_YT","CAN",53
"Great Horned Owl","9_WY","USA",48
"Great Horned Owl","29_DE","USA",41
"Great Horned Owl","30_PA","USA",38
"Great Horned Owl","16_NV","USA",14
"Great Horned Owl","29_NY","USA",10
"Great Horned Owl","23_OH","USA",10
"Great Horned Owl","30_VT","USA",6
"Northern Hawk Owl","4_AK","USA",53000
"Northern Hawk Owl","6_NT","CAN",33000
"Northern Hawk Owl","3_AK","USA",12000
"Northern Hawk Owl","3_YT","CAN",580
"Northern Hawk Owl","7_AB","CAN",26
"Northern Hawk Owl","4_BC","CAN",4400
"Northern Hawk Owl","10_BC","CAN",2600
"Northern Hawk Owl","5_AK","USA",1900
"Northern Hawk Owl","12_MN","USA",1400
"Northern Hawk Owl","6_MB","CAN",1300
"Northern Hawk Owl","6_AB","CAN",1300
"Northern Hawk Owl","4_YT","CAN",880
"Great Gray Owl","7_AB","CAN",240
"Northern Hawk Owl","12_MB","CAN",550
"Northern Hawk Owl","5_BC","CAN",490
"Northern Hawk Owl","4_NT","CAN",180
"Northern Hawk Owl","12_ON","CAN",180
"Northern Hawk Owl","5_YT","CAN",48
"Northern Hawk Owl","7_NL","CAN",5100
"Northern Pygmy-Owl","10_BC","CAN",28000
"Northern Pygmy-Owl","4_BC","CAN",28000
"Northern Pygmy-Owl","32_CA","USA",12000
"Northern Pygmy-Owl","15_CA","USA",8300
"Northern Pygmy-Owl","5_OR","USA",8100
"Northern Pygmy-Owl","5_BC","CAN",6500
"Northern Pygmy-Owl","34_AZ","USA",5500
"Northern Pygmy-Owl","9_OR","USA",5200
"Northern Pygmy-Owl","10_ID","USA",3700
"Northern Pygmy-Owl","5_CA","USA",3100
"Northern Pygmy-Owl","5_WA","USA",2700
"Northern Pygmy-Owl","16_CO","USA",2400
"Northern Pygmy-Owl","16_NM","USA",1800
"Northern Pygmy-Owl","10_AB","CAN",1800
"Northern Pygmy-Owl","10_WA","USA",1700
"Northern Pygmy-Owl","9_BC","CAN",1500
"Northern Pygmy-Owl","10_OR","USA",1400
"Northern Pygmy-Owl","5_AK","USA",1300
"Northern Pygmy-Owl","9_WA","USA",1000
"Northern Pygmy-Owl","6_AB","CAN",940
"Northern Pygmy-Owl","9_CA","USA",790
"Northern Pygmy-Owl","10_MT","USA",790
"Northern Pygmy-Owl","34_NM","USA",620
"Northern Pygmy-Owl","10_WY","USA",610
"Northern Pygmy-Owl","35_NM","USA",540
"Northern Pygmy-Owl","16_UT","USA",250
"Northern Pygmy-Owl","11_AB","CAN",230
"Northern Pygmy-Owl","15_NV","USA",210
"Northern Pygmy-Owl","35_AZ","USA",14
"Northern Pygmy-Owl","16_ID","USA",4
"Elf Owl","35_TX","USA",15000
"Elf Owl","35_NM","USA",5200
"Elf Owl","33_AZ","USA",5000
"Elf Owl","34_AZ","USA",3400
"Elf Owl","35_AZ","USA",140
"Burrowing Owl","18_CO","USA",280000
"Burrowing Owl","33_CA","USA",180000
"Burrowing Owl","18_TX","USA",130000
"Burrowing Owl","18_NM","USA",82000
"Burrowing Owl","18_KS","USA",31000
"Burrowing Owl","35_NM","USA",29000
"Burrowing Owl","9_UT","USA",26000
"Burrowing Owl","18_NE","USA",23000
"Burrowing Owl","16_NM","USA",20000
"Burrowing Owl","17_SD","USA",19000
"Burrowing Owl","9_NV","USA",18000
"Burrowing Owl","33_AZ","USA",17000
"Burrowing Owl","17_MT","USA",16000
"Burrowing Owl","18_OK","USA",14000
"Burrowing Owl","19_NE","USA",13000
"Burrowing Owl","32_CA","USA",9700
"Burrowing Owl","16_AZ","USA",9500
"Burrowing Owl","9_ID","USA",9300
"Burrowing Owl","35_TX","USA",8400
"Burrowing Owl","19_KS","USA",6500
"Burrowing Owl","16_UT","USA",5900
"Burrowing Owl","19_OK","USA",5600
"Burrowing Owl","9_OR","USA",5400
"Burrowing Owl","31_FL","USA",4700
"Burrowing Owl","10_WY","USA",4600
"Burrowing Owl","17_WY","USA",3400
"Burrowing Owl","19_TX","USA",3300
"Burrowing Owl","10_ID","USA",3000
"Burrowing Owl","11_MT","USA",2800
"Burrowing Owl","11_SK","CAN",2800
"Burrowing Owl","17_ND","USA",2700
"Burrowing Owl","11_SD","USA",2300
"Burrowing Owl","18_WY","USA",2300
"Burrowing Owl","34_AZ","USA",2100
"Burrowing Owl","18_SD","USA",1600
"Burrowing Owl","11_ND","USA",1200
"Burrowing Owl","17_NE","USA",890
"Burrowing Owl","9_WA","USA",710
"Burrowing Owl","16_CO","USA",650
"Burrowing Owl","11_AB","CAN",640
"Burrowing Owl","9_CA","USA",440
"Burrowing Owl","35_AZ","USA",380
"Burrowing Owl","10_MT","USA",280
"Burrowing Owl","11_MB","CAN",240
"Burrowing Owl","10_CO","USA",190
"Burrowing Owl","19_SD","USA",130
"Burrowing Owl","16_ID","USA",40
"Burrowing Owl","16_NV","USA",28
"Burrowing Owl","9_WY","USA",11
"Spotted Owl","34_AZ","USA",NA
"Spotted Owl","32_CA","USA",NA
"Barred Owl","24_MO","USA",200000
"Barred Owl","22_KS","USA",170000
"Barred Owl","31_FL","USA",170000
"Barred Owl","21_TX","USA",150000
"Barred Owl","22_MO","USA",130000
"Barred Owl","27_NC","USA",130000
"Barred Owl","27_MS","USA",130000
"Barred Owl","26_LA","USA",110000
"Barred Owl","27_FL","USA",110000
"Barred Owl","27_GA","USA",110000
"Barred Owl","25_TX","USA",100000
"Barred Owl","27_AL","USA",100000
"Barred Owl","21_OK","USA",98000
"Barred Owl","19_OK","USA",90000
"Barred Owl","12_MN","USA",74000
"Barred Owl","26_AR","USA",57000
"Barred Owl","24_KY","USA",49000
"Barred Owl","6_SK","CAN",49000
"Barred Owl","24_TN","USA",49000
"Barred Owl","23_WI","USA",48000
"Barred Owl","25_AR","USA",46000
"Barred Owl","6_AB","CAN",46000
"Barred Owl","27_SC","USA",45000
"Barred Owl","24_IL","USA",44000
"Barred Owl","5_BC","CAN",44000
"Barred Owl","28_TN","USA",42000
"Barred Owl","22_IL","USA",40000
"Barred Owl","12_WI","USA",39000
"Barred Owl","25_LA","USA",38000
"Barred Owl","8_QC","CAN",36000
"Barred Owl","28_WV","USA",35000
"Barred Owl","19_KS","USA",33000
"Barred Owl","27_VA","USA",33000
"Barred Owl","37_TX","USA",32000
"Barred Owl","12_ON","CAN",29000
"Barred Owl","14_NS","CAN",29000
"Barred Owl","22_OK","USA",28000
"Barred Owl","25_OK","USA",25000
"Barred Owl","29_NC","USA",25000
"Barred Owl","28_AL","USA",24000
"Barred Owl","10_BC","CAN",24000
"Barred Owl","22_IA","USA",23000
"Barred Owl","24_AR","USA",21000
"Barred Owl","27_LA","USA",21000
"Barred Owl","27_TN","USA",21000
"Barred Owl","12_MI","USA",20000
"Barred Owl","14_ME","USA",19000
"Barred Owl","9_BC","CAN",19000
"Barred Owl","14_NY","USA",18000
"Barred Owl","24_IN","USA",18000
"Barred Owl","28_PA","USA",18000
"Barred Owl","28_NY","USA",18000
"Barred Owl","28_GA","USA",16000
"Barred Owl","28_KY","USA",16000
"Barred Owl","29_VA","USA",16000
"Barred Owl","5_OR","USA",14000
"Barred Owl","29_GA","USA",14000
"Barred Owl","23_MI","USA",14000
"Barred Owl","12_QC","CAN",13000
"Barred Owl","24_OK","USA",13000
"Barred Owl","29_SC","USA",13000
"Barred Owl","9_WA","USA",13000
"Barred Owl","37_LA","USA",12000
"Barred Owl","28_VA","USA",12000
"Barred Owl","5_WA","USA",12000
"Barred Owl","23_MN","USA",12000
"Barred Owl","13_NY","USA",11000
"Barred Owl","8_MB","CAN",11000
"Barred Owl","26_TN","USA",9400
"Barred Owl","30_MD","USA",9000
"Barred Owl","14_NH","USA",8900
"Barred Owl","14_VT","USA",8700
"Barred Owl","14_QC","CAN",8100
"Barred Owl","24_AL","USA",7600
"Barred Owl","14_MA","USA",7400
"Barred Owl","13_OH","USA",7300
"Barred Owl","12_MB","CAN",6400
"Barred Owl","10_ID","USA",6300
"Barred Owl","20_TX","USA",5800
"Barred Owl","22_IN","USA",5700
"Barred Owl","27_KY","USA",5500
"Barred Owl","10_MT","USA",5100
"Barred Owl","14_NB","CAN",4600
"Barred Owl","28_NC","USA",4400
"Barred Owl","30_CT","USA",4300
"Barred Owl","13_ON","CAN",4200
"Barred Owl","28_OH","USA",4000
"Barred Owl","26_KY","USA",3800
"Barred Owl","30_RI","USA",3400
"Barred Owl","28_MD","USA",3300
"Barred Owl","9_ID","USA",3000
"Barred Owl","36_TX","USA",2700
"Barred Owl","5_CA","USA",2400
"Barred Owl","22_MN","USA",2400
"Barred Owl","30_NH","USA",2300
"Barred Owl","26_IL","USA",2300
"Barred Owl","11_MN","USA",2300
"Barred Owl","22_OH","USA",2200
"Barred Owl","30_MA","USA",2200
"Barred Owl","13_VT","USA",1800
"Barred Owl","6_MB","CAN",1800
"Barred Owl","24_OH","USA",1500
"Barred Owl","13_QC","CAN",1300
"Barred Owl","9_OR","USA",1200
"Barred Owl","29_MD","USA",1100
"Barred Owl","30_NJ","USA",1000
"Barred Owl","23_IN","USA",900
"Barred Owl","29_AL","USA",850
"Barred Owl","11_AB","CAN",850
"Barred Owl","13_PA","USA",770
"Barred Owl","30_DE","USA",740
"Barred Owl","21_KS","USA",580
"Barred Owl","23_IL","USA",530
"Barred Owl","14_CT","USA",400
"Barred Owl","28_CT","USA",340
"Barred Owl","28_MA","USA",260
"Barred Owl","24_KS","USA",190
"Barred Owl","37_MS","USA",45
"Barred Owl","30_PA","USA",31
"Barred Owl","30_VT","USA",30
"Barred Owl","23_OH","USA",8
"Great Gray Owl","6_NT","CAN",13000
"Great Gray Owl","6_AB","CAN",11000
"Great Gray Owl","6_SK","CAN",9200
"Great Gray Owl","4_AK","USA",5700
"Great Gray Owl","8_ON","CAN",4700
"Great Gray Owl","4_BC","CAN",4500
"Great Gray Owl","4_YT","CAN",2600
"Great Gray Owl","8_QC","CAN",2200
"Great Gray Owl","12_MN","USA",980
"Great Gray Owl","10_ID","USA",650
"Great Gray Owl","10_AB","CAN",550
"Great Gray Owl","10_BC","CAN",550
"Great Gray Owl","9_ID","USA",530
"Great Gray Owl","12_MB","CAN",350
"Great Gray Owl","11_MB","CAN",280
"Northern Hawk Owl","7_QC","CAN",8200
"Great Gray Owl","11_AB","CAN",200
"Great Gray Owl","12_WI","USA",200
"Great Gray Owl","15_CA","USA",130
"Great Gray Owl","6_YT","CAN",100
"Great Gray Owl","15_NV","USA",1.4
"Long-eared Owl","6_NT","CAN",22000
"Long-eared Owl","11_SK","CAN",23000
"Long-eared Owl","6_AB","CAN",18000
"Long-eared Owl","16_AZ","USA",16000
"Long-eared Owl","11_AB","CAN",13000
"Long-eared Owl","9_NV","USA",9200
"Long-eared Owl","32_CA","USA",8700
"Long-eared Owl","12_MN","USA",7300
"Long-eared Owl","9_WA","USA",6500
"Long-eared Owl","23_WI","USA",5700
"Long-eared Owl","16_NM","USA",4600
"Long-eared Owl","14_NB","CAN",3800
"Long-eared Owl","9_OR","USA",2800
"Long-eared Owl","10_WY","USA",2500
"Long-eared Owl","11_MN","USA",2600
"Long-eared Owl","10_WA","USA",2200
"Long-eared Owl","16_CO","USA",2100
"Long-eared Owl","8_AB","CAN",190
"Long-eared Owl","16_NV","USA",46
"Short-eared Owl","3_NU","CAN",120000
"Short-eared Owl","2_AK","USA",71000
"Short-eared Owl","17_MT","USA",51000
"Short-eared Owl","3_AK","USA",42000
"Short-eared Owl","3_QC","CAN",35000
"Short-eared Owl","9_UT","USA",27000
"Short-eared Owl","11_AB","CAN",25000
"Short-eared Owl","3_NT","CAN",23000
"Short-eared Owl","4_BC","CAN",18000
"Short-eared Owl","11_MT","USA",17000
"Short-eared Owl","17_WY","USA",16000
"Short-eared Owl","9_OR","USA",16000
"Short-eared Owl","4_AK","USA",15000
"Short-eared Owl","9_ID","USA",14000
"Short-eared Owl","6_BC","CAN",12000
"Short-eared Owl","4_YT","CAN",10000
"Short-eared Owl","10_MT","USA",9700
"Short-eared Owl","6_NT","CAN",9700
"Short-eared Owl","17_ND","USA",8800
"Short-eared Owl","9_NV","USA",8000
"Short-eared Owl","11_SK","CAN",7800
"Short-eared Owl","17_SD","USA",6100
"Short-eared Owl","10_ID","USA",5200
"Short-eared Owl","7_ON","CAN",5100
"Short-eared Owl","3_YT","CAN",3800
"Short-eared Owl","9_WA","USA",3600
"Short-eared Owl","8_NL","CAN",2900
"Short-eared Owl","11_ND","USA",2500
"Short-eared Owl","1_AK","USA",2400
"Short-eared Owl","10_WY","USA",2300
"Short-eared Owl","8_QC","CAN",2000
"Short-eared Owl","6_AB","CAN",1800
"Short-eared Owl","18_CO","USA",1800
"Short-eared Owl","12_MN","USA",1700
"Short-eared Owl","32_CA","USA",1400
"Short-eared Owl","5_AK","USA",1200
"Short-eared Owl","11_MN","USA",1100
"Short-eared Owl","6_MB","CAN",900
"Short-eared Owl","18_KS","USA",730
"Short-eared Owl","11_SD","USA",620
"Short-eared Owl","6_YT","CAN",440
"Short-eared Owl","9_CA","USA",370
"Short-eared Owl","11_MB","CAN",370
"Short-eared Owl","17_NE","USA",290
"Short-eared Owl","3_MB","CAN",260
"Short-eared Owl","10_CO","USA",240
"Short-eared Owl","10_UT","USA",180
"Short-eared Owl","10_OR","USA",160
"Short-eared Owl","12_ON","CAN",140
"Short-eared Owl","12_MB","CAN",95
"Short-eared Owl","23_WI","USA",92
"Short-eared Owl","5_YT","CAN",32
"Short-eared Owl","8_AB","CAN",19
"Short-eared Owl","9_WY","USA",16
"Boreal Owl","7_QC","CAN",NA
"Boreal Owl","10_MT","USA",NA
"Boreal Owl","8_QC","CAN",NA
"Boreal Owl","4_YT","CAN",NA
"Boreal Owl","7_NL","CAN",NA
"Boreal Owl","4_AK","USA",NA
"Boreal Owl","4_NT","CAN",NA
"Boreal Owl","16_CO","USA",NA
"Boreal Owl","12_QC","CAN",NA
"Boreal Owl","10_AB","CAN",NA
"Northern Saw-whet Owl","8_ON","CAN",NA
"Northern Saw-whet Owl","8_MB","CAN",NA
"Northern Saw-whet Owl","5_AK","USA",NA
"Northern Saw-whet Owl","10_ID","USA",NA
"Northern Saw-whet Owl","10_BC","CAN",NA
"Northern Saw-whet Owl","12_MI","USA",NA
"Northern Saw-whet Owl","6_AB","CAN",NA
"Northern Saw-whet Owl","14_NB","CAN",NA
"Northern Saw-whet Owl","34_AZ","USA",NA
"Northern Saw-whet Owl","12_QC","CAN",NA
"Northern Saw-whet Owl","8_SK","CAN",NA
"Northern Saw-whet Owl","9_BC","CAN",NA
"Northern Saw-whet Owl","12_WI","USA",NA
"Northern Saw-whet Owl","14_NS","CAN",NA
"Northern Saw-whet Owl","14_NY","USA",NA
"Northern Saw-whet Owl","12_MN","USA",NA
"Northern Saw-whet Owl","10_OR","USA",NA
"Northern Saw-whet Owl","17_WY","USA",NA
"Northern Saw-whet Owl","5_WA","USA",NA
"Northern Saw-whet Owl","13_QC","CAN",NA
"Northern Saw-whet Owl","10_WA","USA",NA
"Northern Saw-whet Owl","16_CO","USA",NA
"Northern Saw-whet Owl","15_CA","USA",NA
"Northern Saw-whet Owl","14_ME","USA",NA
"Northern Saw-whet Owl","5_YT","CAN",NA
"Northern Saw-whet Owl","15_NV","USA",NA
"Elegant Trogon","34_AZ","USA",NA
"Belted Kingfisher","8_MB","CAN",140000
"Belted Kingfisher","4_AK","USA",120000
"Belted Kingfisher","8_SK","CAN",90000
"Belted Kingfisher","8_ON","CAN",81000
"Belted Kingfisher","5_BC","CAN",77000
"Belted Kingfisher","5_AK","USA",69000
"Belted Kingfisher","12_ON","CAN",68000
"Belted Kingfisher","8_QC","CAN",63000
"Belted Kingfisher","7_NT","CAN",62000
"Belted Kingfisher","10_BC","CAN",59000
"Belted Kingfisher","12_QC","CAN",55000
"Belted Kingfisher","4_YT","CAN",49000
"Belted Kingfisher","7_ON","CAN",34000
"Belted Kingfisher","10_MT","USA",31000
"Belted Kingfisher","28_WV","USA",27000
"Belted Kingfisher","2_AK","USA",25000
"Belted Kingfisher","14_NB","CAN",24000
"Belted Kingfisher","28_PA","USA",22000
"Belted Kingfisher","12_MI","USA",21000
"Belted Kingfisher","6_NT","CAN",21000
"Belted Kingfisher","13_ON","CAN",20000
"Belted Kingfisher","8_NL","CAN",20000
"Belted Kingfisher","27_AL","USA",19000
"Belted Kingfisher","14_NS","CAN",18000
"Belted Kingfisher","4_BC","CAN",16000
"Belted Kingfisher","5_OR","USA",16000
"Belted Kingfisher","10_ID","USA",16000
"Belted Kingfisher","12_MN","USA",14000
"Belted Kingfisher","7_SK","CAN",14000
"Belted Kingfisher","5_WA","USA",14000
"Belted Kingfisher","6_SK","CAN",13000
"Belted Kingfisher","14_QC","CAN",13000
"Belted Kingfisher","32_CA","USA",13000
"Belted Kingfisher","23_MN","USA",12000
"Belted Kingfisher","23_WI","USA",12000
"Belted Kingfisher","6_MB","CAN",11000
"Belted Kingfisher","24_MO","USA",11000
"Belted Kingfisher","12_WI","USA",10000
"Belted Kingfisher","9_WA","USA",10000
"Belted Kingfisher","6_AB","CAN",10000
"Belted Kingfisher","28_TN","USA",10000
"Belted Kingfisher","24_KY","USA",10000
"Belted Kingfisher","28_AL","USA",10000
"Belted Kingfisher","14_ME","USA",10000
"Belted Kingfisher","4_NT","CAN",9800
"Belted Kingfisher","22_IL","USA",9700
"Belted Kingfisher","28_KY","USA",9700
"Belted Kingfisher","24_TN","USA",9400
"Belted Kingfisher","13_NY","USA",7800
"Belted Kingfisher","22_IA","USA",7600
"Belted Kingfisher","23_MI","USA",7500
"Belted Kingfisher","28_VA","USA",7500
"Belted Kingfisher","28_NC","USA",7500
"Belted Kingfisher","9_BC","CAN",7300
"Belted Kingfisher","10_OR","USA",7200
"Belted Kingfisher","28_OH","USA",6600
"Belted Kingfisher","27_MS","USA",6400
"Belted Kingfisher","19_OK","USA",6100
"Belted Kingfisher","28_NY","USA",5900
"Belted Kingfisher","27_GA","USA",5800
"Belted Kingfisher","11_ND","USA",5800
"Belted Kingfisher","25_AR","USA",5700
"Belted Kingfisher","14_PE","CAN",5700
"Belted Kingfisher","19_NE","USA",5600
"Belted Kingfisher","9_OR","USA",5600
"Belted Kingfisher","22_KS","USA",5500
"Belted Kingfisher","29_VA","USA",5400
"Belted Kingfisher","14_NY","USA",5300
"Belted Kingfisher","22_IN","USA",5300
"Belted Kingfisher","16_CO","USA",5300
"Belted Kingfisher","10_WA","USA",5000
"Belted Kingfisher","11_MB","CAN",5000
"Belted Kingfisher","5_CA","USA",4800
"Belted Kingfisher","29_SC","USA",4800
"Belted Kingfisher","22_MO","USA",4700
"Belted Kingfisher","24_IN","USA",4700
"Belted Kingfisher","29_GA","USA",4600
"Belted Kingfisher","13_QC","CAN",4500
"Belted Kingfisher","27_NC","USA",4500
"Belted Kingfisher","11_MN","USA",4300
"Belted Kingfisher","14_VT","USA",4300
"Belted Kingfisher","26_AR","USA",4300
"Belted Kingfisher","29_NC","USA",4100
"Belted Kingfisher","22_OH","USA",4100
"Belted Kingfisher","28_GA","USA",4000
"Belted Kingfisher","11_SK","CAN",3900
"Belted Kingfisher","10_WY","USA",3800
"Belted Kingfisher","10_AB","CAN",3800
"Belted Kingfisher","9_NV","USA",3800
"Belted Kingfisher","14_NH","USA",3600
"Belted Kingfisher","6_BC","CAN",3400
"Belted Kingfisher","19_KS","USA",3400
"Belted Kingfisher","27_TN","USA",3400
"Belted Kingfisher","7_QC","CAN",3300
"Belted Kingfisher","27_FL","USA",3200
"Belted Kingfisher","17_ND","USA",3200
"Belted Kingfisher","25_TX","USA",3100
"Belted Kingfisher","11_SD","USA",3100
"Belted Kingfisher","11_IA","USA",3000
"Belted Kingfisher","27_VA","USA",3000
"Belted Kingfisher","17_SD","USA",3000
"Belted Kingfisher","24_AL","USA",2900
"Belted Kingfisher","21_OK","USA",2900
"Belted Kingfisher","17_MT","USA",2800
"Belted Kingfisher","9_ID","USA",2800
"Belted Kingfisher","18_CO","USA",2500
"Belted Kingfisher","7_NL","CAN",2500
"Belted Kingfisher","21_TX","USA",2400
"Belted Kingfisher","15_CA","USA",2400
"Belted Kingfisher","24_OK","USA",2300
"Belted Kingfisher","29_PA","USA",2200
"Belted Kingfisher","13_OH","USA",2200
"Belted Kingfisher","24_AR","USA",2200
"Belted Kingfisher","22_NE","USA",2100
"Belted Kingfisher","16_UT","USA",2100
"Belted Kingfisher","24_IL","USA",2000
"Belted Kingfisher","23_IN","USA",2000
"Belted Kingfisher","25_LA","USA",2000
"Belted Kingfisher","9_CA","USA",1800
"Belted Kingfisher","22_MN","USA",1800
"Belted Kingfisher","30_MA","USA",1800
"Belted Kingfisher","5_YT","CAN",1700
"Belted Kingfisher","13_PA","USA",1700
"Belted Kingfisher","27_LA","USA",1600
"Belted Kingfisher","30_CT","USA",1600
"Belted Kingfisher","23_IA","USA",1500
"Belted Kingfisher","12_MB","CAN",1500
"Belted Kingfisher","17_WY","USA",1400
"Belted Kingfisher","18_NE","USA",1400
"Belted Kingfisher","20_TX","USA",1200
"Belted Kingfisher","26_LA","USA",1200
"Belted Kingfisher","30_MD","USA",1100
"Belted Kingfisher","23_IL","USA",1100
"Belted Kingfisher","16_NM","USA",1100
"Belted Kingfisher","26_MS","USA",1000
"Belted Kingfisher","25_OK","USA",1000
"Belted Kingfisher","29_MD","USA",980
"Belted Kingfisher","16_WY","USA",910
"Belted Kingfisher","27_SC","USA",870
"Belted Kingfisher","1_AK","USA",840
"Belted Kingfisher","27_KY","USA",800
"Belted Kingfisher","22_OK","USA",740
"Belted Kingfisher","24_OH","USA",730
"Belted Kingfisher","28_SC","USA",700
"Belted Kingfisher","26_MO","USA",680
"Belted Kingfisher","18_NM","USA",680
"Belted Kingfisher","29_NJ","USA",660
"Belted Kingfisher","13_VT","USA",630
"Belted Kingfisher","14_MA","USA",580
"Belted Kingfisher","28_MD","USA",490
"Belted Kingfisher","28_NJ","USA",440
"Belted Kingfisher","37_LA","USA",430
"Belted Kingfisher","22_MI","USA",420
"Belted Kingfisher","11_AB","CAN",420
"Belted Kingfisher","18_TX","USA",330
"Belted Kingfisher","9_UT","USA",310
"Belted Kingfisher","26_TN","USA",280
"Belted Kingfisher","19_TX","USA",270
"Belted Kingfisher","30_NH","USA",270
"Belted Kingfisher","30_DE","USA",260
"Belted Kingfisher","34_AZ","USA",250
"Belted Kingfisher","18_WY","USA",250
"Belted Kingfisher","28_CT","USA",240
"Belted Kingfisher","30_NJ","USA",220
"Belted Kingfisher","7_AB","CAN",210
"Belted Kingfisher","28_MA","USA",190
"Belted Kingfisher","14_CT","USA",170
"Belted Kingfisher","29_AL","USA",170
"Belted Kingfisher","17_NE","USA",140
"Belted Kingfisher","31_FL","USA",140
"Belted Kingfisher","18_SD","USA",97
"Belted Kingfisher","30_VA","USA",95
"Belted Kingfisher","15_NV","USA",57
"Belted Kingfisher","19_SD","USA",54
"Belted Kingfisher","22_WI","USA",42
"Belted Kingfisher","29_DE","USA",41
"Belted Kingfisher","24_KS","USA",33
"Belted Kingfisher","29_NY","USA",28
"Belted Kingfisher","21_KS","USA",18
"Belted Kingfisher","16_ID","USA",17
"Belted Kingfisher","23_OH","USA",17
"Belted Kingfisher","30_PA","USA",7
"Belted Kingfisher","30_VT","USA",4
"Belted Kingfisher","9_WY","USA",4
"Belted Kingfisher","37_MS","USA",3
"Lewis's Woodpecker","9_WA","USA",14000
"Lewis's Woodpecker","16_CO","USA",13000
"Lewis's Woodpecker","9_ID","USA",6900
"Lewis's Woodpecker","10_OR","USA",6800
"Lewis's Woodpecker","9_CA","USA",6200
"Lewis's Woodpecker","16_NM","USA",5300
"Lewis's Woodpecker","9_OR","USA",4400
"Lewis's Woodpecker","9_NV","USA",4000
"Lewis's Woodpecker","10_ID","USA",2800
"Lewis's Woodpecker","10_WA","USA",2600
"Lewis's Woodpecker","5_CA","USA",2600
"Lewis's Woodpecker","17_SD","USA",2400
"Lewis's Woodpecker","16_AZ","USA",2400
"Lewis's Woodpecker","9_BC","CAN",2300
"Lewis's Woodpecker","10_BC","CAN",1600
"Lewis's Woodpecker","34_AZ","USA",910
"Lewis's Woodpecker","18_CO","USA",800
"Lewis's Woodpecker","10_MT","USA",720
"Lewis's Woodpecker","16_WY","USA",430
"Lewis's Woodpecker","32_CA","USA",240
"Lewis's Woodpecker","17_NE","USA",230
"Lewis's Woodpecker","16_UT","USA",110
"Lewis's Woodpecker","10_WY","USA",110
"Lewis's Woodpecker","15_CA","USA",75
"Lewis's Woodpecker","9_WY","USA",14
"Lewis's Woodpecker","16_NV","USA",7
"Lewis's Woodpecker","15_NV","USA",2
"Lewis's Woodpecker","16_ID","USA",1
"Red-headed Woodpecker","19_KS","USA",210000
"Red-headed Woodpecker","19_NE","USA",150000
"Red-headed Woodpecker","22_IA","USA",110000
"Red-headed Woodpecker","11_NE","USA",84000
"Red-headed Woodpecker","27_MS","USA",79000
"Red-headed Woodpecker","22_MO","USA",77000
"Red-headed Woodpecker","27_GA","USA",72000
"Red-headed Woodpecker","27_FL","USA",59000
"Red-headed Woodpecker","22_IL","USA",57000
"Red-headed Woodpecker","19_OK","USA",46000
"Red-headed Woodpecker","27_AL","USA",39000
"Red-headed Woodpecker","27_NC","USA",39000
"Red-headed Woodpecker","22_NE","USA",37000
"Red-headed Woodpecker","11_SD","USA",37000
"Red-headed Woodpecker","27_SC","USA",32000
"Red-headed Woodpecker","23_WI","USA",28000
"Red-headed Woodpecker","22_KS","USA",28000
"Red-headed Woodpecker","25_TX","USA",27000
"Red-headed Woodpecker","17_SD","USA",27000
"Red-headed Woodpecker","26_AR","USA",27000
"Red-headed Woodpecker","24_MO","USA",26000
"Red-headed Woodpecker","22_IN","USA",25000
"Red-headed Woodpecker","24_KY","USA",23000
"Red-headed Woodpecker","25_AR","USA",23000
"Red-headed Woodpecker","31_FL","USA",22000
"Red-headed Woodpecker","25_LA","USA",22000
"Red-headed Woodpecker","24_IN","USA",22000
"Red-headed Woodpecker","29_GA","USA",20000
"Red-headed Woodpecker","18_NE","USA",18000
"Red-headed Woodpecker","26_MS","USA",18000
"Red-headed Woodpecker","26_LA","USA",17000
"Red-headed Woodpecker","28_AL","USA",16000
"Red-headed Woodpecker","22_OH","USA",16000
"Red-headed Woodpecker","24_TN","USA",16000
"Red-headed Woodpecker","11_MN","USA",15000
"Red-headed Woodpecker","11_IA","USA",13000
"Red-headed Woodpecker","25_OK","USA",12000
"Red-headed Woodpecker","24_AR","USA",11000
"Red-headed Woodpecker","19_TX","USA",10000
"Red-headed Woodpecker","27_LA","USA",9300
"Red-headed Woodpecker","24_IL","USA",9000
"Red-headed Woodpecker","23_IN","USA",7700
"Red-headed Woodpecker","29_SC","USA",7100
"Red-headed Woodpecker","23_MN","USA",6800
"Red-headed Woodpecker","13_OH","USA",6700
"Red-headed Woodpecker","18_CO","USA",6700
"Red-headed Woodpecker","21_OK","USA",6600
"Red-headed Woodpecker","23_MI","USA",6500
"Red-headed Woodpecker","29_VA","USA",6300
"Red-headed Woodpecker","6_MB","CAN",6100
"Red-headed Woodpecker","28_KY","USA",5800
"Red-headed Woodpecker","11_MB","CAN",5300
"Red-headed Woodpecker","28_VA","USA",5100
"Red-headed Woodpecker","11_ND","USA",5000
"Red-headed Woodpecker","21_TX","USA",5000
"Red-headed Woodpecker","18_OK","USA",4500
"Red-headed Woodpecker","22_MN","USA",4400
"Red-headed Woodpecker","28_TN","USA",4300
"Red-headed Woodpecker","18_TX","USA",4100
"Red-headed Woodpecker","18_NM","USA",4000
"Red-headed Woodpecker","27_TN","USA",3800
"Red-headed Woodpecker","29_NC","USA",3700
"Red-headed Woodpecker","26_MO","USA",3400
"Red-headed Woodpecker","27_VA","USA",3000
"Red-headed Woodpecker","37_LA","USA",2900
"Red-headed Woodpecker","18_KS","USA",2800
"Red-headed Woodpecker","29_AL","USA",2500
"Red-headed Woodpecker","17_WY","USA",2400
"Red-headed Woodpecker","17_MT","USA",2400
"Red-headed Woodpecker","28_WV","USA",2300
"Red-headed Woodpecker","12_MN","USA",2200
"Red-headed Woodpecker","30_MD","USA",2200
"Red-headed Woodpecker","17_ND","USA",2200
"Red-headed Woodpecker","28_OH","USA",1900
"Red-headed Woodpecker","26_TN","USA",1800
"Red-headed Woodpecker","28_GA","USA",1700
"Red-headed Woodpecker","28_PA","USA",1600
"Red-headed Woodpecker","37_TX","USA",1500
"Red-headed Woodpecker","23_IA","USA",1500
"Red-headed Woodpecker","29_MD","USA",1500
"Red-headed Woodpecker","23_IL","USA",1400
"Red-headed Woodpecker","19_SD","USA",1400
"Red-headed Woodpecker","24_AL","USA",1300
"Red-headed Woodpecker","17_NE","USA",1300
"Red-headed Woodpecker","18_SD","USA",1300
"Red-headed Woodpecker","12_MI","USA",1200
"Red-headed Woodpecker","29_PA","USA",1100
"Red-headed Woodpecker","22_OK","USA",1100
"Red-headed Woodpecker","12_ON","CAN",1000
"Red-headed Woodpecker","13_ON","CAN",970
"Red-headed Woodpecker","27_KY","USA",910
"Red-headed Woodpecker","22_MI","USA",860
"Red-headed Woodpecker","24_OK","USA",850
"Red-headed Woodpecker","30_VA","USA",700
"Red-headed Woodpecker","26_KY","USA",640
"Red-headed Woodpecker","28_MD","USA",560
"Red-headed Woodpecker","18_WY","USA",530
"Red-headed Woodpecker","12_WI","USA",420
"Red-headed Woodpecker","26_IL","USA",390
"Red-headed Woodpecker","6_AB","CAN",340
"Red-headed Woodpecker","28_SC","USA",320
"Red-headed Woodpecker","12_MB","CAN",120
"Red-headed Woodpecker","30_DE","USA",110
"Red-headed Woodpecker","16_WY","USA",97
"Red-headed Woodpecker","13_PA","USA",83
"Red-headed Woodpecker","23_OH","USA",65
"Red-headed Woodpecker","22_WI","USA",56
"Red-headed Woodpecker","28_NY","USA",53
"Red-headed Woodpecker","21_KS","USA",40
"Red-headed Woodpecker","29_DE","USA",20
"Red-headed Woodpecker","24_KS","USA",12
"Red-headed Woodpecker","37_MS","USA",11
"Acorn Woodpecker","32_CA","USA",1600000
"Acorn Woodpecker","34_AZ","USA",220000
"Acorn Woodpecker","15_CA","USA",190000
"Acorn Woodpecker","5_CA","USA",110000
"Acorn Woodpecker","5_OR","USA",45000
"Acorn Woodpecker","34_NM","USA",17000
"Acorn Woodpecker","9_CA","USA",14000
"Acorn Woodpecker","16_AZ","USA",5200
"Acorn Woodpecker","35_NM","USA",2400
"Acorn Woodpecker","16_NM","USA",2100
"Acorn Woodpecker","35_TX","USA",1500
"Acorn Woodpecker","35_AZ","USA",61
"Gila Woodpecker","33_AZ","USA",450000
"Gila Woodpecker","34_AZ","USA",110000
"Gila Woodpecker","35_NM","USA",16000
"Gila Woodpecker","33_CA","USA",11000
"Gila Woodpecker","16_AZ","USA",1100
"Gila Woodpecker","35_AZ","USA",400
"Golden-fronted Woodpecker","36_TX","USA",440000
"Golden-fronted Woodpecker","21_TX","USA",88000
"Golden-fronted Woodpecker","19_TX","USA",88000
"Golden-fronted Woodpecker","20_TX","USA",63000
"Golden-fronted Woodpecker","37_TX","USA",62000
"Golden-fronted Woodpecker","35_TX","USA",40000
"Golden-fronted Woodpecker","19_OK","USA",16000
"Golden-fronted Woodpecker","18_TX","USA",9200
"Red-bellied Woodpecker","27_GA","USA",860000
"Red-bellied Woodpecker","27_MS","USA",810000
"Red-bellied Woodpecker","31_FL","USA",810000
"Red-bellied Woodpecker","27_FL","USA",680000
"Red-bellied Woodpecker","27_AL","USA",640000
"Red-bellied Woodpecker","24_MO","USA",530000
"Red-bellied Woodpecker","21_TX","USA",470000
"Red-bellied Woodpecker","22_MO","USA",460000
"Red-bellied Woodpecker","25_TX","USA",460000
"Red-bellied Woodpecker","27_SC","USA",420000
"Red-bellied Woodpecker","22_KS","USA",410000
"Red-bellied Woodpecker","24_KY","USA",380000
"Red-bellied Woodpecker","27_NC","USA",370000
"Red-bellied Woodpecker","22_IL","USA",340000
"Red-bellied Woodpecker","26_LA","USA",320000
"Red-bellied Woodpecker","24_TN","USA",310000
"Red-bellied Woodpecker","29_GA","USA",310000
"Red-bellied Woodpecker","29_NC","USA",300000
"Red-bellied Woodpecker","21_OK","USA",270000
"Red-bellied Woodpecker","28_PA","USA",250000
"Red-bellied Woodpecker","25_AR","USA",250000
"Red-bellied Woodpecker","25_LA","USA",250000
"Red-bellied Woodpecker","19_KS","USA",230000
"Red-bellied Woodpecker","29_VA","USA",230000
"Red-bellied Woodpecker","26_AR","USA",220000
"Red-bellied Woodpecker","28_AL","USA",220000
"Red-bellied Woodpecker","24_IN","USA",210000
"Red-bellied Woodpecker","23_WI","USA",210000
"Red-bellied Woodpecker","29_SC","USA",210000
"Red-bellied Woodpecker","28_WV","USA",200000
"Red-bellied Woodpecker","23_MI","USA",190000
"Red-bellied Woodpecker","19_OK","USA",180000
"Red-bellied Woodpecker","28_TN","USA",180000
"Red-bellied Woodpecker","27_TN","USA",180000
"Red-bellied Woodpecker","22_IA","USA",140000
"Red-bellied Woodpecker","28_KY","USA",140000
"Red-bellied Woodpecker","26_MS","USA",130000
"Red-bellied Woodpecker","24_AR","USA",130000
"Red-bellied Woodpecker","22_IN","USA",130000
"Red-bellied Woodpecker","24_IL","USA",120000
"Red-bellied Woodpecker","28_VA","USA",120000
"Red-bellied Woodpecker","22_OH","USA",120000
"Red-bellied Woodpecker","28_OH","USA",120000
"Red-bellied Woodpecker","37_TX","USA",110000
"Red-bellied Woodpecker","25_OK","USA",110000
"Red-bellied Woodpecker","27_LA","USA",100000
"Red-bellied Woodpecker","27_VA","USA",92000
"Red-bellied Woodpecker","30_MD","USA",89000
"Red-bellied Woodpecker","28_GA","USA",83000
"Red-bellied Woodpecker","23_MN","USA",83000
"Red-bellied Woodpecker","13_NY","USA",82000
"Red-bellied Woodpecker","13_OH","USA",71000
"Red-bellied Woodpecker","29_PA","USA",71000
"Red-bellied Woodpecker","37_LA","USA",69000
"Red-bellied Woodpecker","24_OK","USA",65000
"Red-bellied Woodpecker","19_NE","USA",63000
"Red-bellied Woodpecker","29_MD","USA",58000
"Red-bellied Woodpecker","22_OK","USA",54000
"Red-bellied Woodpecker","24_AL","USA",52000
"Red-bellied Woodpecker","26_MO","USA",46000
"Red-bellied Woodpecker","12_MI","USA",46000
"Red-bellied Woodpecker","30_CT","USA",41000
"Red-bellied Woodpecker","23_IN","USA",40000
"Red-bellied Woodpecker","29_AL","USA",38000
"Red-bellied Woodpecker","30_NJ","USA",38000
"Red-bellied Woodpecker","22_NE","USA",36000
"Red-bellied Woodpecker","28_NC","USA",31000
"Red-bellied Woodpecker","30_MA","USA",29000
"Red-bellied Woodpecker","13_ON","CAN",27000
"Red-bellied Woodpecker","28_NY","USA",26000
"Red-bellied Woodpecker","27_KY","USA",26000
"Red-bellied Woodpecker","13_PA","USA",22000
"Red-bellied Woodpecker","28_MD","USA",20000
"Red-bellied Woodpecker","28_NJ","USA",20000
"Red-bellied Woodpecker","30_DE","USA",19000
"Red-bellied Woodpecker","19_TX","USA",18000
"Red-bellied Woodpecker","29_NJ","USA",18000
"Red-bellied Woodpecker","11_MN","USA",17000
"Red-bellied Woodpecker","23_IL","USA",16000
"Red-bellied Woodpecker","11_IA","USA",16000
"Red-bellied Woodpecker","12_MN","USA",15000
"Red-bellied Woodpecker","30_VA","USA",15000
"Red-bellied Woodpecker","22_MN","USA",14000
"Red-bellied Woodpecker","30_NY","USA",14000
"Red-bellied Woodpecker","20_TX","USA",12000
"Red-bellied Woodpecker","23_IA","USA",9800
"Red-bellied Woodpecker","26_TN","USA",9600
"Red-bellied Woodpecker","28_SC","USA",7700
"Red-bellied Woodpecker","30_NH","USA",7600
"Red-bellied Woodpecker","12_WI","USA",7600
"Red-bellied Woodpecker","22_MI","USA",6800
"Red-bellied Woodpecker","26_KY","USA",6700
"Red-bellied Woodpecker","24_OH","USA",5700
"Red-bellied Woodpecker","30_RI","USA",5600
"Red-bellied Woodpecker","11_NE","USA",4600
"Red-bellied Woodpecker","26_IL","USA",4100
"Red-bellied Woodpecker","14_MA","USA",3100
"Red-bellied Woodpecker","22_WI","USA",2900
"Red-bellied Woodpecker","28_CT","USA",2800
"Red-bellied Woodpecker","14_CT","USA",2700
"Red-bellied Woodpecker","14_NH","USA",2200
"Red-bellied Woodpecker","21_KS","USA",1600
"Red-bellied Woodpecker","29_DE","USA",1300
"Red-bellied Woodpecker","30_PA","USA",1100
"Red-bellied Woodpecker","13_VT","USA",1100
"Red-bellied Woodpecker","11_SD","USA",990
"Red-bellied Woodpecker","24_KS","USA",900
"Red-bellied Woodpecker","14_NY","USA",860
"Red-bellied Woodpecker","29_NY","USA",760
"Red-bellied Woodpecker","13_QC","CAN",670
"Red-bellied Woodpecker","14_VT","USA",550
"Red-bellied Woodpecker","14_ME","USA",520
"Red-bellied Woodpecker","17_SD","USA",510
"Red-bellied Woodpecker","12_ON","CAN",460
"Red-bellied Woodpecker","18_OK","USA",410
"Red-bellied Woodpecker","11_ND","USA",350
"Red-bellied Woodpecker","23_OH","USA",340
"Red-bellied Woodpecker","30_ME","USA",300
"Red-bellied Woodpecker","18_NE","USA",250
"Red-bellied Woodpecker","37_MS","USA",250
"Red-bellied Woodpecker","14_QC","CAN",110
"Williamson's Sapsucker","10_OR","USA",55000
"Williamson's Sapsucker","9_OR","USA",51000
"Williamson's Sapsucker","16_CO","USA",44000
"Williamson's Sapsucker","10_MT","USA",26000
"Williamson's Sapsucker","16_AZ","USA",19000
"Williamson's Sapsucker","9_WA","USA",18000
"Williamson's Sapsucker","16_NM","USA",14000
"Williamson's Sapsucker","15_CA","USA",13000
"Williamson's Sapsucker","10_WA","USA",12000
"Williamson's Sapsucker","9_CA","USA",11000
"Williamson's Sapsucker","10_ID","USA",8900
"Williamson's Sapsucker","16_UT","USA",8100
"Williamson's Sapsucker","34_AZ","USA",4800
"Williamson's Sapsucker","10_WY","USA",3100
"Williamson's Sapsucker","32_CA","USA",2100
"Williamson's Sapsucker","9_NV","USA",1400
"Williamson's Sapsucker","5_OR","USA",830
"Williamson's Sapsucker","5_CA","USA",690
"Williamson's Sapsucker","9_BC","CAN",620
"Williamson's Sapsucker","15_NV","USA",500
"Williamson's Sapsucker","17_MT","USA",470
"Williamson's Sapsucker","35_NM","USA",420
"Williamson's Sapsucker","9_ID","USA",300
"Williamson's Sapsucker","16_ID","USA",110
"Williamson's Sapsucker","16_WY","USA",110
"Williamson's Sapsucker","9_WY","USA",1
"Yellow-bellied Sapsucker","6_AB","CAN",1600000
"Yellow-bellied Sapsucker","12_ON","CAN",1500000
"Yellow-bellied Sapsucker","8_ON","CAN",1000000
"Yellow-bellied Sapsucker","8_SK","CAN",950000
"Yellow-bellied Sapsucker","12_QC","CAN",880000
"Yellow-bellied Sapsucker","6_BC","CAN",700000
"Yellow-bellied Sapsucker","6_NT","CAN",690000
"Yellow-bellied Sapsucker","8_QC","CAN",600000
"Yellow-bellied Sapsucker","12_MI","USA",430000
"Yellow-bellied Sapsucker","14_ME","USA",420000
"Yellow-bellied Sapsucker","28_PA","USA",380000
"Yellow-bellied Sapsucker","12_WI","USA",370000
"Yellow-bellied Sapsucker","8_MB","CAN",350000
"Yellow-bellied Sapsucker","12_MN","USA",330000
"Yellow-bellied Sapsucker","14_NB","CAN",330000
"Yellow-bellied Sapsucker","6_SK","CAN",320000
"Yellow-bellied Sapsucker","14_NY","USA",290000
"Yellow-bellied Sapsucker","28_NY","USA",220000
"Yellow-bellied Sapsucker","7_ON","CAN",210000
"Yellow-bellied Sapsucker","6_MB","CAN",200000
"Yellow-bellied Sapsucker","14_QC","CAN",170000
"Yellow-bellied Sapsucker","4_BC","CAN",140000
"Yellow-bellied Sapsucker","13_NY","USA",120000
"Yellow-bellied Sapsucker","14_VT","USA",120000
"Yellow-bellied Sapsucker","4_YT","CAN",110000
"Yellow-bellied Sapsucker","10_BC","CAN",99000
"Yellow-bellied Sapsucker","14_NS","CAN",99000
"Yellow-bellied Sapsucker","13_ON","CAN",96000
"Yellow-bellied Sapsucker","11_MB","CAN",94000
"Yellow-bellied Sapsucker","23_WI","USA",87000
"Yellow-bellied Sapsucker","14_NH","USA",81000
"Yellow-bellied Sapsucker","11_SK","CAN",67000
"Yellow-bellied Sapsucker","13_QC","CAN",62000
"Yellow-bellied Sapsucker","11_ND","USA",51000
"Yellow-bellied Sapsucker","14_MA","USA",46000
"Yellow-bellied Sapsucker","23_MN","USA",43000
"Yellow-bellied Sapsucker","11_AB","CAN",40000
"Yellow-bellied Sapsucker","12_MB","CAN",35000
"Yellow-bellied Sapsucker","11_MN","USA",33000
"Yellow-bellied Sapsucker","7_AB","CAN",31000
"Yellow-bellied Sapsucker","30_CT","USA",27000
"Yellow-bellied Sapsucker","28_MA","USA",18000
"Yellow-bellied Sapsucker","13_PA","USA",17000
"Yellow-bellied Sapsucker","13_VT","USA",12000
"Yellow-bellied Sapsucker","28_CT","USA",12000
"Yellow-bellied Sapsucker","23_MI","USA",11000
"Yellow-bellied Sapsucker","30_NH","USA",8900
"Yellow-bellied Sapsucker","14_CT","USA",7700
"Yellow-bellied Sapsucker","22_MN","USA",5800
"Yellow-bellied Sapsucker","14_PE","CAN",5500
"Yellow-bellied Sapsucker","22_IA","USA",4200
"Yellow-bellied Sapsucker","10_AB","CAN",3900
"Yellow-bellied Sapsucker","22_WI","USA",3300
"Yellow-bellied Sapsucker","28_NJ","USA",3100
"Yellow-bellied Sapsucker","30_MA","USA",2000
"Yellow-bellied Sapsucker","11_SD","USA",1100
"Yellow-bellied Sapsucker","13_OH","USA",890
"Yellow-bellied Sapsucker","5_BC","CAN",680
"Yellow-bellied Sapsucker","11_IA","USA",460
"Yellow-bellied Sapsucker","28_NC","USA",370
"Yellow-bellied Sapsucker","28_WV","USA",350
"Yellow-bellied Sapsucker","6_YT","CAN",280
"Yellow-bellied Sapsucker","30_VT","USA",230
"Yellow-bellied Sapsucker","22_IL","USA",170
"Yellow-bellied Sapsucker","28_MD","USA",110
"Red-naped Sapsucker","10_BC","CAN",750000
"Red-naped Sapsucker","10_MT","USA",230000
"Red-naped Sapsucker","9_BC","CAN",180000
"Red-naped Sapsucker","16_CO","USA",160000
"Red-naped Sapsucker","10_ID","USA",140000
"Red-naped Sapsucker","17_SD","USA",83000
"Red-naped Sapsucker","10_WA","USA",64000
"Red-naped Sapsucker","16_UT","USA",57000
"Red-naped Sapsucker","9_WA","USA",48000
"Red-naped Sapsucker","10_OR","USA",47000
"Red-naped Sapsucker","16_NM","USA",44000
"Red-naped Sapsucker","10_WY","USA",41000
"Red-naped Sapsucker","9_ID","USA",37000
"Red-naped Sapsucker","17_WY","USA",22000
"Red-naped Sapsucker","10_AB","CAN",17000
"Red-naped Sapsucker","35_NM","USA",14000
"Red-naped Sapsucker","16_WY","USA",7200
"Red-naped Sapsucker","17_MT","USA",5500
"Red-naped Sapsucker","34_AZ","USA",5000
"Red-naped Sapsucker","9_NV","USA",4100
"Red-naped Sapsucker","11_SK","CAN",2900
"Red-naped Sapsucker","9_OR","USA",2500
"Red-naped Sapsucker","10_UT","USA",1800
"Red-naped Sapsucker","11_AB","CAN",1800
"Red-naped Sapsucker","16_AZ","USA",1600
"Red-naped Sapsucker","10_CO","USA",1200
"Red-naped Sapsucker","9_UT","USA",690
"Red-naped Sapsucker","34_NM","USA",620
"Red-naped Sapsucker","16_ID","USA",390
"Red-naped Sapsucker","9_WY","USA",77
"Red-naped Sapsucker","16_NV","USA",5
"Red-breasted Sapsucker","5_BC","CAN",1100000
"Red-breasted Sapsucker","5_AK","USA",860000
"Red-breasted Sapsucker","10_BC","CAN",380000
"Red-breasted Sapsucker","15_CA","USA",76000
"Red-breasted Sapsucker","5_WA","USA",66000
"Red-breasted Sapsucker","5_OR","USA",64000
"Red-breasted Sapsucker","9_WA","USA",54000
"Red-breasted Sapsucker","9_OR","USA",52000
"Red-breasted Sapsucker","4_BC","CAN",43000
"Red-breasted Sapsucker","5_CA","USA",37000
"Red-breasted Sapsucker","9_CA","USA",35000
"Red-breasted Sapsucker","9_BC","CAN",13000
"Red-breasted Sapsucker","32_CA","USA",11000
"Red-breasted Sapsucker","15_NV","USA",1700
"Red-breasted Sapsucker","10_OR","USA",1000
"Red-breasted Sapsucker","5_YT","CAN",450
"American Three-toed Woodpecker","7_QC","CAN",270000
"American Three-toed Woodpecker","4_BC","CAN",200000
"American Three-toed Woodpecker","4_YT","CAN",190000
"American Three-toed Woodpecker","4_AK","USA",130000
"American Three-toed Woodpecker","10_BC","CAN",130000
"American Three-toed Woodpecker","7_NL","CAN",120000
"American Three-toed Woodpecker","2_AK","USA",110000
"American Three-toed Woodpecker","6_NT","CAN",50000
"American Three-toed Woodpecker","7_ON","CAN",45000
"American Three-toed Woodpecker","4_NT","CAN",39000
"American Three-toed Woodpecker","7_NT","CAN",31000
"American Three-toed Woodpecker","7_MB","CAN",28000
"American Three-toed Woodpecker","6_BC","CAN",27000
"American Three-toed Woodpecker","16_CO","USA",24000
"American Three-toed Woodpecker","5_AK","USA",17000
"American Three-toed Woodpecker","6_AB","CAN",15000
"American Three-toed Woodpecker","6_SK","CAN",14000
"American Three-toed Woodpecker","8_QC","CAN",14000
"American Three-toed Woodpecker","10_MT","USA",13000
"American Three-toed Woodpecker","16_UT","USA",12000
"American Three-toed Woodpecker","8_MB","CAN",11000
"American Three-toed Woodpecker","16_AZ","USA",8500
"American Three-toed Woodpecker","8_NL","CAN",8500
"American Three-toed Woodpecker","10_AB","CAN",8300
"American Three-toed Woodpecker","8_SK","CAN",8100
"American Three-toed Woodpecker","6_MB","CAN",7000
"American Three-toed Woodpecker","16_WY","USA",6500
"American Three-toed Woodpecker","10_WY","USA",5400
"American Three-toed Woodpecker","17_SD","USA",4000
"American Three-toed Woodpecker","8_ON","CAN",4000
"American Three-toed Woodpecker","7_NU","CAN",3900
"American Three-toed Woodpecker","10_ID","USA",3800
"American Three-toed Woodpecker","3_AK","USA",3000
"American Three-toed Woodpecker","34_AZ","USA",2700
"American Three-toed Woodpecker","9_BC","CAN",2600
"American Three-toed Woodpecker","5_BC","CAN",1300
"American Three-toed Woodpecker","12_MB","CAN",1200
"American Three-toed Woodpecker","14_ME","USA",1200
"American Three-toed Woodpecker","3_YT","CAN",480
"American Three-toed Woodpecker","34_NM","USA",460
"American Three-toed Woodpecker","5_YT","CAN",430
"American Three-toed Woodpecker","16_NM","USA",430
"American Three-toed Woodpecker","7_AB","CAN",310
"American Three-toed Woodpecker","14_NY","USA",280
"American Three-toed Woodpecker","12_ON","CAN",270
"American Three-toed Woodpecker","9_WA","USA",240
"American Three-toed Woodpecker","5_WA","USA",170
"American Three-toed Woodpecker","16_ID","USA",92
"Black-backed Woodpecker","7_QC","CAN",370000
"Black-backed Woodpecker","8_ON","CAN",180000
"Black-backed Woodpecker","8_SK","CAN",170000
"Black-backed Woodpecker","6_NT","CAN",150000
"Black-backed Woodpecker","7_ON","CAN",100000
"Black-backed Woodpecker","7_MB","CAN",97000
"Black-backed Woodpecker","4_BC","CAN",96000
"Black-backed Woodpecker","8_MB","CAN",70000
"Black-backed Woodpecker","6_BC","CAN",65000
"Black-backed Woodpecker","7_NL","CAN",57000
"Black-backed Woodpecker","10_BC","CAN",48000
"Black-backed Woodpecker","4_YT","CAN",48000
"Black-backed Woodpecker","9_OR","USA",35000
"Black-backed Woodpecker","6_SK","CAN",34000
"Black-backed Woodpecker","7_NT","CAN",20000
"Black-backed Woodpecker","12_ON","CAN",19000
"Black-backed Woodpecker","6_MB","CAN",18000
"Black-backed Woodpecker","4_AK","USA",17000
"Black-backed Woodpecker","17_SD","USA",16000
"Black-backed Woodpecker","8_QC","CAN",15000
"Black-backed Woodpecker","10_OR","USA",13000
"Black-backed Woodpecker","8_NL","CAN",13000
"Black-backed Woodpecker","9_CA","USA",12000
"Black-backed Woodpecker","3_AK","USA",8500
"Black-backed Woodpecker","7_SK","CAN",7400
"Black-backed Woodpecker","10_ID","USA",6700
"Black-backed Woodpecker","10_MT","USA",5900
"Black-backed Woodpecker","14_NB","CAN",5800
"Black-backed Woodpecker","4_NT","CAN",3400
"Black-backed Woodpecker","15_CA","USA",2900
"Black-backed Woodpecker","6_AB","CAN",2900
"Black-backed Woodpecker","17_WY","USA",2800
"Black-backed Woodpecker","12_MN","USA",2600
"Black-backed Woodpecker","9_WA","USA",2500
"Black-backed Woodpecker","12_MB","CAN",2200
"Black-backed Woodpecker","10_WA","USA",1800
"Black-backed Woodpecker","14_QC","CAN",1700
"Black-backed Woodpecker","14_NY","USA",1600
"Black-backed Woodpecker","12_QC","CAN",1600
"Black-backed Woodpecker","14_ME","USA",820
"Black-backed Woodpecker","14_NS","CAN",620
"Black-backed Woodpecker","13_QC","CAN",470
"Black-backed Woodpecker","12_MI","USA",470
"Black-backed Woodpecker","5_CA","USA",320
"Black-backed Woodpecker","5_WA","USA",290
"Black-backed Woodpecker","14_NH","USA",140
"Black-backed Woodpecker","13_NY","USA",110
"Black-backed Woodpecker","15_NV","USA",110
"Black-backed Woodpecker","7_AB","CAN",58
"Downy Woodpecker","27_MS","USA",390000
"Downy Woodpecker","21_TX","USA",360000
"Downy Woodpecker","27_GA","USA",330000
"Downy Woodpecker","24_MO","USA",320000
"Downy Woodpecker","28_PA","USA",270000
"Downy Woodpecker","22_MO","USA",270000
"Downy Woodpecker","23_MI","USA",270000
"Downy Woodpecker","8_QC","CAN",260000
"Downy Woodpecker","8_ON","CAN",250000
"Downy Woodpecker","27_AL","USA",250000
"Downy Woodpecker","27_NC","USA",250000
"Downy Woodpecker","31_FL","USA",240000
"Downy Woodpecker","22_IL","USA",240000
"Downy Woodpecker","25_AR","USA",240000
"Downy Woodpecker","25_TX","USA",230000
"Downy Woodpecker","27_FL","USA",230000
"Downy Woodpecker","28_WV","USA",220000
"Downy Woodpecker","23_WI","USA",220000
"Downy Woodpecker","24_KY","USA",200000
"Downy Woodpecker","29_NC","USA",200000
"Downy Woodpecker","29_GA","USA",200000
"Downy Woodpecker","26_LA","USA",200000
"Downy Woodpecker","6_AB","CAN",190000
"Downy Woodpecker","12_ON","CAN",190000
"Downy Woodpecker","24_TN","USA",180000
"Downy Woodpecker","13_NY","USA",180000
"Downy Woodpecker","28_AL","USA",170000
"Downy Woodpecker","29_VA","USA",160000
"Downy Woodpecker","28_TN","USA",160000
"Downy Woodpecker","21_OK","USA",160000
"Downy Woodpecker","12_QC","CAN",150000
"Downy Woodpecker","12_MI","USA",150000
"Downy Woodpecker","27_SC","USA",150000
"Downy Woodpecker","24_AR","USA",150000
"Downy Woodpecker","22_OH","USA",140000
"Downy Woodpecker","22_KS","USA",140000
"Downy Woodpecker","19_KS","USA",140000
"Downy Woodpecker","28_VA","USA",140000
"Downy Woodpecker","13_ON","CAN",140000
"Downy Woodpecker","29_SC","USA",130000
"Downy Woodpecker","22_IA","USA",130000
"Downy Woodpecker","14_ME","USA",120000
"Downy Woodpecker","25_OK","USA",120000
"Downy Woodpecker","24_IN","USA",120000
"Downy Woodpecker","22_IN","USA",110000
"Downy Woodpecker","28_OH","USA",110000
"Downy Woodpecker","12_MN","USA",110000
"Downy Woodpecker","30_CT","USA",100000
"Downy Woodpecker","26_AR","USA",100000
"Downy Woodpecker","19_NE","USA",100000
"Downy Woodpecker","28_KY","USA",100000
"Downy Woodpecker","10_BC","CAN",100000
"Downy Woodpecker","4_AK","USA",99000
"Downy Woodpecker","32_CA","USA",99000
"Downy Woodpecker","30_MA","USA",98000
"Downy Woodpecker","14_NB","CAN",97000
"Downy Woodpecker","27_VA","USA",96000
"Downy Woodpecker","25_LA","USA",95000
"Downy Woodpecker","23_MN","USA",94000
"Downy Woodpecker","28_NY","USA",93000
"Downy Woodpecker","28_GA","USA",85000
"Downy Woodpecker","27_TN","USA",84000
"Downy Woodpecker","19_OK","USA",84000
"Downy Woodpecker","30_MD","USA",80000
"Downy Woodpecker","14_NS","CAN",80000
"Downy Woodpecker","5_BC","CAN",78000
"Downy Woodpecker","12_WI","USA",75000
"Downy Woodpecker","2_AK","USA",68000
"Downy Woodpecker","13_OH","USA",63000
"Downy Woodpecker","14_QC","CAN",63000
"Downy Woodpecker","37_LA","USA",59000
"Downy Woodpecker","11_MB","CAN",58000
"Downy Woodpecker","5_OR","USA",56000
"Downy Woodpecker","24_IL","USA",54000
"Downy Woodpecker","28_NC","USA",53000
"Downy Woodpecker","27_LA","USA",52000
"Downy Woodpecker","14_NH","USA",51000
"Downy Woodpecker","6_MB","CAN",51000
"Downy Woodpecker","11_MN","USA",48000
"Downy Woodpecker","29_PA","USA",47000
"Downy Woodpecker","26_MO","USA",45000
"Downy Woodpecker","6_SK","CAN",44000
"Downy Woodpecker","24_OK","USA",43000
"Downy Woodpecker","5_WA","USA",42000
"Downy Woodpecker","29_MD","USA",41000
"Downy Woodpecker","11_ND","USA",39000
"Downy Woodpecker","13_QC","CAN",39000
"Downy Woodpecker","37_TX","USA",38000
"Downy Woodpecker","8_NL","CAN",37000
"Downy Woodpecker","29_AL","USA",37000
"Downy Woodpecker","14_NY","USA",36000
"Downy Woodpecker","26_MS","USA",34000
"Downy Woodpecker","30_NJ","USA",33000
"Downy Woodpecker","30_NH","USA",33000
"Downy Woodpecker","17_SD","USA",33000
"Downy Woodpecker","24_AL","USA",33000
"Downy Woodpecker","22_OK","USA",32000
"Downy Woodpecker","30_NY","USA",29000
"Downy Woodpecker","13_PA","USA",27000
"Downy Woodpecker","14_VT","USA",27000
"Downy Woodpecker","11_SD","USA",27000
"Downy Woodpecker","29_NJ","USA",25000
"Downy Woodpecker","7_ON","CAN",24000
"Downy Woodpecker","30_RI","USA",24000
"Downy Woodpecker","11_AB","CAN",24000
"Downy Woodpecker","16_UT","USA",23000
"Downy Woodpecker","10_MT","USA",23000
"Downy Woodpecker","11_NE","USA",23000
"Downy Woodpecker","9_NV","USA",22000
"Downy Woodpecker","4_YT","CAN",22000
"Downy Woodpecker","16_CO","USA",22000
"Downy Woodpecker","23_IN","USA",21000
"Downy Woodpecker","9_WA","USA",21000
"Downy Woodpecker","9_BC","CAN",21000
"Downy Woodpecker","22_NE","USA",20000
"Downy Woodpecker","28_NJ","USA",20000
"Downy Woodpecker","5_CA","USA",20000
"Downy Woodpecker","11_SK","CAN",20000
"Downy Woodpecker","14_MA","USA",18000
"Downy Woodpecker","28_MD","USA",17000
"Downy Woodpecker","27_KY","USA",16000
"Downy Woodpecker","30_DE","USA",16000
"Downy Woodpecker","13_VT","USA",16000
"Downy Woodpecker","5_AK","USA",15000
"Downy Woodpecker","15_CA","USA",15000
"Downy Woodpecker","10_ID","USA",14000
"Downy Woodpecker","23_IA","USA",13000
"Downy Woodpecker","22_MI","USA",12000
"Downy Woodpecker","17_MT","USA",12000
"Downy Woodpecker","10_WY","USA",12000
"Downy Woodpecker","30_VA","USA",12000
"Downy Woodpecker","19_TX","USA",11000
"Downy Woodpecker","23_IL","USA",11000
"Downy Woodpecker","24_OH","USA",10000
"Downy Woodpecker","9_ID","USA",9600
"Downy Woodpecker","22_MN","USA",9600
"Downy Woodpecker","6_BC","CAN",9300
"Downy Woodpecker","28_SC","USA",9100
"Downy Woodpecker","9_OR","USA",8900
"Downy Woodpecker","10_OR","USA",8600
"Downy Woodpecker","28_CT","USA",7900
"Downy Woodpecker","17_ND","USA",7800
"Downy Woodpecker","16_AZ","USA",7600
"Downy Woodpecker","11_IA","USA",7500
"Downy Woodpecker","10_WA","USA",7300
"Downy Woodpecker","18_NE","USA",7300
"Downy Woodpecker","18_CO","USA",7300
"Downy Woodpecker","4_BC","CAN",6900
"Downy Woodpecker","26_TN","USA",6800
"Downy Woodpecker","3_AK","USA",6800
"Downy Woodpecker","12_MB","CAN",6700
"Downy Woodpecker","28_MA","USA",6100
"Downy Woodpecker","9_CA","USA",5500
"Downy Woodpecker","14_CT","USA",5300
"Downy Woodpecker","8_MB","CAN",5000
"Downy Woodpecker","17_WY","USA",4600
"Downy Woodpecker","34_AZ","USA",4600
"Downy Woodpecker","14_PE","CAN",4200
"Downy Woodpecker","8_SK","CAN",3800
"Downy Woodpecker","26_KY","USA",3600
"Downy Woodpecker","16_NM","USA",3000
"Downy Woodpecker","30_ME","USA",2500
"Downy Woodpecker","18_OK","USA",2500
"Downy Woodpecker","16_WY","USA",2400
"Downy Woodpecker","18_TX","USA",2300
"Downy Woodpecker","26_IL","USA",2200
"Downy Woodpecker","22_WI","USA",2000
"Downy Woodpecker","8_AB","CAN",2000
"Downy Woodpecker","10_AB","CAN",1800
"Downy Woodpecker","9_UT","USA",1700
"Downy Woodpecker","17_NE","USA",1500
"Downy Woodpecker","11_MT","USA",1200
"Downy Woodpecker","35_NM","USA",1200
"Downy Woodpecker","29_NY","USA",1000
"Downy Woodpecker","30_PA","USA",1000
"Downy Woodpecker","19_SD","USA",980
"Downy Woodpecker","21_KS","USA",920
"Downy Woodpecker","29_DE","USA",860
"Downy Woodpecker","18_WY","USA",810
"Downy Woodpecker","24_KS","USA",600
"Downy Woodpecker","18_SD","USA",500
"Downy Woodpecker","30_VT","USA",420
"Downy Woodpecker","20_TX","USA",420
"Downy Woodpecker","5_YT","CAN",390
"Downy Woodpecker","15_NV","USA",300
"Downy Woodpecker","10_CO","USA",240
"Downy Woodpecker","37_MS","USA",210
"Downy Woodpecker","23_OH","USA",170
"Downy Woodpecker","16_ID","USA",160
"Downy Woodpecker","6_YT","CAN",59
"Downy Woodpecker","9_WY","USA",11
"Downy Woodpecker","35_AZ","USA",2
"Nuttall's Woodpecker","32_CA","USA",710000
"Nuttall's Woodpecker","15_CA","USA",27000
"Nuttall's Woodpecker","5_CA","USA",5900
"Nuttall's Woodpecker","33_CA","USA",4400
"Nuttall's Woodpecker","9_CA","USA",1900
"Ladder-backed Woodpecker","36_TX","USA",370000
"Ladder-backed Woodpecker","21_TX","USA",290000
"Ladder-backed Woodpecker","34_AZ","USA",290000
"Ladder-backed Woodpecker","20_TX","USA",270000
"Ladder-backed Woodpecker","33_AZ","USA",220000
"Ladder-backed Woodpecker","35_TX","USA",200000
"Ladder-backed Woodpecker","19_TX","USA",170000
"Ladder-backed Woodpecker","35_NM","USA",130000
"Ladder-backed Woodpecker","37_TX","USA",97000
"Ladder-backed Woodpecker","18_NM","USA",88000
"Ladder-backed Woodpecker","33_CA","USA",81000
"Ladder-backed Woodpecker","18_TX","USA",57000
"Ladder-backed Woodpecker","16_NM","USA",43000
"Ladder-backed Woodpecker","34_NM","USA",26000
"Ladder-backed Woodpecker","19_OK","USA",14000
"Ladder-backed Woodpecker","33_NV","USA",13000
"Ladder-backed Woodpecker","9_NV","USA",13000
"Ladder-backed Woodpecker","32_CA","USA",5900
"Ladder-backed Woodpecker","16_AZ","USA",4100
"Ladder-backed Woodpecker","18_CO","USA",3800
"Ladder-backed Woodpecker","18_OK","USA",2300
"Ladder-backed Woodpecker","35_AZ","USA",1600
"Ladder-backed Woodpecker","33_UT","USA",320
"Ladder-backed Woodpecker","16_NV","USA",24
"Red-cockaded Woodpecker","27_FL","USA",NA
"Red-cockaded Woodpecker","27_NC","USA",NA
"Red-cockaded Woodpecker","25_TX","USA",NA
"Red-cockaded Woodpecker","27_SC","USA",NA
"Red-cockaded Woodpecker","25_LA","USA",NA
"Red-cockaded Woodpecker","27_AL","USA",NA
"Red-cockaded Woodpecker","28_AL","USA",NA
"Red-cockaded Woodpecker","27_MS","USA",NA
"Red-cockaded Woodpecker","21_TX","USA",NA
"Red-cockaded Woodpecker","27_GA","USA",NA
"Hairy Woodpecker","10_BC","CAN",470000
"Hairy Woodpecker","6_AB","CAN",360000
"Hairy Woodpecker","8_MB","CAN",340000
"Hairy Woodpecker","6_NT","CAN",320000
"Hairy Woodpecker","8_QC","CAN",320000
"Hairy Woodpecker","8_ON","CAN",300000
"Hairy Woodpecker","8_SK","CAN",290000
"Hairy Woodpecker","12_ON","CAN",280000
"Hairy Woodpecker","5_BC","CAN",260000
"Hairy Woodpecker","12_QC","CAN",220000
"Hairy Woodpecker","7_ON","CAN",210000
"Hairy Woodpecker","34_AZ","USA",190000
"Hairy Woodpecker","4_AK","USA",190000
"Hairy Woodpecker","6_SK","CAN",170000
"Hairy Woodpecker","9_OR","USA",160000
"Hairy Woodpecker","10_OR","USA",150000
"Hairy Woodpecker","14_ME","USA",140000
"Hairy Woodpecker","14_NB","CAN",140000
"Hairy Woodpecker","32_CA","USA",130000
"Hairy Woodpecker","15_CA","USA",130000
"Hairy Woodpecker","16_CO","USA",110000
"Hairy Woodpecker","12_MI","USA",110000
"Hairy Woodpecker","4_BC","CAN",110000
"Hairy Woodpecker","16_NM","USA",110000
"Hairy Woodpecker","5_AK","USA",96000
"Hairy Woodpecker","6_MB","CAN",96000
"Hairy Woodpecker","12_MN","USA",94000
"Hairy Woodpecker","12_WI","USA",93000
"Hairy Woodpecker","23_WI","USA",92000
"Hairy Woodpecker","17_SD","USA",86000
"Hairy Woodpecker","10_MT","USA",80000
"Hairy Woodpecker","5_OR","USA",77000
"Hairy Woodpecker","28_PA","USA",74000
"Hairy Woodpecker","4_YT","CAN",73000
"Hairy Woodpecker","13_ON","CAN",73000
"Hairy Woodpecker","5_CA","USA",68000
"Hairy Woodpecker","14_NS","CAN",67000
"Hairy Woodpecker","9_BC","CAN",66000
"Hairy Woodpecker","9_CA","USA",66000
"Hairy Woodpecker","14_NY","USA",65000
"Hairy Woodpecker","13_NY","USA",61000
"Hairy Woodpecker","27_MS","USA",59000
"Hairy Woodpecker","9_WA","USA",59000
"Hairy Woodpecker","16_UT","USA",58000
"Hairy Woodpecker","24_MO","USA",56000
"Hairy Woodpecker","23_MI","USA",52000
"Hairy Woodpecker","5_WA","USA",51000
"Hairy Woodpecker","16_AZ","USA",50000
"Hairy Woodpecker","8_NL","CAN",50000
"Hairy Woodpecker","14_QC","CAN",46000
"Hairy Woodpecker","11_SK","CAN",46000
"Hairy Woodpecker","24_KY","USA",46000
"Hairy Woodpecker","10_ID","USA",45000
"Hairy Woodpecker","11_ND","USA",44000
"Hairy Woodpecker","34_NM","USA",44000
"Hairy Woodpecker","28_KY","USA",43000
"Hairy Woodpecker","10_WA","USA",42000
"Hairy Woodpecker","27_NC","USA",42000
"Hairy Woodpecker","23_MN","USA",41000
"Hairy Woodpecker","14_NH","USA",40000
"Hairy Woodpecker","11_MB","CAN",40000
"Hairy Woodpecker","14_VT","USA",37000
"Hairy Woodpecker","35_NM","USA",35000
"Hairy Woodpecker","28_NY","USA",34000
"Hairy Woodpecker","28_TN","USA",34000
"Hairy Woodpecker","24_TN","USA",30000
"Hairy Woodpecker","6_BC","CAN",30000
"Hairy Woodpecker","25_AR","USA",27000
"Hairy Woodpecker","28_WV","USA",27000
"Hairy Woodpecker","11_MN","USA",26000
"Hairy Woodpecker","2_AK","USA",26000
"Hairy Woodpecker","19_KS","USA",24000
"Hairy Woodpecker","25_LA","USA",24000
"Hairy Woodpecker","19_NE","USA",24000
"Hairy Woodpecker","22_MO","USA",24000
"Hairy Woodpecker","24_IN","USA",23000
"Hairy Woodpecker","22_KS","USA",23000
"Hairy Woodpecker","28_OH","USA",22000
"Hairy Woodpecker","22_IL","USA",22000
"Hairy Woodpecker","13_QC","CAN",21000
"Hairy Woodpecker","11_AB","CAN",21000
"Hairy Woodpecker","7_QC","CAN",21000
"Hairy Woodpecker","29_NC","USA",21000
"Hairy Woodpecker","9_ID","USA",21000
"Hairy Woodpecker","27_VA","USA",20000
"Hairy Woodpecker","29_VA","USA",20000
"Hairy Woodpecker","9_NV","USA",19000
"Hairy Woodpecker","29_GA","USA",19000
"Hairy Woodpecker","10_WY","USA",19000
"Hairy Woodpecker","30_CT","USA",17000
"Hairy Woodpecker","28_VA","USA",16000
"Hairy Woodpecker","18_CO","USA",16000
"Hairy Woodpecker","28_AL","USA",15000
"Hairy Woodpecker","29_SC","USA",15000
"Hairy Woodpecker","28_NC","USA",15000
"Hairy Woodpecker","24_AR","USA",15000
"Hairy Woodpecker","30_MA","USA",15000
"Hairy Woodpecker","25_TX","USA",15000
"Hairy Woodpecker","16_WY","USA",14000
"Hairy Woodpecker","27_SC","USA",14000
"Hairy Woodpecker","25_OK","USA",14000
"Hairy Woodpecker","30_MD","USA",13000
"Hairy Woodpecker","17_WY","USA",13000
"Hairy Woodpecker","12_MB","CAN",13000
"Hairy Woodpecker","30_NH","USA",13000
"Hairy Woodpecker","22_IA","USA",12000
"Hairy Woodpecker","22_OH","USA",11000
"Hairy Woodpecker","19_OK","USA",11000
"Hairy Woodpecker","7_NT","CAN",9800
"Hairy Woodpecker","27_AL","USA",9200
"Hairy Woodpecker","7_NL","CAN",8300
"Hairy Woodpecker","13_OH","USA",8100
"Hairy Woodpecker","14_MA","USA",7900
"Hairy Woodpecker","21_OK","USA",7700
"Hairy Woodpecker","26_MS","USA",7400
"Hairy Woodpecker","26_LA","USA",7300
"Hairy Woodpecker","37_LA","USA",7200
"Hairy Woodpecker","26_AR","USA",7100
"Hairy Woodpecker","27_GA","USA",7100
"Hairy Woodpecker","24_IL","USA",6900
"Hairy Woodpecker","28_GA","USA",6600
"Hairy Woodpecker","14_PE","CAN",6400
"Hairy Woodpecker","28_MD","USA",6100
"Hairy Woodpecker","13_PA","USA",6100
"Hairy Woodpecker","27_TN","USA",5700
"Hairy Woodpecker","22_MN","USA",5600
"Hairy Woodpecker","24_OK","USA",5600
"Hairy Woodpecker","17_ND","USA",5500
"Hairy Woodpecker","22_IN","USA",5500
"Hairy Woodpecker","29_MD","USA",5200
"Hairy Woodpecker","29_PA","USA",5000
"Hairy Woodpecker","30_NJ","USA",4700
"Hairy Woodpecker","15_NV","USA",4300
"Hairy Woodpecker","17_MT","USA",4300
"Hairy Woodpecker","17_NE","USA",4000
"Hairy Woodpecker","27_LA","USA",4000
"Hairy Woodpecker","21_TX","USA",3800
"Hairy Woodpecker","11_IA","USA",3800
"Hairy Woodpecker","8_AB","CAN",3700
"Hairy Woodpecker","10_AB","CAN",3500
"Hairy Woodpecker","29_NJ","USA",3100
"Hairy Woodpecker","7_SK","CAN",2900
"Hairy Woodpecker","30_DE","USA",2700
"Hairy Woodpecker","5_YT","CAN",2400
"Hairy Woodpecker","13_VT","USA",2300
"Hairy Woodpecker","11_SD","USA",2100
"Hairy Woodpecker","23_IN","USA",2100
"Hairy Woodpecker","24_OH","USA",2100
"Hairy Woodpecker","28_NJ","USA",2000
"Hairy Woodpecker","29_AL","USA",1900
"Hairy Woodpecker","31_FL","USA",1800
"Hairy Woodpecker","22_OK","USA",1800
"Hairy Woodpecker","23_IL","USA",1700
"Hairy Woodpecker","23_IA","USA",1600
"Hairy Woodpecker","30_NY","USA",1600
"Hairy Woodpecker","30_ME","USA",1500
"Hairy Woodpecker","27_FL","USA",1500
"Hairy Woodpecker","24_AL","USA",1400
"Hairy Woodpecker","28_CT","USA",1400
"Hairy Woodpecker","18_NE","USA",1300
"Hairy Woodpecker","26_TN","USA",1200
"Hairy Woodpecker","14_CT","USA",1200
"Hairy Woodpecker","28_MA","USA",1100
"Hairy Woodpecker","11_NE","USA",1100
"Hairy Woodpecker","30_RI","USA",1000
"Hairy Woodpecker","28_SC","USA",970
"Hairy Woodpecker","30_VA","USA",960
"Hairy Woodpecker","22_WI","USA",920
"Hairy Woodpecker","26_KY","USA",860
"Hairy Woodpecker","26_MO","USA",830
"Hairy Woodpecker","22_NE","USA",730
"Hairy Woodpecker","18_NM","USA",610
"Hairy Woodpecker","18_WY","USA",540
"Hairy Woodpecker","26_IL","USA",530
"Hairy Woodpecker","19_TX","USA",520
"Hairy Woodpecker","35_AZ","USA",490
"Hairy Woodpecker","16_ID","USA",390
"Hairy Woodpecker","9_UT","USA",360
"Hairy Woodpecker","19_SD","USA",230
"Hairy Woodpecker","10_CO","USA",220
"Hairy Woodpecker","30_VT","USA",160
"Hairy Woodpecker","30_PA","USA",140
"Hairy Woodpecker","6_YT","CAN",140
"Hairy Woodpecker","16_NV","USA",140
"Hairy Woodpecker","29_NY","USA",130
"Hairy Woodpecker","29_DE","USA",93
"Hairy Woodpecker","18_SD","USA",90
"Hairy Woodpecker","24_KS","USA",78
"Hairy Woodpecker","21_KS","USA",46
"Hairy Woodpecker","9_WY","USA",43
"Hairy Woodpecker","37_MS","USA",26
"Hairy Woodpecker","23_OH","USA",18
"White-headed Woodpecker","15_CA","USA",120000
"White-headed Woodpecker","32_CA","USA",33000
"White-headed Woodpecker","9_CA","USA",27000
"White-headed Woodpecker","10_OR","USA",23000
"White-headed Woodpecker","9_OR","USA",20000
"White-headed Woodpecker","5_CA","USA",10000
"White-headed Woodpecker","10_WA","USA",5900
"White-headed Woodpecker","9_WA","USA",2800
"White-headed Woodpecker","15_NV","USA",2600
"White-headed Woodpecker","10_ID","USA",940
"White-headed Woodpecker","5_OR","USA",270
"Arizona Woodpecker","34_AZ","USA",21000
"Northern Flicker","10_BC","CAN",580000
"Northern Flicker","8_ON","CAN",570000
"Northern Flicker","6_NT","CAN",410000
"Northern Flicker","6_AB","CAN",360000
"Northern Flicker","8_MB","CAN",320000
"Northern Flicker","8_SK","CAN",300000
"Northern Flicker","7_NT","CAN",280000
"Northern Flicker","4_YT","CAN",280000
"Northern Flicker","16_CO","USA",280000
"Northern Flicker","12_ON","CAN",250000
"Northern Flicker","10_MT","USA",240000
"Northern Flicker","8_QC","CAN",190000
"Northern Flicker","32_CA","USA",180000
"Northern Flicker","6_SK","CAN",180000
"Northern Flicker","5_BC","CAN",160000
"Northern Flicker","16_NM","USA",150000
"Northern Flicker","9_OR","USA",150000
"Northern Flicker","10_WY","USA",150000
"Northern Flicker","19_NE","USA",150000
"Northern Flicker","7_ON","CAN",150000
"Northern Flicker","16_UT","USA",140000
"Northern Flicker","34_AZ","USA",140000
"Northern Flicker","12_QC","CAN",140000
"Northern Flicker","12_MI","USA",140000
"Northern Flicker","7_MB","CAN",140000
"Northern Flicker","9_BC","CAN",130000
"Northern Flicker","17_MT","USA",130000
"Northern Flicker","19_KS","USA",130000
"Northern Flicker","28_PA","USA",130000
"Northern Flicker","6_BC","CAN",130000
"Northern Flicker","10_OR","USA",120000
"Northern Flicker","4_AK","USA",120000
"Northern Flicker","17_SD","USA",110000
"Northern Flicker","9_NV","USA",110000
"Northern Flicker","12_MN","USA",110000
"Northern Flicker","6_MB","CAN",100000
"Northern Flicker","10_ID","USA",100000
"Northern Flicker","9_ID","USA",99000
"Northern Flicker","15_CA","USA",98000
"Northern Flicker","7_QC","CAN",97000
"Northern Flicker","4_BC","CAN",95000
"Northern Flicker","9_WA","USA",87000
"Northern Flicker","14_NB","CAN",85000
"Northern Flicker","28_WV","USA",83000
"Northern Flicker","13_ON","CAN",82000
"Northern Flicker","22_IA","USA",82000
"Northern Flicker","5_OR","USA",79000
"Northern Flicker","23_WI","USA",77000
"Northern Flicker","5_CA","USA",77000
"Northern Flicker","12_WI","USA",74000
"Northern Flicker","16_AZ","USA",69000
"Northern Flicker","11_SD","USA",67000
"Northern Flicker","9_CA","USA",66000
"Northern Flicker","14_NS","CAN",65000
"Northern Flicker","11_SK","CAN",64000
"Northern Flicker","24_KY","USA",64000
"Northern Flicker","7_SK","CAN",64000
"Northern Flicker","22_IL","USA",60000
"Northern Flicker","22_MO","USA",58000
"Northern Flicker","23_MI","USA",56000
"Northern Flicker","17_WY","USA",54000
"Northern Flicker","14_ME","USA",53000
"Northern Flicker","11_AB","CAN",53000
"Northern Flicker","11_MN","USA",51000
"Northern Flicker","13_NY","USA",50000
"Northern Flicker","27_NC","USA",49000
"Northern Flicker","17_ND","USA",48000
"Northern Flicker","10_WA","USA",46000
"Northern Flicker","11_ND","USA",43000
"Northern Flicker","11_MB","CAN",42000
"Northern Flicker","28_VA","USA",39000
"Northern Flicker","5_WA","USA",37000
"Northern Flicker","14_QC","CAN",37000
"Northern Flicker","22_OH","USA",35000
"Northern Flicker","11_NE","USA",35000
"Northern Flicker","28_OH","USA",33000
"Northern Flicker","23_MN","USA",32000
"Northern Flicker","8_NL","CAN",31000
"Northern Flicker","24_IN","USA",31000
"Northern Flicker","35_NM","USA",30000
"Northern Flicker","28_NY","USA",29000
"Northern Flicker","27_MS","USA",29000
"Northern Flicker","34_NM","USA",28000
"Northern Flicker","22_IN","USA",28000
"Northern Flicker","10_AB","CAN",26000
"Northern Flicker","28_KY","USA",26000
"Northern Flicker","28_TN","USA",24000
"Northern Flicker","29_VA","USA",23000
"Northern Flicker","7_NL","CAN",23000
"Northern Flicker","22_KS","USA",22000
"Northern Flicker","24_MO","USA",22000
"Northern Flicker","31_FL","USA",21000
"Northern Flicker","25_AR","USA",20000
"Northern Flicker","27_GA","USA",20000
"Northern Flicker","13_OH","USA",20000
"Northern Flicker","14_NY","USA",19000
"Northern Flicker","5_AK","USA",19000
"Northern Flicker","13_QC","CAN",19000
"Northern Flicker","18_CO","USA",19000
"Northern Flicker","29_NC","USA",18000
"Northern Flicker","27_FL","USA",17000
"Northern Flicker","22_NE","USA",17000
"Northern Flicker","11_MT","USA",17000
"Northern Flicker","29_GA","USA",16000
"Northern Flicker","25_LA","USA",15000
"Northern Flicker","11_IA","USA",14000
"Northern Flicker","12_MB","CAN",14000
"Northern Flicker","27_AL","USA",14000
"Northern Flicker","24_TN","USA",13000
"Northern Flicker","16_WY","USA",13000
"Northern Flicker","10_CO","USA",13000
"Northern Flicker","29_PA","USA",13000
"Northern Flicker","6_YT","CAN",12000
"Northern Flicker","28_NC","USA",12000
"Northern Flicker","13_PA","USA",12000
"Northern Flicker","9_UT","USA",12000
"Northern Flicker","18_NE","USA",11000
"Northern Flicker","27_VA","USA",11000
"Northern Flicker","30_MA","USA",11000
"Northern Flicker","19_OK","USA",10000
"Northern Flicker","23_IN","USA",10000
"Northern Flicker","14_PE","CAN",9400
"Northern Flicker","28_GA","USA",9100
"Northern Flicker","29_SC","USA",8900
"Northern Flicker","19_TX","USA",8800
"Northern Flicker","22_MN","USA",8700
"Northern Flicker","30_MD","USA",8600
"Northern Flicker","30_NJ","USA",8300
"Northern Flicker","26_LA","USA",8200
"Northern Flicker","14_VT","USA",7200
"Northern Flicker","7_AB","CAN",7200
"Northern Flicker","14_NH","USA",7100
"Northern Flicker","28_AL","USA",6900
"Northern Flicker","24_AR","USA",6700
"Northern Flicker","26_MS","USA",6700
"Northern Flicker","30_CT","USA",6400
"Northern Flicker","29_MD","USA",5600
"Northern Flicker","25_OK","USA",5500
"Northern Flicker","17_NE","USA",5300
"Northern Flicker","21_OK","USA",5300
"Northern Flicker","24_IL","USA",5200
"Northern Flicker","33_CA","USA",4800
"Northern Flicker","28_MD","USA",4800
"Northern Flicker","26_AR","USA",4000
"Northern Flicker","30_NY","USA",3900
"Northern Flicker","27_TN","USA",3400
"Northern Flicker","18_WY","USA",3300
"Northern Flicker","28_NJ","USA",3200
"Northern Flicker","18_NM","USA",2900
"Northern Flicker","14_MA","USA",2800
"Northern Flicker","18_TX","USA",2700
"Northern Flicker","30_DE","USA",2500
"Northern Flicker","29_AL","USA",2500
"Northern Flicker","27_SC","USA",2400
"Northern Flicker","15_NV","USA",2300
"Northern Flicker","22_MI","USA",2300
"Northern Flicker","30_NH","USA",2200
"Northern Flicker","30_RI","USA",2200
"Northern Flicker","29_NJ","USA",2200
"Northern Flicker","13_VT","USA",2100
"Northern Flicker","33_AZ","USA",2000
"Northern Flicker","35_TX","USA",2000
"Northern Flicker","23_IA","USA",2000
"Northern Flicker","26_MO","USA",1800
"Northern Flicker","24_OH","USA",1700
"Northern Flicker","22_OK","USA",1700
"Northern Flicker","23_IL","USA",1600
"Northern Flicker","10_UT","USA",1600
"Northern Flicker","19_SD","USA",1400
"Northern Flicker","25_TX","USA",1300
"Northern Flicker","27_LA","USA",1200
"Northern Flicker","24_AL","USA",1200
"Northern Flicker","30_VA","USA",1100
"Northern Flicker","22_WI","USA",1100
"Northern Flicker","16_ID","USA",970
"Northern Flicker","37_LA","USA",940
"Northern Flicker","18_KS","USA",840
"Northern Flicker","18_SD","USA",790
"Northern Flicker","26_KY","USA",740
"Northern Flicker","26_TN","USA",590
"Northern Flicker","35_AZ","USA",570
"Northern Flicker","27_KY","USA",500
"Northern Flicker","5_YT","CAN",490
"Northern Flicker","26_IL","USA",450
"Northern Flicker","28_CT","USA",430
"Northern Flicker","21_TX","USA",390
"Northern Flicker","28_MA","USA",330
"Northern Flicker","30_PA","USA",250
"Northern Flicker","29_DE","USA",230
"Northern Flicker","14_CT","USA",220
"Northern Flicker","16_NV","USA",200
"Northern Flicker","37_TX","USA",160
"Northern Flicker","28_SC","USA",150
"Northern Flicker","24_OK","USA",130
"Northern Flicker","9_WY","USA",110
"Northern Flicker","23_OH","USA",85
"Northern Flicker","30_ME","USA",80
"Northern Flicker","18_OK","USA",77
"Northern Flicker","21_KS","USA",32
"Northern Flicker","30_VT","USA",29
"Northern Flicker","37_MS","USA",4
"Northern Flicker","29_NY","USA",3
"Northern Flicker","24_KS","USA",2
"Gilded Flicker","33_AZ","USA",170000
"Gilded Flicker","34_AZ","USA",19000
"Pileated Woodpecker","10_BC","CAN",140000
"Pileated Woodpecker","8_ON","CAN",130000
"Pileated Woodpecker","12_ON","CAN",120000
"Pileated Woodpecker","8_MB","CAN",110000
"Pileated Woodpecker","27_GA","USA",92000
"Pileated Woodpecker","12_QC","CAN",88000
"Pileated Woodpecker","8_SK","CAN",78000
"Pileated Woodpecker","24_MO","USA",61000
"Pileated Woodpecker","27_MS","USA",61000
"Pileated Woodpecker","28_WV","USA",60000
"Pileated Woodpecker","27_NC","USA",57000
"Pileated Woodpecker","31_FL","USA",55000
"Pileated Woodpecker","25_TX","USA",47000
"Pileated Woodpecker","27_SC","USA",46000
"Pileated Woodpecker","27_FL","USA",45000
"Pileated Woodpecker","12_MN","USA",45000
"Pileated Woodpecker","25_AR","USA",43000
"Pileated Woodpecker","27_AL","USA",42000
"Pileated Woodpecker","24_TN","USA",42000
"Pileated Woodpecker","28_PA","USA",41000
"Pileated Woodpecker","6_AB","CAN",41000
"Pileated Woodpecker","28_TN","USA",40000
"Pileated Woodpecker","14_ME","USA",39000
"Pileated Woodpecker","12_MI","USA",38000
"Pileated Woodpecker","5_OR","USA",35000
"Pileated Woodpecker","12_WI","USA",34000
"Pileated Woodpecker","28_KY","USA",32000
"Pileated Woodpecker","24_KY","USA",32000
"Pileated Woodpecker","5_BC","CAN",30000
"Pileated Woodpecker","24_AR","USA",30000
"Pileated Woodpecker","10_ID","USA",29000
"Pileated Woodpecker","26_LA","USA",28000
"Pileated Woodpecker","28_VA","USA",28000
"Pileated Woodpecker","29_VA","USA",27000
"Pileated Woodpecker","23_WI","USA",27000
"Pileated Woodpecker","6_SK","CAN",27000
"Pileated Woodpecker","25_LA","USA",26000
"Pileated Woodpecker","28_AL","USA",25000
"Pileated Woodpecker","24_IN","USA",25000
"Pileated Woodpecker","8_QC","CAN",25000
"Pileated Woodpecker","6_MB","CAN",23000
"Pileated Woodpecker","28_OH","USA",23000
"Pileated Woodpecker","29_GA","USA",20000
"Pileated Woodpecker","32_CA","USA",20000
"Pileated Woodpecker","13_NY","USA",19000
"Pileated Woodpecker","29_NC","USA",18000
"Pileated Woodpecker","29_SC","USA",17000
"Pileated Woodpecker","13_ON","CAN",17000
"Pileated Woodpecker","27_VA","USA",16000
"Pileated Woodpecker","14_NB","CAN",16000
"Pileated Woodpecker","21_TX","USA",16000
"Pileated Woodpecker","28_NC","USA",15000
"Pileated Woodpecker","7_NT","CAN",15000
"Pileated Woodpecker","25_OK","USA",15000
"Pileated Woodpecker","5_CA","USA",14000
"Pileated Woodpecker","14_NS","CAN",14000
"Pileated Woodpecker","24_IL","USA",13000
"Pileated Woodpecker","10_OR","USA",12000
"Pileated Woodpecker","22_MO","USA",12000
"Pileated Woodpecker","10_MT","USA",12000
"Pileated Woodpecker","14_NY","USA",12000
"Pileated Woodpecker","9_BC","CAN",10000
"Pileated Woodpecker","7_ON","CAN",10000
"Pileated Woodpecker","5_WA","USA",9900
"Pileated Woodpecker","6_NT","CAN",9700
"Pileated Woodpecker","26_AR","USA",9500
"Pileated Woodpecker","23_MI","USA",9200
"Pileated Woodpecker","15_CA","USA",9200
"Pileated Woodpecker","27_TN","USA",9200
"Pileated Woodpecker","14_QC","CAN",8800
"Pileated Woodpecker","28_GA","USA",8800
"Pileated Woodpecker","30_MD","USA",8800
"Pileated Woodpecker","12_MB","CAN",8500
"Pileated Woodpecker","21_OK","USA",8500
"Pileated Woodpecker","9_WA","USA",8400
"Pileated Woodpecker","37_TX","USA",7800
"Pileated Woodpecker","28_NY","USA",7700
"Pileated Woodpecker","22_IL","USA",7600
"Pileated Woodpecker","9_OR","USA",7500
"Pileated Woodpecker","23_MN","USA",7300
"Pileated Woodpecker","14_NH","USA",6900
"Pileated Woodpecker","22_KS","USA",6400
"Pileated Woodpecker","27_LA","USA",6200
"Pileated Woodpecker","22_OH","USA",6000
"Pileated Woodpecker","29_AL","USA",5900
"Pileated Woodpecker","28_MD","USA",4900
"Pileated Woodpecker","14_VT","USA",4700
"Pileated Woodpecker","10_WA","USA",4600
"Pileated Woodpecker","24_OK","USA",4600
"Pileated Woodpecker","26_MS","USA",4500
"Pileated Woodpecker","37_LA","USA",4500
"Pileated Woodpecker","14_MA","USA",4000
"Pileated Woodpecker","13_OH","USA",3300
"Pileated Woodpecker","6_BC","CAN",3100
"Pileated Woodpecker","22_IN","USA",3000
"Pileated Woodpecker","10_AB","CAN",3000
"Pileated Woodpecker","24_OH","USA",2800
"Pileated Woodpecker","13_QC","CAN",2700
"Pileated Woodpecker","30_NH","USA",2600
"Pileated Woodpecker","28_SC","USA",2400
"Pileated Woodpecker","24_AL","USA",2400
"Pileated Woodpecker","30_CT","USA",2300
"Pileated Woodpecker","11_MN","USA",2300
"Pileated Woodpecker","13_PA","USA",2300
"Pileated Woodpecker","30_VA","USA",2200
"Pileated Woodpecker","26_MO","USA",2200
"Pileated Woodpecker","11_ND","USA",2200
"Pileated Woodpecker","29_MD","USA",2100
"Pileated Woodpecker","11_MB","CAN",1900
"Pileated Woodpecker","9_CA","USA",1800
"Pileated Woodpecker","28_NJ","USA",1600
"Pileated Woodpecker","26_TN","USA",1400
"Pileated Woodpecker","30_DE","USA",1100
"Pileated Woodpecker","11_SK","CAN",1000
"Pileated Woodpecker","11_AB","CAN",930
"Pileated Woodpecker","30_MA","USA",800
"Pileated Woodpecker","13_VT","USA",740
"Pileated Woodpecker","23_IN","USA",600
"Pileated Woodpecker","27_KY","USA",540
"Pileated Woodpecker","14_CT","USA",370
"Pileated Woodpecker","28_CT","USA",310
"Pileated Woodpecker","22_IA","USA",250
"Pileated Woodpecker","29_PA","USA",250
"Pileated Woodpecker","28_MA","USA",240
"Pileated Woodpecker","30_ME","USA",230
"Pileated Woodpecker","26_KY","USA",230
"Pileated Woodpecker","22_WI","USA",210
"Pileated Woodpecker","19_OK","USA",200
"Pileated Woodpecker","29_NJ","USA",190
"Pileated Woodpecker","19_KS","USA",190
"Pileated Woodpecker","22_OK","USA",180
"Pileated Woodpecker","22_MN","USA",180
"Pileated Woodpecker","26_IL","USA",140
"Pileated Woodpecker","30_RI","USA",130
"Pileated Woodpecker","30_NY","USA",110
"Pileated Woodpecker","21_KS","USA",94
"Pileated Woodpecker","24_KS","USA",65
"Pileated Woodpecker","30_VT","USA",34
"Pileated Woodpecker","23_IL","USA",33
"Pileated Woodpecker","37_MS","USA",17
"Pileated Woodpecker","8_AB","CAN",5
"Pileated Woodpecker","29_DE","USA",5
"Crested Caracara","36_TX","USA",66000
"Crested Caracara","21_TX","USA",26000
"Crested Caracara","37_TX","USA",20000
"Crested Caracara","31_FL","USA",4900
"Crested Caracara","20_TX","USA",4900
"Crested Caracara","35_TX","USA",2000
"Crested Caracara","33_AZ","USA",740
"Crested Caracara","19_TX","USA",240
"Crested Caracara","37_LA","USA",120
"Crested Caracara","25_TX","USA",90
"Crested Caracara","34_AZ","USA",50
"Crested Caracara","25_LA","USA",22
"American Kestrel","6_AB","CAN",150000
"American Kestrel","9_NV","USA",130000
"American Kestrel","8_SK","CAN",120000
"American Kestrel","32_CA","USA",110000
"American Kestrel","17_MT","USA",95000
"American Kestrel","9_ID","USA",91000
"American Kestrel","9_OR","USA",74000
"American Kestrel","16_NM","USA",63000
"American Kestrel","6_BC","CAN",60000
"American Kestrel","8_ON","CAN",58000
"American Kestrel","10_MT","USA",57000
"American Kestrel","9_WA","USA",55000
"American Kestrel","22_IL","USA",54000
"American Kestrel","10_WY","USA",54000
"American Kestrel","33_CA","USA",53000
"American Kestrel","33_AZ","USA",52000
"American Kestrel","16_CO","USA",46000
"American Kestrel","18_CO","USA",45000
"American Kestrel","6_NT","CAN",45000
"American Kestrel","6_SK","CAN",44000
"American Kestrel","34_AZ","USA",38000
"American Kestrel","16_UT","USA",36000
"American Kestrel","6_MB","CAN",36000
"American Kestrel","7_MB","CAN",36000
"American Kestrel","10_BC","CAN",35000
"American Kestrel","24_KY","USA",34000
"American Kestrel","18_TX","USA",34000
"American Kestrel","17_WY","USA",34000
"American Kestrel","19_NE","USA",33000
"American Kestrel","22_IA","USA",29000
"American Kestrel","19_KS","USA",28000
"American Kestrel","23_WI","USA",28000
"American Kestrel","35_NM","USA",27000
"American Kestrel","18_NM","USA",26000
"American Kestrel","12_ON","CAN",24000
"American Kestrel","11_MN","USA",24000
"American Kestrel","8_QC","CAN",23000
"American Kestrel","10_OR","USA",23000
"American Kestrel","19_OK","USA",23000
"American Kestrel","4_YT","CAN",23000
"American Kestrel","11_MB","CAN",22000
"American Kestrel","9_UT","USA",22000
"American Kestrel","22_MO","USA",21000
"American Kestrel","7_NT","CAN",20000
"American Kestrel","9_CA","USA",20000
"American Kestrel","22_OH","USA",20000
"American Kestrel","8_MB","CAN",19000
"American Kestrel","24_TN","USA",19000
"American Kestrel","17_SD","USA",19000
"American Kestrel","28_PA","USA",18000
"American Kestrel","18_NE","USA",18000
"American Kestrel","5_OR","USA",17000
"American Kestrel","16_AZ","USA",17000
"American Kestrel","23_MN","USA",17000
"American Kestrel","24_IN","USA",17000
"American Kestrel","12_MN","USA",17000
"American Kestrel","9_BC","CAN",16000
"American Kestrel","10_ID","USA",14000
"American Kestrel","31_FL","USA",14000
"American Kestrel","19_TX","USA",13000
"American Kestrel","22_IN","USA",12000
"American Kestrel","22_KS","USA",12000
"American Kestrel","10_CO","USA",12000
"American Kestrel","11_AB","CAN",12000
"American Kestrel","12_QC","CAN",12000
"American Kestrel","11_ND","USA",11000
"American Kestrel","11_MT","USA",11000
"American Kestrel","13_NY","USA",11000
"American Kestrel","24_MO","USA",11000
"American Kestrel","3_AK","USA",10000
"American Kestrel","18_WY","USA",10000
"American Kestrel","13_ON","CAN",9800
"American Kestrel","11_SD","USA",9500
"American Kestrel","12_MI","USA",9300
"American Kestrel","17_ND","USA",9300
"American Kestrel","35_TX","USA",8800
"American Kestrel","11_NE","USA",8400
"American Kestrel","11_SK","CAN",8000
"American Kestrel","5_CA","USA",7800
"American Kestrel","28_NY","USA",7800
"American Kestrel","28_VA","USA",7500
"American Kestrel","14_NB","CAN",7200
"American Kestrel","4_BC","CAN",7000
"American Kestrel","11_IA","USA",6700
"American Kestrel","18_KS","USA",6400
"American Kestrel","24_IL","USA",6200
"American Kestrel","10_WA","USA",6200
"American Kestrel","14_QC","CAN",6200
"American Kestrel","26_MO","USA",6200
"American Kestrel","4_AK","USA",6100
"American Kestrel","24_AR","USA",6100
"American Kestrel","23_MI","USA",5800
"American Kestrel","15_CA","USA",5600
"American Kestrel","28_KY","USA",5500
"American Kestrel","12_WI","USA",5000
"American Kestrel","7_SK","CAN",4800
"American Kestrel","14_ME","USA",4800
"American Kestrel","23_IN","USA",4800
"American Kestrel","22_NE","USA",4500
"American Kestrel","12_MB","CAN",4400
"American Kestrel","28_WV","USA",4200
"American Kestrel","7_ON","CAN",4100
"American Kestrel","16_WY","USA",3400
"American Kestrel","29_VA","USA",3400
"American Kestrel","28_AL","USA",3300
"American Kestrel","28_OH","USA",3200
"American Kestrel","36_TX","USA",3200
"American Kestrel","18_OK","USA",3000
"American Kestrel","7_AB","CAN",3000
"American Kestrel","13_OH","USA",3000
"American Kestrel","27_TN","USA",2900
"American Kestrel","22_MN","USA",2900
"American Kestrel","25_OK","USA",2800
"American Kestrel","27_FL","USA",2500
"American Kestrel","5_WA","USA",2500
"American Kestrel","22_OK","USA",2500
"American Kestrel","14_NS","CAN",2400
"American Kestrel","14_NY","USA",2300
"American Kestrel","29_PA","USA",2100
"American Kestrel","13_PA","USA",2100
"American Kestrel","28_TN","USA",2100
"American Kestrel","26_AR","USA",2000
"American Kestrel","13_QC","CAN",2000
"American Kestrel","33_NV","USA",1800
"American Kestrel","14_VT","USA",1800
"American Kestrel","24_AL","USA",1800
"American Kestrel","25_AR","USA",1600
"American Kestrel","14_NH","USA",1600
"American Kestrel","5_BC","CAN",1500
"American Kestrel","10_UT","USA",1500
"American Kestrel","34_NM","USA",1400
"American Kestrel","18_SD","USA",1200
"American Kestrel","21_OK","USA",1100
"American Kestrel","25_TX","USA",1100
"American Kestrel","27_KY","USA",1000
"American Kestrel","21_TX","USA",990
"American Kestrel","14_PE","CAN",930
"American Kestrel","17_NE","USA",880
"American Kestrel","5_AK","USA",800
"American Kestrel","23_IL","USA",750
"American Kestrel","29_SC","USA",710
"American Kestrel","22_MI","USA",600
"American Kestrel","30_MD","USA",570
"American Kestrel","6_YT","CAN",550
"American Kestrel","27_GA","USA",530
"American Kestrel","28_MD","USA",520
"American Kestrel","29_GA","USA",510
"American Kestrel","23_IA","USA",480
"American Kestrel","29_NC","USA",470
"American Kestrel","25_LA","USA",460
"American Kestrel","29_MD","USA",420
"American Kestrel","10_AB","CAN",390
"American Kestrel","35_AZ","USA",360
"American Kestrel","27_SC","USA",340
"American Kestrel","19_SD","USA",320
"American Kestrel","27_NC","USA",300
"American Kestrel","13_VT","USA",290
"American Kestrel","26_TN","USA",290
"American Kestrel","26_KY","USA",280
"American Kestrel","30_DE","USA",270
"American Kestrel","27_MS","USA",260
"American Kestrel","28_GA","USA",250
"American Kestrel","14_MA","USA",240
"American Kestrel","16_ID","USA",240
"American Kestrel","29_NJ","USA",230
"American Kestrel","27_VA","USA",190
"American Kestrel","30_CT","USA",190
"American Kestrel","26_IL","USA",170
"American Kestrel","30_NJ","USA",160
"American Kestrel","24_OH","USA",130
"American Kestrel","27_AL","USA",120
"American Kestrel","15_NV","USA",110
"American Kestrel","9_WY","USA",100
"American Kestrel","28_CT","USA",64
"American Kestrel","28_NC","USA",60
"American Kestrel","28_MA","USA",50
"American Kestrel","16_NV","USA",49
"American Kestrel","23_OH","USA",40
"American Kestrel","29_DE","USA",39
"American Kestrel","22_WI","USA",37
"American Kestrel","30_NH","USA",34
"American Kestrel","30_MA","USA",30
"American Kestrel","33_UT","USA",23
"American Kestrel","28_NJ","USA",22
"American Kestrel","29_NY","USA",10
"American Kestrel","21_KS","USA",7
"American Kestrel","30_PA","USA",5
"American Kestrel","30_VT","USA",1
"Merlin","7_QC","CAN",170000
"Merlin","3_NU","CAN",130000
"Merlin","4_AK","USA",120000
"Merlin","7_ON","CAN",93000
"Merlin","8_ON","CAN",76000
"Merlin","11_SK","CAN",71000
"Merlin","8_QC","CAN",68000
"Merlin","7_NL","CAN",66000
"Merlin","7_MB","CAN",64000
"Merlin","6_AB","CAN",60000
"Merlin","7_NT","CAN",57000
"Merlin","8_MB","CAN",56000
"Merlin","2_AK","USA",43000
"Merlin","8_SK","CAN",43000
"Merlin","6_SK","CAN",42000
"Merlin","3_QC","CAN",41000
"Merlin","6_NT","CAN",39000
"Merlin","10_BC","CAN",36000
"Merlin","12_QC","CAN",30000
"Merlin","5_BC","CAN",27000
"Merlin","6_MB","CAN",27000
"Merlin","3_NT","CAN",26000
"Merlin","11_AB","CAN",26000
"Merlin","8_NL","CAN",20000
"Merlin","11_MB","CAN",20000
"Merlin","12_ON","CAN",19000
"Merlin","5_AK","USA",13000
"Merlin","14_QC","CAN",13000
"Merlin","6_BC","CAN",12000
"Merlin","3_AK","USA",11000
"Merlin","4_YT","CAN",11000
"Merlin","7_SK","CAN",10000
"Merlin","12_MI","USA",9500
"Merlin","9_BC","CAN",8600
"Merlin","14_NB","CAN",7300
"Merlin","12_MN","USA",6000
"Merlin","11_MN","USA",5100
"Merlin","14_NS","CAN",5100
"Merlin","12_WI","USA",3000
"Merlin","17_SD","USA",2900
"Merlin","17_MT","USA",2900
"Merlin","10_AB","CAN",2700
"Merlin","13_ON","CAN",2500
"Merlin","12_MB","CAN",2100
"Merlin","13_QC","CAN",2100
"Merlin","11_ND","USA",1600
"Merlin","1_AK","USA",1500
"Merlin","14_NY","USA",1400
"Merlin","14_ME","USA",1300
"Merlin","3_YT","CAN",1300
"Merlin","11_MT","USA",1200
"Merlin","10_ID","USA",1100
"Merlin","23_WI","USA",1100
"Merlin","17_WY","USA",1000
"Merlin","10_WY","USA",940
"Merlin","14_NH","USA",710
"Merlin","5_WA","USA",670
"Merlin","8_AB","CAN",620
"Merlin","23_MN","USA",540
"Merlin","14_PE","CAN",500
"Merlin","6_YT","CAN",480
"Merlin","10_MT","USA",470
"Merlin","17_ND","USA",420
"Merlin","13_NY","USA",360
"Merlin","5_YT","CAN",340
"Merlin","3_MB","CAN",300
"Merlin","9_WA","USA",220
"Merlin","14_VT","USA",200
"Gyrfalcon","3_NU","CAN",24000
"Gyrfalcon","2_AK","USA",8000
"Gyrfalcon","3_NT","CAN",4700
"Gyrfalcon","3_QC","CAN",4600
"Gyrfalcon","4_AK","USA",300
"Gyrfalcon","3_NL","CAN",190
"Gyrfalcon","1_AK","USA",9
"Peregrine Falcon","3_NU","CAN",NA
"Peregrine Falcon","3_QC","CAN",NA
"Peregrine Falcon","3_NT","CAN",NA
"Peregrine Falcon","4_AK","USA",NA
"Peregrine Falcon","2_AK","USA",NA
"Peregrine Falcon","5_BC","CAN",NA
"Peregrine Falcon","32_CA","USA",NA
"Peregrine Falcon","16_AZ","USA",NA
"Peregrine Falcon","16_CO","USA",NA
"Peregrine Falcon","16_NM","USA",NA
"Peregrine Falcon","16_UT","USA",NA
"Peregrine Falcon","9_BC","CAN",NA
"Peregrine Falcon","9_WA","USA",NA
"Peregrine Falcon","34_AZ","USA",NA
"Peregrine Falcon","34_NM","USA",NA
"Peregrine Falcon","5_CA","USA",NA
"Peregrine Falcon","10_WY","USA",NA
"Peregrine Falcon","8_QC","CAN",NA
"Peregrine Falcon","35_NM","USA",NA
"Peregrine Falcon","5_OR","USA",NA
"Peregrine Falcon","9_UT","USA",NA
"Peregrine Falcon","5_AK","USA",NA
"Peregrine Falcon","5_WA","USA",NA
"Peregrine Falcon","9_ID","USA",NA
"Peregrine Falcon","6_AB","CAN",NA
"Peregrine Falcon","9_NV","USA",NA
"Peregrine Falcon","10_MT","USA",NA
"Peregrine Falcon","33_CA","USA",NA
"Peregrine Falcon","23_WI","USA",NA
"Peregrine Falcon","10_BC","CAN",NA
"Peregrine Falcon","12_MN","USA",NA
"Peregrine Falcon","35_TX","USA",NA
"Peregrine Falcon","14_QC","CAN",NA
"Peregrine Falcon","1_AK","USA",NA
"Peregrine Falcon","21_TX","USA",NA
"Peregrine Falcon","6_MB","CAN",NA
"Peregrine Falcon","10_ID","USA",NA
"Peregrine Falcon","9_CA","USA",NA
"Peregrine Falcon","33_AZ","USA",NA
"Peregrine Falcon","18_CO","USA",NA
"Peregrine Falcon","15_CA","USA",NA
"Peregrine Falcon","17_WY","USA",NA
"Peregrine Falcon","28_PA","USA",NA
"Peregrine Falcon","10_WA","USA",NA
"Peregrine Falcon","11_AB","CAN",NA
"Peregrine Falcon","12_MI","USA",NA
"Peregrine Falcon","27_AL","USA",NA
"Peregrine Falcon","13_NY","USA",NA
"Peregrine Falcon","30_CT","USA",NA
"Peregrine Falcon","14_NH","USA",NA
"Peregrine Falcon","5_YT","CAN",NA
"Peregrine Falcon","35_AZ","USA",NA
"Peregrine Falcon","16_ID","USA",NA
"Peregrine Falcon","16_NV","USA",NA
"Peregrine Falcon","15_NV","USA",NA
"Peregrine Falcon","9_WY","USA",NA
"Prairie Falcon","9_NV","USA",21000
"Prairie Falcon","9_OR","USA",16000
"Prairie Falcon","9_UT","USA",8600
"Prairie Falcon","10_WY","USA",5900
"Prairie Falcon","18_CO","USA",5600
"Prairie Falcon","16_AZ","USA",3500
"Prairie Falcon","16_UT","USA",3100
"Prairie Falcon","9_ID","USA",2700
"Prairie Falcon","16_CO","USA",2500
"Prairie Falcon","9_CA","USA",2400
"Prairie Falcon","32_CA","USA",2400
"Prairie Falcon","10_MT","USA",2300
"Prairie Falcon","17_MT","USA",1900
"Prairie Falcon","16_NM","USA",1800
"Prairie Falcon","33_NV","USA",1800
"Prairie Falcon","18_NM","USA",1600
"Prairie Falcon","33_CA","USA",1500
"Prairie Falcon","11_MT","USA",1500
"Prairie Falcon","33_AZ","USA",1500
"Prairie Falcon","35_NM","USA",1300
"Prairie Falcon","9_WA","USA",1300
"Prairie Falcon","11_SK","CAN",1200
"Prairie Falcon","11_AB","CAN",1200
"Prairie Falcon","17_WY","USA",880
"Prairie Falcon","17_ND","USA",500
"Prairie Falcon","18_TX","USA",490
"Prairie Falcon","17_SD","USA",460
"Prairie Falcon","10_OR","USA",400
"Prairie Falcon","18_NE","USA",400
"Prairie Falcon","19_NE","USA",390
"Prairie Falcon","16_WY","USA",380
"Prairie Falcon","35_TX","USA",320
"Prairie Falcon","18_WY","USA",280
"Prairie Falcon","18_KS","USA",280
"Prairie Falcon","10_ID","USA",240
"Prairie Falcon","18_OK","USA",240
"Prairie Falcon","19_OK","USA",170
"Prairie Falcon","34_AZ","USA",170
"Prairie Falcon","34_NM","USA",130
"Prairie Falcon","10_CO","USA",50
"Prairie Falcon","15_CA","USA",34
"Prairie Falcon","18_SD","USA",34
"Prairie Falcon","5_CA","USA",32
"Prairie Falcon","33_UT","USA",22
"Prairie Falcon","17_NE","USA",22
"Prairie Falcon","16_ID","USA",21
"Prairie Falcon","35_AZ","USA",21
"Prairie Falcon","16_NV","USA",11
"Prairie Falcon","19_SD","USA",4
"Prairie Falcon","9_WY","USA",3
"Prairie Falcon","15_NV","USA",2
"Monk Parakeet","31_FL","USA",59000
"Monk Parakeet","26_LA","USA",520
"Northern Beardless-Tyrannulet","34_AZ","USA",NA
"Northern Beardless-Tyrannulet","37_TX","USA",NA
"Ash-throated Flycatcher","32_CA","USA",980000
"Ash-throated Flycatcher","33_AZ","USA",910000
"Ash-throated Flycatcher","35_TX","USA",640000
"Ash-throated Flycatcher","34_AZ","USA",640000
"Ash-throated Flycatcher","16_NM","USA",550000
"Ash-throated Flycatcher","35_NM","USA",500000
"Ash-throated Flycatcher","16_UT","USA",290000
"Ash-throated Flycatcher","16_AZ","USA",250000
"Ash-throated Flycatcher","33_CA","USA",230000
"Ash-throated Flycatcher","36_TX","USA",220000
"Ash-throated Flycatcher","19_TX","USA",210000
"Ash-throated Flycatcher","18_NM","USA",200000
"Ash-throated Flycatcher","9_NV","USA",200000
"Ash-throated Flycatcher","20_TX","USA",140000
"Ash-throated Flycatcher","18_TX","USA",140000
"Ash-throated Flycatcher","34_NM","USA",130000
"Ash-throated Flycatcher","16_CO","USA",120000
"Ash-throated Flycatcher","33_NV","USA",110000
"Ash-throated Flycatcher","9_OR","USA",57000
"Ash-throated Flycatcher","9_CA","USA",53000
"Ash-throated Flycatcher","15_CA","USA",48000
"Ash-throated Flycatcher","37_TX","USA",44000
"Ash-throated Flycatcher","21_TX","USA",44000
"Ash-throated Flycatcher","5_CA","USA",38000
"Ash-throated Flycatcher","9_UT","USA",29000
"Ash-throated Flycatcher","5_OR","USA",19000
"Ash-throated Flycatcher","10_OR","USA",17000
"Ash-throated Flycatcher","18_CO","USA",16000
"Ash-throated Flycatcher","9_ID","USA",8100
"Ash-throated Flycatcher","19_OK","USA",7800
"Ash-throated Flycatcher","35_AZ","USA",6400
"Ash-throated Flycatcher","10_CO","USA",3500
"Ash-throated Flycatcher","16_ID","USA",2000
"Ash-throated Flycatcher","33_UT","USA",1300
"Ash-throated Flycatcher","9_WA","USA",1100
"Ash-throated Flycatcher","18_OK","USA",1100
"Ash-throated Flycatcher","15_NV","USA",930
"Ash-throated Flycatcher","16_NV","USA",720
"Ash-throated Flycatcher","10_WY","USA",560
"Ash-throated Flycatcher","9_WY","USA",15
"Great Crested Flycatcher","27_GA","USA",690000
"Great Crested Flycatcher","27_FL","USA",630000
"Great Crested Flycatcher","31_FL","USA",460000
"Great Crested Flycatcher","27_NC","USA",450000
"Great Crested Flycatcher","27_SC","USA",370000
"Great Crested Flycatcher","27_AL","USA",370000
"Great Crested Flycatcher","27_MS","USA",320000
"Great Crested Flycatcher","22_KS","USA",240000
"Great Crested Flycatcher","19_KS","USA",220000
"Great Crested Flycatcher","12_ON","CAN",200000
"Great Crested Flycatcher","22_MO","USA",180000
"Great Crested Flycatcher","13_ON","CAN",180000
"Great Crested Flycatcher","19_OK","USA",170000
"Great Crested Flycatcher","24_MO","USA",160000
"Great Crested Flycatcher","23_WI","USA",160000
"Great Crested Flycatcher","12_MI","USA",150000
"Great Crested Flycatcher","21_OK","USA",140000
"Great Crested Flycatcher","25_AR","USA",130000
"Great Crested Flycatcher","29_GA","USA",130000
"Great Crested Flycatcher","23_MN","USA",130000
"Great Crested Flycatcher","21_TX","USA",120000
"Great Crested Flycatcher","12_MN","USA",120000
"Great Crested Flycatcher","25_TX","USA",110000
"Great Crested Flycatcher","22_IL","USA",100000
"Great Crested Flycatcher","28_PA","USA",96000
"Great Crested Flycatcher","24_KY","USA",93000
"Great Crested Flycatcher","28_AL","USA",90000
"Great Crested Flycatcher","23_MI","USA",87000
"Great Crested Flycatcher","29_NC","USA",85000
"Great Crested Flycatcher","24_TN","USA",85000
"Great Crested Flycatcher","26_AR","USA",84000
"Great Crested Flycatcher","25_OK","USA",84000
"Great Crested Flycatcher","29_SC","USA",83000
"Great Crested Flycatcher","25_LA","USA",75000
"Great Crested Flycatcher","24_AR","USA",74000
"Great Crested Flycatcher","12_QC","CAN",73000
"Great Crested Flycatcher","11_MN","USA",71000
"Great Crested Flycatcher","13_NY","USA",68000
"Great Crested Flycatcher","29_VA","USA",67000
"Great Crested Flycatcher","12_WI","USA",64000
"Great Crested Flycatcher","30_MD","USA",64000
"Great Crested Flycatcher","26_LA","USA",62000
"Great Crested Flycatcher","28_WV","USA",61000
"Great Crested Flycatcher","6_MB","CAN",60000
"Great Crested Flycatcher","22_IA","USA",60000
"Great Crested Flycatcher","11_MB","CAN",59000
"Great Crested Flycatcher","11_ND","USA",57000
"Great Crested Flycatcher","27_VA","USA",57000
"Great Crested Flycatcher","19_NE","USA",56000
"Great Crested Flycatcher","28_VA","USA",55000
"Great Crested Flycatcher","14_ME","USA",48000
"Great Crested Flycatcher","24_IN","USA",46000
"Great Crested Flycatcher","27_TN","USA",45000
"Great Crested Flycatcher","22_IN","USA",43000
"Great Crested Flycatcher","26_MS","USA",41000
"Great Crested Flycatcher","22_OH","USA",39000
"Great Crested Flycatcher","24_IL","USA",38000
"Great Crested Flycatcher","28_KY","USA",36000
"Great Crested Flycatcher","28_TN","USA",36000
"Great Crested Flycatcher","30_NJ","USA",35000
"Great Crested Flycatcher","28_NY","USA",30000
"Great Crested Flycatcher","27_LA","USA",29000
"Great Crested Flycatcher","28_GA","USA",23000
"Great Crested Flycatcher","30_MA","USA",23000
"Great Crested Flycatcher","29_AL","USA",22000
"Great Crested Flycatcher","13_QC","CAN",21000
"Great Crested Flycatcher","14_NY","USA",20000
"Great Crested Flycatcher","6_SK","CAN",18000
"Great Crested Flycatcher","22_OK","USA",17000
"Great Crested Flycatcher","13_OH","USA",16000
"Great Crested Flycatcher","28_OH","USA",16000
"Great Crested Flycatcher","20_TX","USA",16000
"Great Crested Flycatcher","24_OK","USA",15000
"Great Crested Flycatcher","30_CT","USA",14000
"Great Crested Flycatcher","30_DE","USA",14000
"Great Crested Flycatcher","19_TX","USA",13000
"Great Crested Flycatcher","29_MD","USA",13000
"Great Crested Flycatcher","24_AL","USA",12000
"Great Crested Flycatcher","22_NE","USA",11000
"Great Crested Flycatcher","14_NB","CAN",11000
"Great Crested Flycatcher","23_IN","USA",11000
"Great Crested Flycatcher","14_NH","USA",10000
"Great Crested Flycatcher","14_QC","CAN",9900
"Great Crested Flycatcher","29_PA","USA",9200
"Great Crested Flycatcher","22_MN","USA",9200
"Great Crested Flycatcher","14_VT","USA",9000
"Great Crested Flycatcher","26_MO","USA",8800
"Great Crested Flycatcher","11_NE","USA",8500
"Great Crested Flycatcher","28_NJ","USA",8100
"Great Crested Flycatcher","11_SK","CAN",7900
"Great Crested Flycatcher","12_MB","CAN",7800
"Great Crested Flycatcher","28_MD","USA",7200
"Great Crested Flycatcher","30_NH","USA",7000
"Great Crested Flycatcher","11_IA","USA",6900
"Great Crested Flycatcher","37_TX","USA",6500
"Great Crested Flycatcher","13_PA","USA",6300
"Great Crested Flycatcher","37_LA","USA",6100
"Great Crested Flycatcher","26_TN","USA",5900
"Great Crested Flycatcher","27_KY","USA",5500
"Great Crested Flycatcher","18_NE","USA",4700
"Great Crested Flycatcher","23_IA","USA",4600
"Great Crested Flycatcher","30_VA","USA",4100
"Great Crested Flycatcher","26_KY","USA",4000
"Great Crested Flycatcher","24_OH","USA",3900
"Great Crested Flycatcher","36_TX","USA",3800
"Great Crested Flycatcher","11_SD","USA",3700
"Great Crested Flycatcher","28_SC","USA",3600
"Great Crested Flycatcher","13_VT","USA",3500
"Great Crested Flycatcher","29_NJ","USA",3400
"Great Crested Flycatcher","23_IL","USA",2800
"Great Crested Flycatcher","28_NC","USA",2700
"Great Crested Flycatcher","14_MA","USA",2500
"Great Crested Flycatcher","8_ON","CAN",2500
"Great Crested Flycatcher","26_IL","USA",2500
"Great Crested Flycatcher","22_MI","USA",2300
"Great Crested Flycatcher","6_AB","CAN",2200
"Great Crested Flycatcher","30_NY","USA",1900
"Great Crested Flycatcher","30_RI","USA",1400
"Great Crested Flycatcher","30_ME","USA",1200
"Great Crested Flycatcher","30_PA","USA",1100
"Great Crested Flycatcher","14_CT","USA",980
"Great Crested Flycatcher","17_SD","USA",880
"Great Crested Flycatcher","22_WI","USA",850
"Great Crested Flycatcher","21_KS","USA",830
"Great Crested Flycatcher","18_OK","USA",820
"Great Crested Flycatcher","28_CT","USA",750
"Great Crested Flycatcher","18_SD","USA",650
"Great Crested Flycatcher","19_SD","USA",620
"Great Crested Flycatcher","18_KS","USA",610
"Great Crested Flycatcher","28_MA","USA",590
"Great Crested Flycatcher","8_MB","CAN",370
"Great Crested Flycatcher","17_ND","USA",310
"Great Crested Flycatcher","24_KS","USA",220
"Great Crested Flycatcher","11_AB","CAN",200
"Great Crested Flycatcher","29_DE","USA",170
"Great Crested Flycatcher","29_NY","USA",140
"Great Crested Flycatcher","30_VT","USA",91
"Great Crested Flycatcher","23_OH","USA",90
"Great Crested Flycatcher","17_NE","USA",83
"Great Crested Flycatcher","37_MS","USA",22
"Brown-crested Flycatcher","34_AZ","USA",370000
"Brown-crested Flycatcher","36_TX","USA",280000
"Brown-crested Flycatcher","33_AZ","USA",240000
"Brown-crested Flycatcher","21_TX","USA",56000
"Brown-crested Flycatcher","37_TX","USA",43000
"Brown-crested Flycatcher","35_TX","USA",18000
"Brown-crested Flycatcher","35_NM","USA",11000
"Brown-crested Flycatcher","20_TX","USA",9100
"Brown-crested Flycatcher","16_AZ","USA",1900
"Brown-crested Flycatcher","35_AZ","USA",280
"Brown-crested Flycatcher","16_UT","USA",120
"Sulphur-bellied Flycatcher","34_AZ","USA",NA
"Couch's Kingbird","36_TX","USA",190000
"Couch's Kingbird","37_TX","USA",38000
"Couch's Kingbird","21_TX","USA",17000
"Couch's Kingbird","35_TX","USA",4900
"Couch's Kingbird","20_TX","USA",420
"Cassin's Kingbird","16_NM","USA",610000
"Cassin's Kingbird","35_NM","USA",380000
"Cassin's Kingbird","34_AZ","USA",360000
"Cassin's Kingbird","18_NM","USA",220000
"Cassin's Kingbird","16_AZ","USA",210000
"Cassin's Kingbird","35_TX","USA",210000
"Cassin's Kingbird","34_NM","USA",160000
"Cassin's Kingbird","18_CO","USA",84000
"Cassin's Kingbird","32_CA","USA",69000
"Cassin's Kingbird","16_CO","USA",45000
"Cassin's Kingbird","16_UT","USA",45000
"Cassin's Kingbird","33_CA","USA",26000
"Cassin's Kingbird","35_AZ","USA",9900
"Cassin's Kingbird","33_AZ","USA",9600
"Cassin's Kingbird","17_MT","USA",9100
"Cassin's Kingbird","9_NV","USA",9000
"Cassin's Kingbird","18_TX","USA",7400
"Cassin's Kingbird","18_OK","USA",4000
"Cassin's Kingbird","18_WY","USA",3500
"Cassin's Kingbird","18_NE","USA",870
"Cassin's Kingbird","16_NV","USA",610
"Cassin's Kingbird","33_NV","USA",520
"Cassin's Kingbird","17_WY","USA",370
"Cassin's Kingbird","18_SD","USA",120
"Thick-billed Kingbird","34_AZ","USA",NA
"Western Kingbird","18_TX","USA",5000000
"Western Kingbird","18_CO","USA",2200000
"Western Kingbird","32_CA","USA",2000000
"Western Kingbird","18_NM","USA",1500000
"Western Kingbird","19_KS","USA",1200000
"Western Kingbird","35_NM","USA",1100000
"Western Kingbird","9_NV","USA",1100000
"Western Kingbird","11_ND","USA",1000000
"Western Kingbird","11_SK","CAN",950000
"Western Kingbird","19_NE","USA",820000
"Western Kingbird","35_TX","USA",670000
"Western Kingbird","9_ID","USA",640000
"Western Kingbird","9_WA","USA",580000
"Western Kingbird","17_MT","USA",580000
"Western Kingbird","17_ND","USA",570000
"Western Kingbird","9_UT","USA",550000
"Western Kingbird","19_TX","USA",550000
"Western Kingbird","18_NE","USA",520000
"Western Kingbird","33_CA","USA",520000
"Western Kingbird","33_AZ","USA",510000
"Western Kingbird","18_KS","USA",440000
"Western Kingbird","11_SD","USA",440000
"Western Kingbird","16_AZ","USA",360000
"Western Kingbird","21_TX","USA",330000
"Western Kingbird","17_SD","USA",280000
"Western Kingbird","11_MT","USA",280000
"Western Kingbird","34_AZ","USA",270000
"Western Kingbird","16_CO","USA",270000
"Western Kingbird","16_UT","USA",260000
"Western Kingbird","18_WY","USA",260000
"Western Kingbird","16_NM","USA",260000
"Western Kingbird","11_AB","CAN",240000
"Western Kingbird","17_WY","USA",220000
"Western Kingbird","9_OR","USA",220000
"Western Kingbird","9_CA","USA",210000
"Western Kingbird","19_OK","USA",190000
"Western Kingbird","36_TX","USA",160000
"Western Kingbird","18_OK","USA",150000
"Western Kingbird","10_OR","USA",140000
"Western Kingbird","11_MB","CAN",120000
"Western Kingbird","10_MT","USA",96000
"Western Kingbird","10_WY","USA",95000
"Western Kingbird","9_BC","CAN",77000
"Western Kingbird","20_TX","USA",75000
"Western Kingbird","34_NM","USA",63000
"Western Kingbird","5_OR","USA",58000
"Western Kingbird","21_OK","USA",52000
"Western Kingbird","10_BC","CAN",51000
"Western Kingbird","33_NV","USA",48000
"Western Kingbird","22_KS","USA",43000
"Western Kingbird","5_CA","USA",43000
"Western Kingbird","10_ID","USA",39000
"Western Kingbird","22_NE","USA",37000
"Western Kingbird","18_SD","USA",36000
"Western Kingbird","15_CA","USA",32000
"Western Kingbird","10_CO","USA",30000
"Western Kingbird","10_WA","USA",23000
"Western Kingbird","37_TX","USA",22000
"Western Kingbird","25_TX","USA",22000
"Western Kingbird","6_MB","CAN",21000
"Western Kingbird","22_MO","USA",17000
"Western Kingbird","11_MN","USA",17000
"Western Kingbird","10_UT","USA",16000
"Western Kingbird","11_NE","USA",15000
"Western Kingbird","35_AZ","USA",14000
"Western Kingbird","22_OK","USA",14000
"Western Kingbird","17_NE","USA",13000
"Western Kingbird","6_SK","CAN",11000
"Western Kingbird","19_SD","USA",9100
"Western Kingbird","22_IA","USA",8700
"Western Kingbird","25_OK","USA",6800
"Western Kingbird","16_WY","USA",3700
"Western Kingbird","24_AR","USA",2800
"Western Kingbird","25_AR","USA",2800
"Western Kingbird","12_MB","CAN",2000
"Western Kingbird","5_BC","CAN",1800
"Western Kingbird","16_ID","USA",1800
"Western Kingbird","5_WA","USA",1400
"Western Kingbird","16_NV","USA",1000
"Western Kingbird","9_WY","USA",710
"Western Kingbird","15_NV","USA",610
"Western Kingbird","24_MO","USA",600
"Western Kingbird","33_UT","USA",590
"Western Kingbird","12_MN","USA",360
"Western Kingbird","23_IN","USA",210
"Western Kingbird","22_IL","USA",210
"Western Kingbird","26_AR","USA",200
"Western Kingbird","12_ON","CAN",170
"Eastern Kingbird","19_NE","USA",1900000
"Eastern Kingbird","11_SK","CAN",1700000
"Eastern Kingbird","11_ND","USA",1600000
"Eastern Kingbird","19_KS","USA",1500000
"Eastern Kingbird","11_SD","USA",1100000
"Eastern Kingbird","17_MT","USA",860000
"Eastern Kingbird","17_ND","USA",720000
"Eastern Kingbird","17_SD","USA",660000
"Eastern Kingbird","22_IA","USA",560000
"Eastern Kingbird","27_MS","USA",550000
"Eastern Kingbird","11_AB","CAN",530000
"Eastern Kingbird","22_MO","USA",510000
"Eastern Kingbird","11_MB","CAN",500000
"Eastern Kingbird","27_GA","USA",460000
"Eastern Kingbird","11_MT","USA",450000
"Eastern Kingbird","13_ON","CAN",440000
"Eastern Kingbird","27_NC","USA",440000
"Eastern Kingbird","24_MO","USA",400000
"Eastern Kingbird","10_MT","USA",400000
"Eastern Kingbird","24_KY","USA",390000
"Eastern Kingbird","22_IL","USA",370000
"Eastern Kingbird","27_FL","USA",330000
"Eastern Kingbird","22_KS","USA",320000
"Eastern Kingbird","27_AL","USA",320000
"Eastern Kingbird","27_SC","USA",280000
"Eastern Kingbird","37_LA","USA",250000
"Eastern Kingbird","23_WI","USA",250000
"Eastern Kingbird","25_TX","USA",250000
"Eastern Kingbird","10_BC","CAN",240000
"Eastern Kingbird","12_MI","USA",230000
"Eastern Kingbird","24_AR","USA",210000
"Eastern Kingbird","11_NE","USA",210000
"Eastern Kingbird","25_AR","USA",200000
"Eastern Kingbird","24_TN","USA",190000
"Eastern Kingbird","22_NE","USA",190000
"Eastern Kingbird","9_WA","USA",190000
"Eastern Kingbird","28_AL","USA",180000
"Eastern Kingbird","6_AB","CAN",180000
"Eastern Kingbird","17_WY","USA",180000
"Eastern Kingbird","11_MN","USA",170000
"Eastern Kingbird","29_GA","USA",160000
"Eastern Kingbird","13_NY","USA",160000
"Eastern Kingbird","23_MI","USA",160000
"Eastern Kingbird","12_MN","USA",150000
"Eastern Kingbird","12_ON","CAN",150000
"Eastern Kingbird","19_OK","USA",140000
"Eastern Kingbird","25_LA","USA",140000
"Eastern Kingbird","28_PA","USA",140000
"Eastern Kingbird","6_MB","CAN",130000
"Eastern Kingbird","24_IN","USA",130000
"Eastern Kingbird","26_AR","USA",130000
"Eastern Kingbird","25_OK","USA",130000
"Eastern Kingbird","18_CO","USA",120000
"Eastern Kingbird","11_IA","USA",120000
"Eastern Kingbird","28_TN","USA",120000
"Eastern Kingbird","27_TN","USA",110000
"Eastern Kingbird","18_NE","USA",110000
"Eastern Kingbird","28_NY","USA",95000
"Eastern Kingbird","21_TX","USA",94000
"Eastern Kingbird","9_ID","USA",90000
"Eastern Kingbird","10_WY","USA",88000
"Eastern Kingbird","12_QC","CAN",88000
"Eastern Kingbird","29_NC","USA",88000
"Eastern Kingbird","29_VA","USA",84000
"Eastern Kingbird","28_VA","USA",82000
"Eastern Kingbird","21_OK","USA",81000
"Eastern Kingbird","28_KY","USA",81000
"Eastern Kingbird","12_WI","USA",77000
"Eastern Kingbird","28_WV","USA",76000
"Eastern Kingbird","29_SC","USA",75000
"Eastern Kingbird","23_MN","USA",74000
"Eastern Kingbird","22_IN","USA",73000
"Eastern Kingbird","22_OH","USA",69000
"Eastern Kingbird","22_OK","USA",69000
"Eastern Kingbird","9_BC","CAN",68000
"Eastern Kingbird","26_LA","USA",61000
"Eastern Kingbird","14_QC","CAN",60000
"Eastern Kingbird","6_SK","CAN",60000
"Eastern Kingbird","27_LA","USA",60000
"Eastern Kingbird","13_QC","CAN",58000
"Eastern Kingbird","24_IL","USA",54000
"Eastern Kingbird","24_AL","USA",52000
"Eastern Kingbird","37_TX","USA",51000
"Eastern Kingbird","14_ME","USA",49000
"Eastern Kingbird","28_OH","USA",45000
"Eastern Kingbird","27_VA","USA",43000
"Eastern Kingbird","19_TX","USA",41000
"Eastern Kingbird","30_MD","USA",40000
"Eastern Kingbird","9_OR","USA",36000
"Eastern Kingbird","28_GA","USA",36000
"Eastern Kingbird","23_IN","USA",36000
"Eastern Kingbird","18_WY","USA",35000
"Eastern Kingbird","29_PA","USA",35000
"Eastern Kingbird","18_KS","USA",35000
"Eastern Kingbird","26_MO","USA",34000
"Eastern Kingbird","30_MA","USA",34000
"Eastern Kingbird","10_ID","USA",33000
"Eastern Kingbird","29_AL","USA",32000
"Eastern Kingbird","31_FL","USA",31000
"Eastern Kingbird","14_NH","USA",31000
"Eastern Kingbird","30_NJ","USA",31000
"Eastern Kingbird","17_NE","USA",31000
"Eastern Kingbird","8_QC","CAN",31000
"Eastern Kingbird","13_OH","USA",30000
"Eastern Kingbird","24_OK","USA",30000
"Eastern Kingbird","29_MD","USA",28000
"Eastern Kingbird","10_OR","USA",28000
"Eastern Kingbird","10_WA","USA",27000
"Eastern Kingbird","14_VT","USA",26000
"Eastern Kingbird","8_ON","CAN",23000
"Eastern Kingbird","18_OK","USA",23000
"Eastern Kingbird","30_CT","USA",22000
"Eastern Kingbird","14_NY","USA",21000
"Eastern Kingbird","22_MN","USA",21000
"Eastern Kingbird","12_MB","CAN",19000
"Eastern Kingbird","13_PA","USA",18000
"Eastern Kingbird","18_NM","USA",18000
"Eastern Kingbird","19_SD","USA",18000
"Eastern Kingbird","26_MS","USA",18000
"Eastern Kingbird","13_VT","USA",16000
"Eastern Kingbird","6_NT","CAN",15000
"Eastern Kingbird","23_IA","USA",14000
"Eastern Kingbird","28_NC","USA",14000
"Eastern Kingbird","27_KY","USA",13000
"Eastern Kingbird","30_NH","USA",13000
"Eastern Kingbird","30_DE","USA",12000
"Eastern Kingbird","9_UT","USA",12000
"Eastern Kingbird","14_MA","USA",12000
"Eastern Kingbird","14_NB","CAN",11000
"Eastern Kingbird","18_TX","USA",11000
"Eastern Kingbird","23_IL","USA",11000
"Eastern Kingbird","28_MD","USA",9100
"Eastern Kingbird","36_TX","USA",8700
"Eastern Kingbird","18_SD","USA",7400
"Eastern Kingbird","10_UT","USA",7400
"Eastern Kingbird","22_MI","USA",6800
"Eastern Kingbird","29_NJ","USA",6500
"Eastern Kingbird","28_NJ","USA",6300
"Eastern Kingbird","10_CO","USA",5500
"Eastern Kingbird","10_AB","CAN",5400
"Eastern Kingbird","16_UT","USA",5000
"Eastern Kingbird","30_RI","USA",4100
"Eastern Kingbird","8_SK","CAN",4100
"Eastern Kingbird","24_OH","USA",3500
"Eastern Kingbird","14_NS","CAN",3400
"Eastern Kingbird","20_TX","USA",3400
"Eastern Kingbird","26_TN","USA",3400
"Eastern Kingbird","16_WY","USA",3000
"Eastern Kingbird","30_VA","USA",3000
"Eastern Kingbird","30_NY","USA",2500
"Eastern Kingbird","28_CT","USA",2100
"Eastern Kingbird","22_WI","USA",2000
"Eastern Kingbird","8_MB","CAN",1900
"Eastern Kingbird","9_NV","USA",1800
"Eastern Kingbird","8_AB","CAN",1800
"Eastern Kingbird","28_MA","USA",1600
"Eastern Kingbird","26_KY","USA",1500
"Eastern Kingbird","30_ME","USA",1500
"Eastern Kingbird","14_PE","CAN",1300
"Eastern Kingbird","30_PA","USA",940
"Eastern Kingbird","26_IL","USA",930
"Eastern Kingbird","37_MS","USA",910
"Eastern Kingbird","16_CO","USA",880
"Eastern Kingbird","14_CT","USA",860
"Eastern Kingbird","28_SC","USA",800
"Eastern Kingbird","29_DE","USA",640
"Eastern Kingbird","5_WA","USA",580
"Eastern Kingbird","5_BC","CAN",490
"Eastern Kingbird","21_KS","USA",480
"Eastern Kingbird","8_NL","CAN",480
"Eastern Kingbird","24_KS","USA",410
"Eastern Kingbird","23_OH","USA",300
"Eastern Kingbird","29_NY","USA",280
"Eastern Kingbird","30_VT","USA",160
"Eastern Kingbird","9_WY","USA",100
"Eastern Kingbird","16_ID","USA",68
"Gray Kingbird","31_FL","USA",20000
"Gray Kingbird","27_FL","USA",1800
"Gray Kingbird","27_AL","USA",950
"Scissor-tailed Flycatcher","21_TX","USA",1800000
"Scissor-tailed Flycatcher","19_TX","USA",1200000
"Scissor-tailed Flycatcher","36_TX","USA",900000
"Scissor-tailed Flycatcher","19_OK","USA",830000
"Scissor-tailed Flycatcher","18_TX","USA",520000
"Scissor-tailed Flycatcher","21_OK","USA",420000
"Scissor-tailed Flycatcher","20_TX","USA",310000
"Scissor-tailed Flycatcher","37_TX","USA",290000
"Scissor-tailed Flycatcher","25_TX","USA",290000
"Scissor-tailed Flycatcher","25_OK","USA",180000
"Scissor-tailed Flycatcher","19_KS","USA",160000
"Scissor-tailed Flycatcher","22_OK","USA",150000
"Scissor-tailed Flycatcher","22_KS","USA",140000
"Scissor-tailed Flycatcher","24_AR","USA",130000
"Scissor-tailed Flycatcher","35_TX","USA",130000
"Scissor-tailed Flycatcher","25_AR","USA",120000
"Scissor-tailed Flycatcher","24_MO","USA",92000
"Scissor-tailed Flycatcher","18_NM","USA",90000
"Scissor-tailed Flycatcher","18_OK","USA",42000
"Scissor-tailed Flycatcher","26_AR","USA",36000
"Scissor-tailed Flycatcher","24_OK","USA",21000
"Scissor-tailed Flycatcher","22_MO","USA",21000
"Scissor-tailed Flycatcher","25_LA","USA",16000
"Scissor-tailed Flycatcher","18_KS","USA",7400
"Scissor-tailed Flycatcher","37_LA","USA",6200
"Scissor-tailed Flycatcher","35_NM","USA",3800
"Scissor-tailed Flycatcher","21_KS","USA",2500
"Scissor-tailed Flycatcher","19_NE","USA",2300
"Scissor-tailed Flycatcher","16_NM","USA",560
"Scissor-tailed Flycatcher","26_MO","USA",470
"Scissor-tailed Flycatcher","24_KS","USA",290
"Scissor-tailed Flycatcher","24_KY","USA",160
"Scissor-tailed Flycatcher","27_NC","USA",80
"Olive-sided Flycatcher","4_AK","USA",380000
"Olive-sided Flycatcher","4_YT","CAN",210000
"Olive-sided Flycatcher","10_BC","CAN",170000
"Olive-sided Flycatcher","6_NT","CAN",110000
"Olive-sided Flycatcher","9_OR","USA",72000
"Olive-sided Flycatcher","8_ON","CAN",67000
"Olive-sided Flycatcher","8_MB","CAN",64000
"Olive-sided Flycatcher","5_BC","CAN",62000
"Olive-sided Flycatcher","4_BC","CAN",57000
"Olive-sided Flycatcher","8_SK","CAN",49000
"Olive-sided Flycatcher","7_ON","CAN",47000
"Olive-sided Flycatcher","7_QC","CAN",42000
"Olive-sided Flycatcher","5_OR","USA",41000
"Olive-sided Flycatcher","15_CA","USA",39000
"Olive-sided Flycatcher","8_QC","CAN",39000
"Olive-sided Flycatcher","5_AK","USA",38000
"Olive-sided Flycatcher","10_ID","USA",35000
"Olive-sided Flycatcher","32_CA","USA",32000
"Olive-sided Flycatcher","16_CO","USA",28000
"Olive-sided Flycatcher","10_MT","USA",28000
"Olive-sided Flycatcher","6_BC","CAN",25000
"Olive-sided Flycatcher","5_WA","USA",21000
"Olive-sided Flycatcher","5_CA","USA",20000
"Olive-sided Flycatcher","9_CA","USA",18000
"Olive-sided Flycatcher","6_AB","CAN",18000
"Olive-sided Flycatcher","7_NL","CAN",16000
"Olive-sided Flycatcher","9_BC","CAN",13000
"Olive-sided Flycatcher","10_OR","USA",13000
"Olive-sided Flycatcher","12_ON","CAN",12000
"Olive-sided Flycatcher","6_MB","CAN",12000
"Olive-sided Flycatcher","9_WA","USA",11000
"Olive-sided Flycatcher","8_NL","CAN",11000
"Olive-sided Flycatcher","6_SK","CAN",11000
"Olive-sided Flycatcher","3_AK","USA",10000
"Olive-sided Flycatcher","14_NS","CAN",8400
"Olive-sided Flycatcher","6_YT","CAN",7700
"Olive-sided Flycatcher","12_QC","CAN",7000
"Olive-sided Flycatcher","34_AZ","USA",6700
"Olive-sided Flycatcher","16_UT","USA",6500
"Olive-sided Flycatcher","10_AB","CAN",6200
"Olive-sided Flycatcher","10_WA","USA",5300
"Olive-sided Flycatcher","14_NB","CAN",5100
"Olive-sided Flycatcher","10_WY","USA",5000
"Olive-sided Flycatcher","14_ME","USA",4800
"Olive-sided Flycatcher","7_NT","CAN",4500
"Olive-sided Flycatcher","16_NM","USA",4400
"Olive-sided Flycatcher","12_MN","USA",4300
"Olive-sided Flycatcher","14_QC","CAN",3500
"Olive-sided Flycatcher","12_MB","CAN",2400
"Olive-sided Flycatcher","7_SK","CAN",2300
"Olive-sided Flycatcher","16_AZ","USA",1600
"Olive-sided Flycatcher","5_YT","CAN",960
"Olive-sided Flycatcher","15_NV","USA",760
"Olive-sided Flycatcher","12_MI","USA",740
"Olive-sided Flycatcher","14_NY","USA",650
"Olive-sided Flycatcher","34_NM","USA",620
"Olive-sided Flycatcher","16_WY","USA",530
"Olive-sided Flycatcher","11_AB","CAN",510
"Olive-sided Flycatcher","17_MT","USA",480
"Olive-sided Flycatcher","9_ID","USA",400
"Olive-sided Flycatcher","7_AB","CAN",360
"Olive-sided Flycatcher","35_NM","USA",280
"Olive-sided Flycatcher","12_WI","USA",270
"Olive-sided Flycatcher","14_VT","USA",260
"Olive-sided Flycatcher","14_NH","USA",210
"Olive-sided Flycatcher","11_MB","CAN",190
"Olive-sided Flycatcher","3_YT","CAN",190
"Olive-sided Flycatcher","23_MN","USA",180
"Olive-sided Flycatcher","9_UT","USA",130
"Olive-sided Flycatcher","13_ON","CAN",120
"Olive-sided Flycatcher","23_WI","USA",120
"Olive-sided Flycatcher","11_MN","USA",110
"Olive-sided Flycatcher","14_PE","CAN",100
"Olive-sided Flycatcher","16_ID","USA",44
"Olive-sided Flycatcher","16_NV","USA",6
"Olive-sided Flycatcher","9_WY","USA",1
"Greater Pewee","34_AZ","USA",5900
"Greater Pewee","34_NM","USA",500
"Western Wood-Pewee","10_BC","CAN",1300000
"Western Wood-Pewee","16_CO","USA",590000
"Western Wood-Pewee","16_NM","USA",460000
"Western Wood-Pewee","9_WA","USA",450000
"Western Wood-Pewee","15_CA","USA",440000
"Western Wood-Pewee","10_MT","USA",340000
"Western Wood-Pewee","32_CA","USA",300000
"Western Wood-Pewee","5_OR","USA",300000
"Western Wood-Pewee","17_MT","USA",290000
"Western Wood-Pewee","10_OR","USA",270000
"Western Wood-Pewee","9_OR","USA",260000
"Western Wood-Pewee","34_AZ","USA",250000
"Western Wood-Pewee","4_YT","CAN",250000
"Western Wood-Pewee","4_BC","CAN",230000
"Western Wood-Pewee","6_AB","CAN",220000
"Western Wood-Pewee","10_WA","USA",220000
"Western Wood-Pewee","9_CA","USA",220000
"Western Wood-Pewee","10_ID","USA",210000
"Western Wood-Pewee","9_BC","CAN",190000
"Western Wood-Pewee","6_BC","CAN",190000
"Western Wood-Pewee","6_NT","CAN",160000
"Western Wood-Pewee","5_CA","USA",160000
"Western Wood-Pewee","9_ID","USA",160000
"Western Wood-Pewee","16_AZ","USA",150000
"Western Wood-Pewee","17_SD","USA",150000
"Western Wood-Pewee","16_UT","USA",140000
"Western Wood-Pewee","4_AK","USA",130000
"Western Wood-Pewee","35_NM","USA",110000
"Western Wood-Pewee","10_WY","USA",99000
"Western Wood-Pewee","5_BC","CAN",96000
"Western Wood-Pewee","5_WA","USA",75000
"Western Wood-Pewee","17_WY","USA",63000
"Western Wood-Pewee","9_NV","USA",51000
"Western Wood-Pewee","11_MT","USA",38000
"Western Wood-Pewee","11_AB","CAN",36000
"Western Wood-Pewee","18_CO","USA",34000
"Western Wood-Pewee","34_NM","USA",32000
"Western Wood-Pewee","10_AB","CAN",28000
"Western Wood-Pewee","18_NE","USA",28000
"Western Wood-Pewee","18_NM","USA",24000
"Western Wood-Pewee","6_SK","CAN",24000
"Western Wood-Pewee","16_WY","USA",23000
"Western Wood-Pewee","17_NE","USA",14000
"Western Wood-Pewee","5_AK","USA",11000
"Western Wood-Pewee","2_AK","USA",10000
"Western Wood-Pewee","35_TX","USA",10000
"Western Wood-Pewee","15_NV","USA",8600
"Western Wood-Pewee","9_UT","USA",7700
"Western Wood-Pewee","33_CA","USA",7100
"Western Wood-Pewee","4_NT","CAN",5400
"Western Wood-Pewee","10_CO","USA",3800
"Western Wood-Pewee","18_WY","USA",2700
"Western Wood-Pewee","35_AZ","USA",1400
"Western Wood-Pewee","17_ND","USA",1000
"Western Wood-Pewee","16_ID","USA",950
"Western Wood-Pewee","33_AZ","USA",910
"Western Wood-Pewee","18_OK","USA",640
"Western Wood-Pewee","10_UT","USA",620
"Western Wood-Pewee","5_YT","CAN",500
"Western Wood-Pewee","16_NV","USA",440
"Western Wood-Pewee","6_MB","CAN",400
"Western Wood-Pewee","33_NV","USA",370
"Western Wood-Pewee","11_SK","CAN",220
"Western Wood-Pewee","19_NE","USA",210
"Western Wood-Pewee","9_WY","USA",170
"Western Wood-Pewee","33_UT","USA",5
"Eastern Wood-Pewee","24_MO","USA",530000
"Eastern Wood-Pewee","22_MO","USA",240000
"Eastern Wood-Pewee","24_KY","USA",230000
"Eastern Wood-Pewee","23_WI","USA",220000
"Eastern Wood-Pewee","27_MS","USA",180000
"Eastern Wood-Pewee","29_VA","USA",180000
"Eastern Wood-Pewee","28_PA","USA",170000
"Eastern Wood-Pewee","22_IL","USA",170000
"Eastern Wood-Pewee","23_MI","USA",170000
"Eastern Wood-Pewee","24_TN","USA",160000
"Eastern Wood-Pewee","12_MI","USA",140000
"Eastern Wood-Pewee","28_WV","USA",130000
"Eastern Wood-Pewee","27_NC","USA",130000
"Eastern Wood-Pewee","29_NC","USA",130000
"Eastern Wood-Pewee","24_IN","USA",120000
"Eastern Wood-Pewee","24_AR","USA",120000
"Eastern Wood-Pewee","22_KS","USA",110000
"Eastern Wood-Pewee","26_AR","USA",110000
"Eastern Wood-Pewee","25_AR","USA",110000
"Eastern Wood-Pewee","12_MN","USA",100000
"Eastern Wood-Pewee","27_TN","USA",100000
"Eastern Wood-Pewee","13_ON","CAN",100000
"Eastern Wood-Pewee","27_SC","USA",97000
"Eastern Wood-Pewee","23_MN","USA",95000
"Eastern Wood-Pewee","27_GA","USA",93000
"Eastern Wood-Pewee","25_OK","USA",91000
"Eastern Wood-Pewee","12_ON","CAN",89000
"Eastern Wood-Pewee","22_IN","USA",86000
"Eastern Wood-Pewee","12_WI","USA",84000
"Eastern Wood-Pewee","13_NY","USA",81000
"Eastern Wood-Pewee","27_AL","USA",79000
"Eastern Wood-Pewee","28_VA","USA",79000
"Eastern Wood-Pewee","22_IA","USA",76000
"Eastern Wood-Pewee","29_GA","USA",73000
"Eastern Wood-Pewee","28_OH","USA",73000
"Eastern Wood-Pewee","27_VA","USA",71000
"Eastern Wood-Pewee","22_OH","USA",68000
"Eastern Wood-Pewee","25_TX","USA",64000
"Eastern Wood-Pewee","21_OK","USA",60000
"Eastern Wood-Pewee","28_KY","USA",59000
"Eastern Wood-Pewee","24_IL","USA",56000
"Eastern Wood-Pewee","25_LA","USA",56000
"Eastern Wood-Pewee","28_TN","USA",53000
"Eastern Wood-Pewee","30_MD","USA",50000
"Eastern Wood-Pewee","13_OH","USA",49000
"Eastern Wood-Pewee","28_AL","USA",48000
"Eastern Wood-Pewee","29_SC","USA",46000
"Eastern Wood-Pewee","28_NY","USA",43000
"Eastern Wood-Pewee","14_ME","USA",43000
"Eastern Wood-Pewee","14_NS","CAN",40000
"Eastern Wood-Pewee","20_TX","USA",35000
"Eastern Wood-Pewee","22_OK","USA",33000
"Eastern Wood-Pewee","24_OK","USA",33000
"Eastern Wood-Pewee","30_NJ","USA",30000
"Eastern Wood-Pewee","29_MD","USA",29000
"Eastern Wood-Pewee","19_KS","USA",26000
"Eastern Wood-Pewee","26_MS","USA",25000
"Eastern Wood-Pewee","30_CT","USA",24000
"Eastern Wood-Pewee","11_MN","USA",23000
"Eastern Wood-Pewee","14_NB","CAN",21000
"Eastern Wood-Pewee","29_PA","USA",21000
"Eastern Wood-Pewee","23_IN","USA",20000
"Eastern Wood-Pewee","11_ND","USA",20000
"Eastern Wood-Pewee","28_NC","USA",20000
"Eastern Wood-Pewee","26_MO","USA",19000
"Eastern Wood-Pewee","6_MB","CAN",19000
"Eastern Wood-Pewee","28_MD","USA",19000
"Eastern Wood-Pewee","14_VT","USA",19000
"Eastern Wood-Pewee","12_QC","CAN",19000
"Eastern Wood-Pewee","21_TX","USA",18000
"Eastern Wood-Pewee","14_NH","USA",18000
"Eastern Wood-Pewee","13_PA","USA",18000
"Eastern Wood-Pewee","30_MA","USA",16000
"Eastern Wood-Pewee","13_QC","CAN",15000
"Eastern Wood-Pewee","28_GA","USA",14000
"Eastern Wood-Pewee","27_KY","USA",14000
"Eastern Wood-Pewee","14_NY","USA",14000
"Eastern Wood-Pewee","24_AL","USA",14000
"Eastern Wood-Pewee","12_MB","CAN",14000
"Eastern Wood-Pewee","11_NE","USA",13000
"Eastern Wood-Pewee","29_AL","USA",13000
"Eastern Wood-Pewee","23_IA","USA",13000
"Eastern Wood-Pewee","28_NJ","USA",13000
"Eastern Wood-Pewee","11_MB","CAN",13000
"Eastern Wood-Pewee","14_QC","CAN",12000
"Eastern Wood-Pewee","22_MN","USA",12000
"Eastern Wood-Pewee","19_OK","USA",12000
"Eastern Wood-Pewee","30_DE","USA",11000
"Eastern Wood-Pewee","22_NE","USA",11000
"Eastern Wood-Pewee","14_MA","USA",10000
"Eastern Wood-Pewee","30_NH","USA",9000
"Eastern Wood-Pewee","26_LA","USA",8900
"Eastern Wood-Pewee","11_IA","USA",8500
"Eastern Wood-Pewee","19_NE","USA",8300
"Eastern Wood-Pewee","26_TN","USA",7600
"Eastern Wood-Pewee","23_IL","USA",7100
"Eastern Wood-Pewee","26_KY","USA",6800
"Eastern Wood-Pewee","7_ON","CAN",6500
"Eastern Wood-Pewee","27_LA","USA",6200
"Eastern Wood-Pewee","8_ON","CAN",5600
"Eastern Wood-Pewee","24_OH","USA",5600
"Eastern Wood-Pewee","22_MI","USA",5500
"Eastern Wood-Pewee","29_NJ","USA",5400
"Eastern Wood-Pewee","30_RI","USA",5100
"Eastern Wood-Pewee","26_IL","USA",4200
"Eastern Wood-Pewee","27_FL","USA",4100
"Eastern Wood-Pewee","8_QC","CAN",3600
"Eastern Wood-Pewee","22_WI","USA",3100
"Eastern Wood-Pewee","14_PE","CAN",2600
"Eastern Wood-Pewee","13_VT","USA",2500
"Eastern Wood-Pewee","30_VA","USA",2500
"Eastern Wood-Pewee","19_TX","USA",2300
"Eastern Wood-Pewee","28_CT","USA",2300
"Eastern Wood-Pewee","11_SD","USA",2000
"Eastern Wood-Pewee","14_CT","USA",1900
"Eastern Wood-Pewee","28_MA","USA",1800
"Eastern Wood-Pewee","8_MB","CAN",1800
"Eastern Wood-Pewee","30_NY","USA",1700
"Eastern Wood-Pewee","35_TX","USA",1200
"Eastern Wood-Pewee","30_ME","USA",940
"Eastern Wood-Pewee","30_PA","USA",900
"Eastern Wood-Pewee","28_SC","USA",580
"Eastern Wood-Pewee","24_KS","USA",460
"Eastern Wood-Pewee","29_DE","USA",390
"Eastern Wood-Pewee","21_KS","USA",360
"Eastern Wood-Pewee","29_NY","USA",230
"Eastern Wood-Pewee","31_FL","USA",180
"Eastern Wood-Pewee","23_OH","USA",170
"Eastern Wood-Pewee","30_VT","USA",120
"Eastern Wood-Pewee","37_LA","USA",65
"Eastern Wood-Pewee","37_MS","USA",1
"Yellow-bellied Flycatcher","8_NL","CAN",3100000
"Yellow-bellied Flycatcher","8_ON","CAN",1800000
"Yellow-bellied Flycatcher","8_QC","CAN",1400000
"Yellow-bellied Flycatcher","7_ON","CAN",1200000
"Yellow-bellied Flycatcher","4_YT","CAN",980000
"Yellow-bellied Flycatcher","8_MB","CAN",820000
"Yellow-bellied Flycatcher","8_SK","CAN",620000
"Yellow-bellied Flycatcher","7_QC","CAN",520000
"Yellow-bellied Flycatcher","6_NT","CAN",510000
"Yellow-bellied Flycatcher","7_NL","CAN",480000
"Yellow-bellied Flycatcher","4_AK","USA",270000
"Yellow-bellied Flycatcher","12_QC","CAN",230000
"Yellow-bellied Flycatcher","10_BC","CAN",200000
"Yellow-bellied Flycatcher","12_MN","USA",170000
"Yellow-bellied Flycatcher","12_ON","CAN",150000
"Yellow-bellied Flycatcher","6_BC","CAN",110000
"Yellow-bellied Flycatcher","14_NS","CAN",83000
"Yellow-bellied Flycatcher","14_QC","CAN",81000
"Yellow-bellied Flycatcher","14_NB","CAN",71000
"Yellow-bellied Flycatcher","6_AB","CAN",61000
"Yellow-bellied Flycatcher","4_BC","CAN",57000
"Yellow-bellied Flycatcher","14_ME","USA",48000
"Yellow-bellied Flycatcher","6_MB","CAN",43000
"Yellow-bellied Flycatcher","6_SK","CAN",20000
"Yellow-bellied Flycatcher","12_WI","USA",18000
"Yellow-bellied Flycatcher","12_MI","USA",12000
"Yellow-bellied Flycatcher","14_NY","USA",4800
"Yellow-bellied Flycatcher","6_YT","CAN",3600
"Yellow-bellied Flycatcher","12_MB","CAN",2800
"Yellow-bellied Flycatcher","14_NH","USA",1900
"Yellow-bellied Flycatcher","11_MB","CAN",1300
"Yellow-bellied Flycatcher","7_AB","CAN",1200
"Yellow-bellied Flycatcher","14_PE","CAN",1200
"Yellow-bellied Flycatcher","23_WI","USA",970
"Yellow-bellied Flycatcher","14_VT","USA",800
"Yellow-bellied Flycatcher","11_SK","CAN",590
"Yellow-bellied Flycatcher","13_QC","CAN",460
"Yellow-bellied Flycatcher","11_MN","USA",310
"Yellow-bellied Flycatcher","13_NY","USA",130
"Yellow-bellied Flycatcher","30_NH","USA",120
"Yellow-bellied Flycatcher","30_VT","USA",2
"Acadian Flycatcher","28_WV","USA",430000
"Acadian Flycatcher","27_MS","USA",330000
"Acadian Flycatcher","24_TN","USA",270000
"Acadian Flycatcher","27_NC","USA",260000
"Acadian Flycatcher","28_KY","USA",260000
"Acadian Flycatcher","24_MO","USA",220000
"Acadian Flycatcher","24_IN","USA",190000
"Acadian Flycatcher","25_AR","USA",190000
"Acadian Flycatcher","28_PA","USA",180000
"Acadian Flycatcher","27_VA","USA",170000
"Acadian Flycatcher","29_VA","USA",170000
"Acadian Flycatcher","27_GA","USA",170000
"Acadian Flycatcher","28_OH","USA",170000
"Acadian Flycatcher","27_AL","USA",150000
"Acadian Flycatcher","24_KY","USA",130000
"Acadian Flycatcher","28_VA","USA",130000
"Acadian Flycatcher","29_NC","USA",120000
"Acadian Flycatcher","30_MD","USA",120000
"Acadian Flycatcher","25_TX","USA",110000
"Acadian Flycatcher","28_TN","USA",110000
"Acadian Flycatcher","27_SC","USA",110000
"Acadian Flycatcher","27_TN","USA",100000
"Acadian Flycatcher","25_LA","USA",94000
"Acadian Flycatcher","28_NC","USA",92000
"Acadian Flycatcher","28_AL","USA",67000
"Acadian Flycatcher","29_SC","USA",58000
"Acadian Flycatcher","24_AR","USA",57000
"Acadian Flycatcher","24_IL","USA",56000
"Acadian Flycatcher","29_GA","USA",55000
"Acadian Flycatcher","26_LA","USA",55000
"Acadian Flycatcher","26_AR","USA",45000
"Acadian Flycatcher","29_MD","USA",44000
"Acadian Flycatcher","27_LA","USA",39000
"Acadian Flycatcher","27_FL","USA",39000
"Acadian Flycatcher","13_OH","USA",34000
"Acadian Flycatcher","22_IL","USA",34000
"Acadian Flycatcher","22_MO","USA",32000
"Acadian Flycatcher","28_GA","USA",29000
"Acadian Flycatcher","22_IN","USA",29000
"Acadian Flycatcher","23_MI","USA",28000
"Acadian Flycatcher","26_MS","USA",23000
"Acadian Flycatcher","28_MD","USA",21000
"Acadian Flycatcher","25_OK","USA",21000
"Acadian Flycatcher","27_KY","USA",15000
"Acadian Flycatcher","30_VA","USA",14000
"Acadian Flycatcher","24_AL","USA",14000
"Acadian Flycatcher","13_PA","USA",13000
"Acadian Flycatcher","22_OH","USA",12000
"Acadian Flycatcher","24_OK","USA",12000
"Acadian Flycatcher","30_DE","USA",12000
"Acadian Flycatcher","29_AL","USA",9300
"Acadian Flycatcher","21_TX","USA",7000
"Acadian Flycatcher","23_IN","USA",6900
"Acadian Flycatcher","26_KY","USA",6900
"Acadian Flycatcher","37_LA","USA",5600
"Acadian Flycatcher","22_KS","USA",5400
"Acadian Flycatcher","26_TN","USA",5200
"Acadian Flycatcher","24_OH","USA",5000
"Acadian Flycatcher","30_NJ","USA",4700
"Acadian Flycatcher","20_TX","USA",4300
"Acadian Flycatcher","26_IL","USA",4200
"Acadian Flycatcher","29_PA","USA",3900
"Acadian Flycatcher","21_OK","USA",2300
"Acadian Flycatcher","28_SC","USA",2300
"Acadian Flycatcher","30_CT","USA",2000
"Acadian Flycatcher","23_WI","USA",2000
"Acadian Flycatcher","22_OK","USA",1900
"Acadian Flycatcher","28_NJ","USA",1500
"Acadian Flycatcher","23_IA","USA",1500
"Acadian Flycatcher","22_IA","USA",1400
"Acadian Flycatcher","13_NY","USA",990
"Acadian Flycatcher","37_TX","USA",990
"Acadian Flycatcher","12_MI","USA",890
"Acadian Flycatcher","22_MI","USA",890
"Acadian Flycatcher","31_FL","USA",850
"Acadian Flycatcher","26_MO","USA",800
"Acadian Flycatcher","30_MA","USA",380
"Acadian Flycatcher","28_CT","USA",280
"Acadian Flycatcher","24_KS","USA",170
"Acadian Flycatcher","30_PA","USA",140
"Acadian Flycatcher","29_DE","USA",73
"Acadian Flycatcher","23_OH","USA",58
"Acadian Flycatcher","37_MS","USA",41
"Acadian Flycatcher","21_KS","USA",5
"Acadian Flycatcher","28_MA","USA",5
"Alder Flycatcher","7_NT","CAN",27000000
"Alder Flycatcher","4_AK","USA",21000000
"Alder Flycatcher","8_QC","CAN",10000000
"Alder Flycatcher","7_QC","CAN",5700000
"Alder Flycatcher","6_NT","CAN",5700000
"Alder Flycatcher","8_ON","CAN",5100000
"Alder Flycatcher","4_YT","CAN",4000000
"Alder Flycatcher","7_SK","CAN",3800000
"Alder Flycatcher","6_AB","CAN",3300000
"Alder Flycatcher","8_MB","CAN",2900000
"Alder Flycatcher","6_BC","CAN",2700000
"Alder Flycatcher","6_SK","CAN",2600000
"Alder Flycatcher","10_BC","CAN",2400000
"Alder Flycatcher","7_ON","CAN",2300000
"Alder Flycatcher","12_ON","CAN",1700000
"Alder Flycatcher","12_QC","CAN",1600000
"Alder Flycatcher","4_BC","CAN",1500000
"Alder Flycatcher","8_SK","CAN",1400000
"Alder Flycatcher","7_NL","CAN",1300000
"Alder Flycatcher","14_QC","CAN",1200000
"Alder Flycatcher","14_NS","CAN",1100000
"Alder Flycatcher","6_MB","CAN",1100000
"Alder Flycatcher","14_NB","CAN",1100000
"Alder Flycatcher","5_AK","USA",1100000
"Alder Flycatcher","12_MN","USA",940000
"Alder Flycatcher","2_AK","USA",920000
"Alder Flycatcher","5_BC","CAN",700000
"Alder Flycatcher","14_ME","USA",370000
"Alder Flycatcher","12_MI","USA",320000
"Alder Flycatcher","12_WI","USA",280000
"Alder Flycatcher","13_ON","CAN",280000
"Alder Flycatcher","8_NL","CAN",270000
"Alder Flycatcher","13_QC","CAN",210000
"Alder Flycatcher","3_AK","USA",200000
"Alder Flycatcher","12_MB","CAN",200000
"Alder Flycatcher","11_SK","CAN",180000
"Alder Flycatcher","6_YT","CAN",170000
"Alder Flycatcher","11_MB","CAN",150000
"Alder Flycatcher","11_AB","CAN",130000
"Alder Flycatcher","23_WI","USA",120000
"Alder Flycatcher","14_PE","CAN",110000
"Alder Flycatcher","28_NY","USA",110000
"Alder Flycatcher","14_VT","USA",110000
"Alder Flycatcher","14_NY","USA",100000
"Alder Flycatcher","14_NH","USA",96000
"Alder Flycatcher","13_NY","USA",84000
"Alder Flycatcher","11_MN","USA",82000
"Alder Flycatcher","7_MB","CAN",73000
"Alder Flycatcher","7_AB","CAN",66000
"Alder Flycatcher","23_MN","USA",65000
"Alder Flycatcher","28_PA","USA",60000
"Alder Flycatcher","10_AB","CAN",59000
"Alder Flycatcher","11_ND","USA",33000
"Alder Flycatcher","5_YT","CAN",27000
"Alder Flycatcher","14_MA","USA",21000
"Alder Flycatcher","23_MI","USA",17000
"Alder Flycatcher","3_YT","CAN",13000
"Alder Flycatcher","13_PA","USA",13000
"Alder Flycatcher","9_BC","CAN",5800
"Alder Flycatcher","10_MT","USA",4000
"Alder Flycatcher","30_CT","USA",3400
"Alder Flycatcher","30_NH","USA",3000
"Alder Flycatcher","30_MA","USA",2500
"Alder Flycatcher","23_IN","USA",2500
"Alder Flycatcher","13_VT","USA",2500
"Alder Flycatcher","17_SD","USA",1700
"Alder Flycatcher","28_WV","USA",1500
"Alder Flycatcher","13_OH","USA",1100
"Alder Flycatcher","28_MD","USA",830
"Alder Flycatcher","10_ID","USA",670
"Alder Flycatcher","22_OH","USA",380
"Alder Flycatcher","28_NJ","USA",360
"Alder Flycatcher","14_CT","USA",250
"Alder Flycatcher","22_IL","USA",230
"Alder Flycatcher","28_OH","USA",220
"Alder Flycatcher","24_IN","USA",220
"Alder Flycatcher","22_WI","USA",91
"Alder Flycatcher","23_OH","USA",41
"Alder Flycatcher","30_VT","USA",38
"Willow Flycatcher","10_BC","CAN",1200000
"Willow Flycatcher","5_BC","CAN",1100000
"Willow Flycatcher","10_MT","USA",680000
"Willow Flycatcher","5_WA","USA",660000
"Willow Flycatcher","10_ID","USA",410000
"Willow Flycatcher","11_ND","USA",350000
"Willow Flycatcher","9_BC","CAN",280000
"Willow Flycatcher","5_OR","USA",250000
"Willow Flycatcher","9_WA","USA",240000
"Willow Flycatcher","23_WI","USA",210000
"Willow Flycatcher","11_SD","USA",190000
"Willow Flycatcher","9_ID","USA",170000
"Willow Flycatcher","28_PA","USA",160000
"Willow Flycatcher","9_OR","USA",150000
"Willow Flycatcher","13_NY","USA",150000
"Willow Flycatcher","23_MI","USA",140000
"Willow Flycatcher","10_WA","USA",130000
"Willow Flycatcher","13_OH","USA",120000
"Willow Flycatcher","13_ON","CAN",100000
"Willow Flycatcher","22_OH","USA",86000
"Willow Flycatcher","22_IA","USA",80000
"Willow Flycatcher","17_ND","USA",80000
"Willow Flycatcher","28_OH","USA",78000
"Willow Flycatcher","22_IN","USA",67000
"Willow Flycatcher","22_IL","USA",62000
"Willow Flycatcher","16_CO","USA",57000
"Willow Flycatcher","28_NY","USA",53000
"Willow Flycatcher","17_MT","USA",50000
"Willow Flycatcher","10_WY","USA",46000
"Willow Flycatcher","23_IN","USA",36000
"Willow Flycatcher","17_WY","USA",35000
"Willow Flycatcher","13_PA","USA",34000
"Willow Flycatcher","10_OR","USA",28000
"Willow Flycatcher","9_NV","USA",27000
"Willow Flycatcher","16_UT","USA",27000
"Willow Flycatcher","29_PA","USA",23000
"Willow Flycatcher","12_MI","USA",22000
"Willow Flycatcher","11_MN","USA",22000
"Willow Flycatcher","24_IN","USA",22000
"Willow Flycatcher","23_MN","USA",20000
"Willow Flycatcher","10_AB","CAN",20000
"Willow Flycatcher","12_QC","CAN",20000
"Willow Flycatcher","22_MI","USA",19000
"Willow Flycatcher","28_WV","USA",17000
"Willow Flycatcher","4_BC","CAN",17000
"Willow Flycatcher","19_NE","USA",15000
"Willow Flycatcher","24_KY","USA",15000
"Willow Flycatcher","24_MO","USA",13000
"Willow Flycatcher","29_MD","USA",13000
"Willow Flycatcher","22_MO","USA",12000
"Willow Flycatcher","17_SD","USA",11000
"Willow Flycatcher","12_ON","CAN",10000
"Willow Flycatcher","16_NM","USA",9600
"Willow Flycatcher","5_CA","USA",9200
"Willow Flycatcher","30_CT","USA",8900
"Willow Flycatcher","23_IA","USA",8800
"Willow Flycatcher","30_MA","USA",8800
"Willow Flycatcher","9_CA","USA",8500
"Willow Flycatcher","14_VT","USA",7700
"Willow Flycatcher","32_CA","USA",7700
"Willow Flycatcher","28_NC","USA",7400
"Willow Flycatcher","28_VA","USA",6600
"Willow Flycatcher","9_UT","USA",6500
"Willow Flycatcher","11_IA","USA",6400
"Willow Flycatcher","13_QC","CAN",6000
"Willow Flycatcher","29_NJ","USA",5700
"Willow Flycatcher","14_ME","USA",5700
"Willow Flycatcher","11_SK","CAN",5500
"Willow Flycatcher","33_AZ","USA",5400
"Willow Flycatcher","12_MN","USA",5200
"Willow Flycatcher","33_CA","USA",4900
"Willow Flycatcher","8_QC","CAN",4600
"Willow Flycatcher","23_IL","USA",4600
"Willow Flycatcher","11_MB","CAN",4500
"Willow Flycatcher","6_MB","CAN",4000
"Willow Flycatcher","28_MD","USA",3800
"Willow Flycatcher","22_WI","USA",3800
"Willow Flycatcher","10_UT","USA",3500
"Willow Flycatcher","30_NJ","USA",3400
"Willow Flycatcher","28_NJ","USA",3100
"Willow Flycatcher","14_MA","USA",3000
"Willow Flycatcher","22_KS","USA",2900
"Willow Flycatcher","11_AB","CAN",2800
"Willow Flycatcher","28_TN","USA",2300
"Willow Flycatcher","12_WI","USA",2300
"Willow Flycatcher","30_NH","USA",2300
"Willow Flycatcher","14_NH","USA",2300
"Willow Flycatcher","13_VT","USA",1900
"Willow Flycatcher","24_IL","USA",1700
"Willow Flycatcher","29_VA","USA",1500
"Willow Flycatcher","30_DE","USA",1500
"Willow Flycatcher","14_QC","CAN",1500
"Willow Flycatcher","16_WY","USA",1400
"Willow Flycatcher","12_MB","CAN",1100
"Willow Flycatcher","22_NE","USA",1100
"Willow Flycatcher","22_MN","USA",1100
"Willow Flycatcher","15_CA","USA",1100
"Willow Flycatcher","14_NS","CAN",1100
"Willow Flycatcher","6_AB","CAN",1000
"Willow Flycatcher","28_CT","USA",1000
"Willow Flycatcher","30_NY","USA",1000
"Willow Flycatcher","14_NY","USA",1000
"Willow Flycatcher","11_NE","USA",990
"Willow Flycatcher","30_ME","USA",930
"Willow Flycatcher","28_GA","USA",810
"Willow Flycatcher","28_MA","USA",790
"Willow Flycatcher","11_MT","USA",710
"Willow Flycatcher","24_OH","USA",580
"Willow Flycatcher","26_AR","USA",570
"Willow Flycatcher","26_MO","USA",560
"Willow Flycatcher","17_NE","USA",530
"Willow Flycatcher","30_RI","USA",490
"Willow Flycatcher","25_AR","USA",450
"Willow Flycatcher","29_DE","USA",430
"Willow Flycatcher","28_KY","USA",370
"Willow Flycatcher","29_NC","USA",340
"Willow Flycatcher","23_OH","USA",300
"Willow Flycatcher","14_NB","CAN",280
"Willow Flycatcher","30_MD","USA",260
"Willow Flycatcher","29_NY","USA",240
"Willow Flycatcher","14_PE","CAN",200
"Willow Flycatcher","9_WY","USA",190
"Willow Flycatcher","16_ID","USA",180
"Willow Flycatcher","26_TN","USA",160
"Willow Flycatcher","19_SD","USA",150
"Willow Flycatcher","30_PA","USA",100
"Willow Flycatcher","30_VT","USA",30
"Willow Flycatcher","15_NV","USA",21
"Least Flycatcher","6_AB","CAN",3600000
"Least Flycatcher","8_ON","CAN",2800000
"Least Flycatcher","8_QC","CAN",1900000
"Least Flycatcher","6_BC","CAN",1700000
"Least Flycatcher","8_MB","CAN",1500000
"Least Flycatcher","7_ON","CAN",1400000
"Least Flycatcher","10_BC","CAN",1300000
"Least Flycatcher","11_SK","CAN",1300000
"Least Flycatcher","6_NT","CAN",960000
"Least Flycatcher","6_SK","CAN",930000
"Least Flycatcher","12_ON","CAN",880000
"Least Flycatcher","11_ND","USA",860000
"Least Flycatcher","6_MB","CAN",820000
"Least Flycatcher","12_MN","USA",810000
"Least Flycatcher","12_QC","CAN",790000
"Least Flycatcher","11_MB","CAN",710000
"Least Flycatcher","11_AB","CAN",520000
"Least Flycatcher","14_NB","CAN",330000
"Least Flycatcher","14_QC","CAN",290000
"Least Flycatcher","12_MI","USA",270000
"Least Flycatcher","14_NS","CAN",260000
"Least Flycatcher","12_WI","USA",260000
"Least Flycatcher","17_MT","USA",230000
"Least Flycatcher","10_MT","USA",230000
"Least Flycatcher","14_ME","USA",170000
"Least Flycatcher","8_SK","CAN",160000
"Least Flycatcher","14_NY","USA",160000
"Least Flycatcher","28_PA","USA",150000
"Least Flycatcher","23_WI","USA",130000
"Least Flycatcher","28_NY","USA",130000
"Least Flycatcher","7_NT","CAN",130000
"Least Flycatcher","12_MB","CAN",120000
"Least Flycatcher","4_BC","CAN",120000
"Least Flycatcher","13_ON","CAN",110000
"Least Flycatcher","4_YT","CAN",110000
"Least Flycatcher","23_MN","USA",91000
"Least Flycatcher","11_MN","USA",85000
"Least Flycatcher","17_ND","USA",84000
"Least Flycatcher","13_NY","USA",81000
"Least Flycatcher","14_VT","USA",78000
"Least Flycatcher","8_NL","CAN",64000
"Least Flycatcher","13_QC","CAN",62000
"Least Flycatcher","10_AB","CAN",59000
"Least Flycatcher","11_MT","USA",58000
"Least Flycatcher","14_NH","USA",50000
"Least Flycatcher","11_SD","USA",47000
"Least Flycatcher","28_WV","USA",42000
"Least Flycatcher","8_AB","CAN",38000
"Least Flycatcher","14_MA","USA",27000
"Least Flycatcher","23_MI","USA",25000
"Least Flycatcher","13_VT","USA",25000
"Least Flycatcher","7_SK","CAN",24000
"Least Flycatcher","5_BC","CAN",22000
"Least Flycatcher","17_SD","USA",20000
"Least Flycatcher","10_WY","USA",16000
"Least Flycatcher","10_ID","USA",11000
"Least Flycatcher","4_AK","USA",11000
"Least Flycatcher","9_BC","CAN",10000
"Least Flycatcher","17_WY","USA",10000
"Least Flycatcher","28_NC","USA",7100
"Least Flycatcher","30_CT","USA",6200
"Least Flycatcher","30_MA","USA",6200
"Least Flycatcher","13_PA","USA",5300
"Least Flycatcher","28_VA","USA",5000
"Least Flycatcher","28_MD","USA",3900
"Least Flycatcher","30_NH","USA",3100
"Least Flycatcher","11_IA","USA",2600
"Least Flycatcher","5_AK","USA",2500
"Least Flycatcher","28_CT","USA",2300
"Least Flycatcher","10_WA","USA",2000
"Least Flycatcher","28_MA","USA",1800
"Least Flycatcher","28_NJ","USA",1700
"Least Flycatcher","22_OH","USA",1600
"Least Flycatcher","22_IA","USA",1500
"Least Flycatcher","23_IN","USA",1400
"Least Flycatcher","19_NE","USA",1300
"Least Flycatcher","9_WA","USA",1200
"Least Flycatcher","9_ID","USA",1200
"Least Flycatcher","14_PE","CAN",1100
"Least Flycatcher","22_MN","USA",960
"Least Flycatcher","16_WY","USA",940
"Least Flycatcher","22_IL","USA",860
"Least Flycatcher","13_OH","USA",730
"Least Flycatcher","28_TN","USA",690
"Least Flycatcher","14_CT","USA",680
"Least Flycatcher","16_CO","USA",500
"Least Flycatcher","24_MO","USA",480
"Least Flycatcher","17_NE","USA",460
"Least Flycatcher","9_UT","USA",410
"Least Flycatcher","6_YT","CAN",400
"Least Flycatcher","28_OH","USA",370
"Least Flycatcher","29_VA","USA",230
"Least Flycatcher","29_SC","USA",180
"Least Flycatcher","29_NJ","USA",84
"Least Flycatcher","22_WI","USA",82
"Least Flycatcher","30_VT","USA",40
"Least Flycatcher","23_OH","USA",14
"Hammond's Flycatcher","10_BC","CAN",8300000
"Hammond's Flycatcher","4_AK","USA",2100000
"Hammond's Flycatcher","5_BC","CAN",2000000
"Hammond's Flycatcher","10_ID","USA",1100000
"Hammond's Flycatcher","10_MT","USA",870000
"Hammond's Flycatcher","9_BC","CAN",810000
"Hammond's Flycatcher","4_BC","CAN",750000
"Hammond's Flycatcher","9_WA","USA",580000
"Hammond's Flycatcher","5_OR","USA",440000
"Hammond's Flycatcher","4_YT","CAN",430000
"Hammond's Flycatcher","10_WA","USA",410000
"Hammond's Flycatcher","10_OR","USA",380000
"Hammond's Flycatcher","15_CA","USA",310000
"Hammond's Flycatcher","5_WA","USA",300000
"Hammond's Flycatcher","16_CO","USA",270000
"Hammond's Flycatcher","9_OR","USA",250000
"Hammond's Flycatcher","5_AK","USA",150000
"Hammond's Flycatcher","6_NT","CAN",120000
"Hammond's Flycatcher","10_WY","USA",110000
"Hammond's Flycatcher","9_CA","USA",110000
"Hammond's Flycatcher","16_NM","USA",90000
"Hammond's Flycatcher","5_CA","USA",76000
"Hammond's Flycatcher","10_AB","CAN",55000
"Hammond's Flycatcher","6_BC","CAN",49000
"Hammond's Flycatcher","16_UT","USA",45000
"Hammond's Flycatcher","9_ID","USA",38000
"Hammond's Flycatcher","32_CA","USA",22000
"Hammond's Flycatcher","15_NV","USA",12000
"Hammond's Flycatcher","17_WY","USA",990
"Hammond's Flycatcher","16_WY","USA",640
"Hammond's Flycatcher","18_CO","USA",540
"Hammond's Flycatcher","16_ID","USA",330
"Hammond's Flycatcher","9_WY","USA",47
"Gray Flycatcher","9_NV","USA",1000000
"Gray Flycatcher","9_OR","USA",570000
"Gray Flycatcher","16_NM","USA",290000
"Gray Flycatcher","9_CA","USA",280000
"Gray Flycatcher","34_AZ","USA",120000
"Gray Flycatcher","16_CO","USA",120000
"Gray Flycatcher","16_UT","USA",110000
"Gray Flycatcher","9_ID","USA",63000
"Gray Flycatcher","35_NM","USA",55000
"Gray Flycatcher","15_CA","USA",53000
"Gray Flycatcher","10_OR","USA",51000
"Gray Flycatcher","9_UT","USA",46000
"Gray Flycatcher","16_AZ","USA",45000
"Gray Flycatcher","34_NM","USA",21000
"Gray Flycatcher","9_BC","CAN",16000
"Gray Flycatcher","10_WA","USA",12000
"Gray Flycatcher","10_WY","USA",8300
"Gray Flycatcher","10_UT","USA",5300
"Gray Flycatcher","32_CA","USA",4600
"Gray Flycatcher","9_WA","USA",3000
"Gray Flycatcher","10_CO","USA",2600
"Gray Flycatcher","15_NV","USA",2000
"Gray Flycatcher","33_CA","USA",1700
"Gray Flycatcher","35_TX","USA",420
"Dusky Flycatcher","10_BC","CAN",3200000
"Dusky Flycatcher","9_OR","USA",890000
"Dusky Flycatcher","16_CO","USA",580000
"Dusky Flycatcher","10_MT","USA",560000
"Dusky Flycatcher","10_OR","USA",390000
"Dusky Flycatcher","10_ID","USA",380000
"Dusky Flycatcher","4_BC","CAN",340000
"Dusky Flycatcher","9_BC","CAN",330000
"Dusky Flycatcher","15_CA","USA",290000
"Dusky Flycatcher","9_CA","USA",220000
"Dusky Flycatcher","17_SD","USA",210000
"Dusky Flycatcher","5_BC","CAN",200000
"Dusky Flycatcher","10_WA","USA",190000
"Dusky Flycatcher","16_UT","USA",160000
"Dusky Flycatcher","10_WY","USA",130000
"Dusky Flycatcher","9_WA","USA",110000
"Dusky Flycatcher","9_ID","USA",110000
"Dusky Flycatcher","17_WY","USA",70000
"Dusky Flycatcher","5_CA","USA",68000
"Dusky Flycatcher","4_YT","CAN",55000
"Dusky Flycatcher","16_NM","USA",51000
"Dusky Flycatcher","32_CA","USA",49000
"Dusky Flycatcher","5_OR","USA",46000
"Dusky Flycatcher","10_AB","CAN",31000
"Dusky Flycatcher","17_MT","USA",29000
"Dusky Flycatcher","9_NV","USA",27000
"Dusky Flycatcher","16_AZ","USA",18000
"Dusky Flycatcher","16_WY","USA",18000
"Dusky Flycatcher","10_CO","USA",14000
"Dusky Flycatcher","6_AB","CAN",10000
"Dusky Flycatcher","11_MT","USA",7900
"Dusky Flycatcher","34_AZ","USA",6800
"Dusky Flycatcher","6_BC","CAN",6700
"Dusky Flycatcher","9_UT","USA",6400
"Dusky Flycatcher","35_NM","USA",5800
"Dusky Flycatcher","15_NV","USA",5600
"Dusky Flycatcher","11_AB","CAN",3300
"Dusky Flycatcher","10_UT","USA",3100
"Dusky Flycatcher","16_ID","USA",1100
"Dusky Flycatcher","18_NM","USA",900
"Dusky Flycatcher","5_WA","USA",690
"Dusky Flycatcher","34_NM","USA",520
"Dusky Flycatcher","18_CO","USA",260
"Dusky Flycatcher","9_WY","USA",120
"Dusky Flycatcher","16_NV","USA",12
"Pacific-slope Flycatcher","5_BC","CAN",2600000
"Pacific-slope Flycatcher","5_AK","USA",2100000
"Pacific-slope Flycatcher","5_OR","USA",1000000
"Pacific-slope Flycatcher","5_WA","USA",930000
"Pacific-slope Flycatcher","32_CA","USA",690000
"Pacific-slope Flycatcher","5_CA","USA",440000
"Pacific-slope Flycatcher","10_BC","CAN",430000
"Pacific-slope Flycatcher","9_WA","USA",380000
"Pacific-slope Flycatcher","10_WA","USA",130000
"Pacific-slope Flycatcher","9_BC","CAN",81000
"Pacific-slope Flycatcher","15_CA","USA",77000
"Pacific-slope Flycatcher","9_OR","USA",51000
"Pacific-slope Flycatcher","10_OR","USA",12000
"Pacific-slope Flycatcher","10_MT","USA",11000
"Pacific-slope Flycatcher","10_ID","USA",5800
"Pacific-slope Flycatcher","9_CA","USA",3800
"Pacific-slope Flycatcher","10_AB","CAN",1800
"Pacific-slope Flycatcher","33_CA","USA",530
"Cordilleran Flycatcher","34_AZ","USA",480000
"Cordilleran Flycatcher","16_CO","USA",420000
"Cordilleran Flycatcher","16_NM","USA",340000
"Cordilleran Flycatcher","35_NM","USA",160000
"Cordilleran Flycatcher","17_SD","USA",120000
"Cordilleran Flycatcher","10_ID","USA",120000
"Cordilleran Flycatcher","9_ID","USA",100000
"Cordilleran Flycatcher","16_UT","USA",74000
"Cordilleran Flycatcher","10_OR","USA",60000
"Cordilleran Flycatcher","10_MT","USA",54000
"Cordilleran Flycatcher","9_OR","USA",54000
"Cordilleran Flycatcher","10_BC","CAN",53000
"Cordilleran Flycatcher","9_NV","USA",41000
"Cordilleran Flycatcher","34_NM","USA",40000
"Cordilleran Flycatcher","10_WA","USA",36000
"Cordilleran Flycatcher","17_WY","USA",23000
"Cordilleran Flycatcher","10_WY","USA",21000
"Cordilleran Flycatcher","16_WY","USA",9000
"Cordilleran Flycatcher","18_CO","USA",7700
"Cordilleran Flycatcher","10_CO","USA",7100
"Cordilleran Flycatcher","16_AZ","USA",5800
"Cordilleran Flycatcher","35_AZ","USA",4100
"Cordilleran Flycatcher","18_NE","USA",3400
"Cordilleran Flycatcher","17_NE","USA",1100
"Cordilleran Flycatcher","10_AB","CAN",930
"Cordilleran Flycatcher","9_UT","USA",640
"Cordilleran Flycatcher","16_ID","USA",510
"Cordilleran Flycatcher","35_TX","USA",400
"Cordilleran Flycatcher","9_WY","USA",120
"Cordilleran Flycatcher","16_NV","USA",20
"Black Phoebe","32_CA","USA",680000
"Black Phoebe","33_CA","USA",260000
"Black Phoebe","5_CA","USA",51000
"Black Phoebe","33_AZ","USA",46000
"Black Phoebe","15_CA","USA",45000
"Black Phoebe","5_OR","USA",25000
"Black Phoebe","35_NM","USA",18000
"Black Phoebe","34_AZ","USA",11000
"Black Phoebe","35_TX","USA",11000
"Black Phoebe","16_UT","USA",7300
"Black Phoebe","9_NV","USA",6800
"Black Phoebe","16_AZ","USA",4000
"Black Phoebe","18_NM","USA",3700
"Black Phoebe","34_NM","USA",2500
"Black Phoebe","16_NM","USA",2200
"Black Phoebe","9_CA","USA",2100
"Black Phoebe","16_CO","USA",1500
"Black Phoebe","36_TX","USA",780
"Black Phoebe","20_TX","USA",770
"Black Phoebe","35_AZ","USA",340
"Black Phoebe","16_NV","USA",5
"Eastern Phoebe","21_TX","USA",1200000
"Eastern Phoebe","24_MO","USA",1200000
"Eastern Phoebe","28_WV","USA",1200000
"Eastern Phoebe","12_ON","CAN",1100000
"Eastern Phoebe","28_PA","USA",1000000
"Eastern Phoebe","7_NT","CAN",990000
"Eastern Phoebe","6_AB","CAN",920000
"Eastern Phoebe","14_ME","USA",850000
"Eastern Phoebe","22_MO","USA",820000
"Eastern Phoebe","23_WI","USA",720000
"Eastern Phoebe","12_QC","CAN",720000
"Eastern Phoebe","22_KS","USA",690000
"Eastern Phoebe","28_KY","USA",680000
"Eastern Phoebe","24_KY","USA",680000
"Eastern Phoebe","29_GA","USA",640000
"Eastern Phoebe","25_TX","USA",630000
"Eastern Phoebe","25_AR","USA",630000
"Eastern Phoebe","21_OK","USA",610000
"Eastern Phoebe","13_NY","USA",590000
"Eastern Phoebe","29_NC","USA",580000
"Eastern Phoebe","24_TN","USA",570000
"Eastern Phoebe","28_VA","USA",560000
"Eastern Phoebe","13_ON","CAN",550000
"Eastern Phoebe","29_VA","USA",550000
"Eastern Phoebe","28_TN","USA",530000
"Eastern Phoebe","22_IL","USA",530000
"Eastern Phoebe","12_MI","USA",510000
"Eastern Phoebe","20_TX","USA",480000
"Eastern Phoebe","12_MN","USA",470000
"Eastern Phoebe","19_OK","USA",440000
"Eastern Phoebe","19_KS","USA",440000
"Eastern Phoebe","28_NY","USA",430000
"Eastern Phoebe","28_AL","USA",420000
"Eastern Phoebe","27_AL","USA",400000
"Eastern Phoebe","12_WI","USA",390000
"Eastern Phoebe","22_IA","USA",390000
"Eastern Phoebe","6_MB","CAN",380000
"Eastern Phoebe","6_SK","CAN",370000
"Eastern Phoebe","24_AR","USA",360000
"Eastern Phoebe","28_OH","USA",360000
"Eastern Phoebe","6_BC","CAN",340000
"Eastern Phoebe","25_OK","USA",320000
"Eastern Phoebe","14_NH","USA",320000
"Eastern Phoebe","29_SC","USA",320000
"Eastern Phoebe","28_NC","USA",300000
"Eastern Phoebe","8_MB","CAN",300000
"Eastern Phoebe","14_VT","USA",290000
"Eastern Phoebe","27_TN","USA",290000
"Eastern Phoebe","23_MI","USA",280000
"Eastern Phoebe","6_NT","CAN",270000
"Eastern Phoebe","19_TX","USA",260000
"Eastern Phoebe","27_MS","USA",260000
"Eastern Phoebe","23_MN","USA",250000
"Eastern Phoebe","8_SK","CAN",250000
"Eastern Phoebe","14_NB","CAN",220000
"Eastern Phoebe","24_IN","USA",210000
"Eastern Phoebe","14_NY","USA",210000
"Eastern Phoebe","28_GA","USA",200000
"Eastern Phoebe","7_SK","CAN",190000
"Eastern Phoebe","30_MA","USA",180000
"Eastern Phoebe","22_OH","USA",170000
"Eastern Phoebe","27_GA","USA",170000
"Eastern Phoebe","19_NE","USA",160000
"Eastern Phoebe","14_QC","CAN",150000
"Eastern Phoebe","13_OH","USA",140000
"Eastern Phoebe","11_MB","CAN",140000
"Eastern Phoebe","22_OK","USA",130000
"Eastern Phoebe","30_CT","USA",130000
"Eastern Phoebe","24_IL","USA",120000
"Eastern Phoebe","13_QC","CAN",120000
"Eastern Phoebe","11_SK","CAN",110000
"Eastern Phoebe","22_IN","USA",110000
"Eastern Phoebe","27_NC","USA",110000
"Eastern Phoebe","26_AR","USA",110000
"Eastern Phoebe","14_MA","USA",97000
"Eastern Phoebe","29_AL","USA",94000
"Eastern Phoebe","30_NH","USA",86000
"Eastern Phoebe","27_VA","USA",83000
"Eastern Phoebe","13_PA","USA",73000
"Eastern Phoebe","11_ND","USA",61000
"Eastern Phoebe","11_MN","USA",59000
"Eastern Phoebe","29_PA","USA",58000
"Eastern Phoebe","24_AL","USA",58000
"Eastern Phoebe","8_QC","CAN",57000
"Eastern Phoebe","24_OK","USA",56000
"Eastern Phoebe","12_MB","CAN",52000
"Eastern Phoebe","25_LA","USA",50000
"Eastern Phoebe","22_NE","USA",48000
"Eastern Phoebe","13_VT","USA",48000
"Eastern Phoebe","23_IA","USA",45000
"Eastern Phoebe","30_NJ","USA",45000
"Eastern Phoebe","11_AB","CAN",42000
"Eastern Phoebe","27_KY","USA",41000
"Eastern Phoebe","30_MD","USA",41000
"Eastern Phoebe","27_SC","USA",40000
"Eastern Phoebe","29_MD","USA",40000
"Eastern Phoebe","28_MD","USA",39000
"Eastern Phoebe","28_NJ","USA",35000
"Eastern Phoebe","26_MO","USA",32000
"Eastern Phoebe","23_IN","USA",31000
"Eastern Phoebe","30_ME","USA",30000
"Eastern Phoebe","30_RI","USA",28000
"Eastern Phoebe","11_NE","USA",26000
"Eastern Phoebe","22_MN","USA",24000
"Eastern Phoebe","29_NJ","USA",24000
"Eastern Phoebe","11_IA","USA",23000
"Eastern Phoebe","28_SC","USA",22000
"Eastern Phoebe","24_OH","USA",22000
"Eastern Phoebe","7_AB","CAN",18000
"Eastern Phoebe","11_SD","USA",18000
"Eastern Phoebe","14_CT","USA",17000
"Eastern Phoebe","28_CT","USA",16000
"Eastern Phoebe","14_NS","CAN",15000
"Eastern Phoebe","23_IL","USA",13000
"Eastern Phoebe","30_NY","USA",13000
"Eastern Phoebe","28_MA","USA",13000
"Eastern Phoebe","26_TN","USA",11000
"Eastern Phoebe","22_MI","USA",10000
"Eastern Phoebe","8_ON","CAN",10000
"Eastern Phoebe","22_WI","USA",9400
"Eastern Phoebe","30_DE","USA",8900
"Eastern Phoebe","18_NE","USA",8900
"Eastern Phoebe","17_SD","USA",7400
"Eastern Phoebe","10_AB","CAN",6100
"Eastern Phoebe","10_BC","CAN",5200
"Eastern Phoebe","18_NM","USA",4400
"Eastern Phoebe","26_KY","USA",4000
"Eastern Phoebe","21_KS","USA",3600
"Eastern Phoebe","27_FL","USA",2900
"Eastern Phoebe","26_IL","USA",2500
"Eastern Phoebe","36_TX","USA",2100
"Eastern Phoebe","18_CO","USA",2100
"Eastern Phoebe","19_SD","USA",1700
"Eastern Phoebe","18_OK","USA",1500
"Eastern Phoebe","30_PA","USA",1400
"Eastern Phoebe","30_VA","USA",1300
"Eastern Phoebe","18_SD","USA",1200
"Eastern Phoebe","8_NL","CAN",1200
"Eastern Phoebe","30_VT","USA",1100
"Eastern Phoebe","29_DE","USA",1100
"Eastern Phoebe","37_TX","USA",1000
"Eastern Phoebe","29_NY","USA",1000
"Eastern Phoebe","18_TX","USA",910
"Eastern Phoebe","18_KS","USA",880
"Eastern Phoebe","24_KS","USA",770
"Eastern Phoebe","17_WY","USA",560
"Eastern Phoebe","23_OH","USA",260
"Eastern Phoebe","17_NE","USA",230
"Say's Phoebe","16_NM","USA",560000
"Say's Phoebe","16_UT","USA",320000
"Say's Phoebe","16_AZ","USA",260000
"Say's Phoebe","17_MT","USA",240000
"Say's Phoebe","33_AZ","USA",230000
"Say's Phoebe","35_NM","USA",230000
"Say's Phoebe","18_CO","USA",210000
"Say's Phoebe","16_CO","USA",210000
"Say's Phoebe","33_CA","USA",210000
"Say's Phoebe","9_WA","USA",200000
"Say's Phoebe","18_NM","USA",170000
"Say's Phoebe","33_NV","USA",160000
"Say's Phoebe","9_NV","USA",150000
"Say's Phoebe","10_WY","USA",130000
"Say's Phoebe","34_AZ","USA",120000
"Say's Phoebe","35_TX","USA",100000
"Say's Phoebe","17_ND","USA",100000
"Say's Phoebe","4_AK","USA",95000
"Say's Phoebe","11_MT","USA",86000
"Say's Phoebe","17_WY","USA",81000
"Say's Phoebe","9_UT","USA",77000
"Say's Phoebe","18_NE","USA",70000
"Say's Phoebe","32_CA","USA",65000
"Say's Phoebe","4_YT","CAN",65000
"Say's Phoebe","3_NU","CAN",61000
"Say's Phoebe","19_NE","USA",60000
"Say's Phoebe","17_SD","USA",59000
"Say's Phoebe","9_OR","USA",58000
"Say's Phoebe","11_ND","USA",55000
"Say's Phoebe","19_KS","USA",52000
"Say's Phoebe","4_BC","CAN",51000
"Say's Phoebe","10_OR","USA",46000
"Say's Phoebe","18_OK","USA",36000
"Say's Phoebe","10_MT","USA",36000
"Say's Phoebe","10_CO","USA",35000
"Say's Phoebe","9_ID","USA",34000
"Say's Phoebe","2_AK","USA",30000
"Say's Phoebe","9_BC","CAN",26000
"Say's Phoebe","11_AB","CAN",25000
"Say's Phoebe","34_NM","USA",23000
"Say's Phoebe","18_TX","USA",21000
"Say's Phoebe","11_SK","CAN",21000
"Say's Phoebe","18_KS","USA",16000
"Say's Phoebe","9_CA","USA",15000
"Say's Phoebe","10_ID","USA",15000
"Say's Phoebe","10_WA","USA",13000
"Say's Phoebe","3_NT","CAN",12000
"Say's Phoebe","10_BC","CAN",12000
"Say's Phoebe","10_UT","USA",9900
"Say's Phoebe","3_AK","USA",9600
"Say's Phoebe","18_WY","USA",8900
"Say's Phoebe","11_SD","USA",6200
"Say's Phoebe","18_SD","USA",4800
"Say's Phoebe","5_AK","USA",4100
"Say's Phoebe","16_WY","USA",4000
"Say's Phoebe","11_MB","CAN",3600
"Say's Phoebe","35_AZ","USA",3000
"Say's Phoebe","6_YT","CAN",2900
"Say's Phoebe","19_TX","USA",2800
"Say's Phoebe","17_NE","USA",2800
"Say's Phoebe","16_ID","USA",2100
"Say's Phoebe","33_UT","USA",2000
"Say's Phoebe","3_YT","CAN",1200
"Say's Phoebe","16_NV","USA",760
"Say's Phoebe","19_SD","USA",720
"Say's Phoebe","15_CA","USA",190
"Say's Phoebe","5_YT","CAN",170
"Say's Phoebe","5_CA","USA",140
"Say's Phoebe","9_WY","USA",35
"Vermilion Flycatcher","20_TX","USA",180000
"Vermilion Flycatcher","34_AZ","USA",95000
"Vermilion Flycatcher","36_TX","USA",77000
"Vermilion Flycatcher","35_TX","USA",50000
"Vermilion Flycatcher","35_NM","USA",42000
"Vermilion Flycatcher","33_AZ","USA",35000
"Vermilion Flycatcher","19_TX","USA",32000
"Vermilion Flycatcher","37_TX","USA",11000
"Vermilion Flycatcher","21_TX","USA",5700
"Vermilion Flycatcher","16_AZ","USA",5100
"Vermilion Flycatcher","9_NV","USA",5000
"Vermilion Flycatcher","18_NM","USA",1100
"Vermilion Flycatcher","33_NV","USA",1000
"Vermilion Flycatcher","35_AZ","USA",730
"Vermilion Flycatcher","18_CO","USA",620
"Vermilion Flycatcher","16_NM","USA",610
"Vermilion Flycatcher","16_UT","USA",520
"Loggerhead Shrike","9_NV","USA",420000
"Loggerhead Shrike","33_AZ","USA",240000
"Loggerhead Shrike","33_CA","USA",220000
"Loggerhead Shrike","35_NM","USA",200000
"Loggerhead Shrike","32_CA","USA",160000
"Loggerhead Shrike","18_CO","USA",140000
"Loggerhead Shrike","16_AZ","USA",140000
"Loggerhead Shrike","9_OR","USA",130000
"Loggerhead Shrike","35_TX","USA",120000
"Loggerhead Shrike","31_FL","USA",120000
"Loggerhead Shrike","16_NM","USA",120000
"Loggerhead Shrike","37_TX","USA",120000
"Loggerhead Shrike","10_WY","USA",110000
"Loggerhead Shrike","18_NM","USA",110000
"Loggerhead Shrike","37_LA","USA",110000
"Loggerhead Shrike","11_SK","CAN",100000
"Loggerhead Shrike","21_TX","USA",100000
"Loggerhead Shrike","17_MT","USA",100000
"Loggerhead Shrike","9_UT","USA",93000
"Loggerhead Shrike","26_LA","USA",93000
"Loggerhead Shrike","16_UT","USA",80000
"Loggerhead Shrike","17_SD","USA",76000
"Loggerhead Shrike","26_AR","USA",76000
"Loggerhead Shrike","11_AB","CAN",72000
"Loggerhead Shrike","19_NE","USA",68000
"Loggerhead Shrike","33_NV","USA",67000
"Loggerhead Shrike","19_OK","USA",67000
"Loggerhead Shrike","27_GA","USA",66000
"Loggerhead Shrike","11_MT","USA",59000
"Loggerhead Shrike","34_AZ","USA",55000
"Loggerhead Shrike","17_WY","USA",55000
"Loggerhead Shrike","27_MS","USA",51000
"Loggerhead Shrike","19_TX","USA",50000
"Loggerhead Shrike","19_KS","USA",45000
"Loggerhead Shrike","22_KS","USA",44000
"Loggerhead Shrike","17_ND","USA",43000
"Loggerhead Shrike","18_TX","USA",41000
"Loggerhead Shrike","27_SC","USA",41000
"Loggerhead Shrike","27_NC","USA",41000
"Loggerhead Shrike","18_NE","USA",37000
"Loggerhead Shrike","9_ID","USA",35000
"Loggerhead Shrike","36_TX","USA",34000
"Loggerhead Shrike","27_AL","USA",32000
"Loggerhead Shrike","26_MS","USA",26000
"Loggerhead Shrike","9_CA","USA",24000
"Loggerhead Shrike","34_NM","USA",22000
"Loggerhead Shrike","25_LA","USA",21000
"Loggerhead Shrike","27_FL","USA",20000
"Loggerhead Shrike","22_IA","USA",16000
"Loggerhead Shrike","20_TX","USA",15000
"Loggerhead Shrike","22_OK","USA",14000
"Loggerhead Shrike","21_OK","USA",14000
"Loggerhead Shrike","22_MO","USA",12000
"Loggerhead Shrike","16_CO","USA",12000
"Loggerhead Shrike","10_CO","USA",11000
"Loggerhead Shrike","9_WA","USA",9700
"Loggerhead Shrike","25_OK","USA",9600
"Loggerhead Shrike","18_OK","USA",9400
"Loggerhead Shrike","24_MO","USA",9000
"Loggerhead Shrike","29_GA","USA",8100
"Loggerhead Shrike","25_TX","USA",7900
"Loggerhead Shrike","24_TN","USA",7400
"Loggerhead Shrike","11_MB","CAN",7000
"Loggerhead Shrike","28_AL","USA",5700
"Loggerhead Shrike","24_AR","USA",5600
"Loggerhead Shrike","11_NE","USA",5500
"Loggerhead Shrike","29_NC","USA",5400
"Loggerhead Shrike","18_WY","USA",5300
"Loggerhead Shrike","27_LA","USA",5000
"Loggerhead Shrike","11_SD","USA",4700
"Loggerhead Shrike","16_WY","USA",4700
"Loggerhead Shrike","11_ND","USA",4700
"Loggerhead Shrike","26_MO","USA",4200
"Loggerhead Shrike","27_TN","USA",4100
"Loggerhead Shrike","10_OR","USA",3800
"Loggerhead Shrike","22_IL","USA",3700
"Loggerhead Shrike","17_NE","USA",3600
"Loggerhead Shrike","25_AR","USA",2800
"Loggerhead Shrike","24_OK","USA",2800
"Loggerhead Shrike","26_TN","USA",2700
"Loggerhead Shrike","35_AZ","USA",2700
"Loggerhead Shrike","18_SD","USA",2500
"Loggerhead Shrike","29_SC","USA",2200
"Loggerhead Shrike","22_NE","USA",2100
"Loggerhead Shrike","24_KY","USA",1800
"Loggerhead Shrike","28_VA","USA",1600
"Loggerhead Shrike","24_IL","USA",1200
"Loggerhead Shrike","24_AL","USA",960
"Loggerhead Shrike","5_CA","USA",860
"Loggerhead Shrike","33_UT","USA",820
"Loggerhead Shrike","11_IA","USA",690
"Loggerhead Shrike","10_MT","USA",680
"Loggerhead Shrike","19_SD","USA",660
"Loggerhead Shrike","6_AB","CAN",640
"Loggerhead Shrike","27_KY","USA",560
"Loggerhead Shrike","16_ID","USA",540
"Loggerhead Shrike","18_KS","USA",430
"Loggerhead Shrike","16_NV","USA",400
"Loggerhead Shrike","37_MS","USA",380
"Loggerhead Shrike","24_IN","USA",310
"Loggerhead Shrike","23_MI","USA",170
"Loggerhead Shrike","22_MN","USA",150
"Loggerhead Shrike","21_KS","USA",82
"Loggerhead Shrike","9_WY","USA",41
"Loggerhead Shrike","24_KS","USA",39
"Northern Shrike","7_QC","CAN",NA
"Northern Shrike","7_NL","CAN",NA
"Northern Shrike","7_MB","CAN",NA
"Northern Shrike","2_AK","USA",NA
"Northern Shrike","4_AK","USA",NA
"Northern Shrike","6_NT","CAN",NA
"Northern Shrike","3_NU","CAN",NA
"Northern Shrike","5_AK","USA",NA
"Northern Shrike","5_BC","CAN",NA
"Northern Shrike","3_QC","CAN",NA
"Northern Shrike","3_NT","CAN",NA
"Northern Shrike","1_AK","USA",NA
"Northern Shrike","5_YT","CAN",NA
"Northern Shrike","3_MB","CAN",NA
"Black-capped Vireo","20_TX","USA",150000
"Black-capped Vireo","19_TX","USA",3300
"White-eyed Vireo","27_MS","USA",2400000
"White-eyed Vireo","25_TX","USA",1800000
"White-eyed Vireo","27_AL","USA",1600000
"White-eyed Vireo","21_TX","USA",1400000
"White-eyed Vireo","25_AR","USA",1300000
"White-eyed Vireo","25_LA","USA",1300000
"White-eyed Vireo","27_GA","USA",1300000
"White-eyed Vireo","31_FL","USA",1200000
"White-eyed Vireo","27_FL","USA",910000
"White-eyed Vireo","24_MO","USA",620000
"White-eyed Vireo","24_TN","USA",570000
"White-eyed Vireo","27_SC","USA",530000
"White-eyed Vireo","26_LA","USA",470000
"White-eyed Vireo","27_NC","USA",470000
"White-eyed Vireo","28_AL","USA",460000
"White-eyed Vireo","28_KY","USA",440000
"White-eyed Vireo","20_TX","USA",400000
"White-eyed Vireo","27_TN","USA",360000
"White-eyed Vireo","25_OK","USA",360000
"White-eyed Vireo","24_KY","USA",360000
"White-eyed Vireo","24_AR","USA",310000
"White-eyed Vireo","29_GA","USA",290000
"White-eyed Vireo","28_OH","USA",220000
"White-eyed Vireo","24_IL","USA",210000
"White-eyed Vireo","36_TX","USA",210000
"White-eyed Vireo","27_LA","USA",170000
"White-eyed Vireo","29_VA","USA",170000
"White-eyed Vireo","29_SC","USA",170000
"White-eyed Vireo","37_TX","USA",160000
"White-eyed Vireo","28_TN","USA",160000
"White-eyed Vireo","28_WV","USA",150000
"White-eyed Vireo","24_AL","USA",150000
"White-eyed Vireo","27_VA","USA",150000
"White-eyed Vireo","29_NC","USA",130000
"White-eyed Vireo","26_AR","USA",130000
"White-eyed Vireo","24_IN","USA",120000
"White-eyed Vireo","21_OK","USA",120000
"White-eyed Vireo","37_LA","USA",110000
"White-eyed Vireo","29_AL","USA",96000
"White-eyed Vireo","30_MD","USA",88000
"White-eyed Vireo","26_MS","USA",65000
"White-eyed Vireo","28_GA","USA",59000
"White-eyed Vireo","22_IL","USA",44000
"White-eyed Vireo","22_MO","USA",43000
"White-eyed Vireo","24_OK","USA",39000
"White-eyed Vireo","24_OH","USA",31000
"White-eyed Vireo","28_VA","USA",29000
"White-eyed Vireo","28_PA","USA",20000
"White-eyed Vireo","35_TX","USA",19000
"White-eyed Vireo","19_TX","USA",18000
"White-eyed Vireo","28_NC","USA",18000
"White-eyed Vireo","30_VA","USA",16000
"White-eyed Vireo","27_KY","USA",16000
"White-eyed Vireo","30_DE","USA",15000
"White-eyed Vireo","29_MD","USA",14000
"White-eyed Vireo","30_NJ","USA",13000
"White-eyed Vireo","13_OH","USA",12000
"White-eyed Vireo","26_MO","USA",12000
"White-eyed Vireo","26_TN","USA",12000
"White-eyed Vireo","19_OK","USA",11000
"White-eyed Vireo","22_IN","USA",9900
"White-eyed Vireo","22_OH","USA",6600
"White-eyed Vireo","22_KS","USA",6500
"White-eyed Vireo","26_KY","USA",6400
"White-eyed Vireo","28_SC","USA",4700
"White-eyed Vireo","22_OK","USA",4300
"White-eyed Vireo","26_IL","USA",4000
"White-eyed Vireo","29_PA","USA",3100
"White-eyed Vireo","13_PA","USA",2900
"White-eyed Vireo","23_IN","USA",2800
"White-eyed Vireo","22_IA","USA",2700
"White-eyed Vireo","30_CT","USA",2400
"White-eyed Vireo","28_MD","USA",1400
"White-eyed Vireo","21_KS","USA",740
"White-eyed Vireo","24_KS","USA",540
"White-eyed Vireo","37_MS","USA",410
"White-eyed Vireo","30_NY","USA",410
"White-eyed Vireo","30_PA","USA",410
"White-eyed Vireo","23_WI","USA",200
"White-eyed Vireo","29_NJ","USA",150
"White-eyed Vireo","28_NJ","USA",82
"White-eyed Vireo","29_DE","USA",57
"White-eyed Vireo","23_OH","USA",24
"White-eyed Vireo","29_NY","USA",7
"Bell's Vireo","20_TX","USA",1000000
"Bell's Vireo","35_TX","USA",880000
"Bell's Vireo","34_AZ","USA",570000
"Bell's Vireo","19_TX","USA",270000
"Bell's Vireo","19_NE","USA",240000
"Bell's Vireo","33_AZ","USA",230000
"Bell's Vireo","19_KS","USA",200000
"Bell's Vireo","21_OK","USA",130000
"Bell's Vireo","22_KS","USA",130000
"Bell's Vireo","35_NM","USA",120000
"Bell's Vireo","36_TX","USA",120000
"Bell's Vireo","25_OK","USA",100000
"Bell's Vireo","22_MO","USA",98000
"Bell's Vireo","19_OK","USA",80000
"Bell's Vireo","22_IA","USA",67000
"Bell's Vireo","22_OK","USA",55000
"Bell's Vireo","33_CA","USA",41000
"Bell's Vireo","21_TX","USA",35000
"Bell's Vireo","17_SD","USA",31000
"Bell's Vireo","16_AZ","USA",23000
"Bell's Vireo","18_NE","USA",23000
"Bell's Vireo","11_NE","USA",22000
"Bell's Vireo","22_IL","USA",21000
"Bell's Vireo","24_MO","USA",21000
"Bell's Vireo","24_IN","USA",18000
"Bell's Vireo","22_NE","USA",15000
"Bell's Vireo","24_AR","USA",14000
"Bell's Vireo","32_CA","USA",8700
"Bell's Vireo","25_AR","USA",8000
"Bell's Vireo","24_KY","USA",6000
"Bell's Vireo","18_TX","USA",5700
"Bell's Vireo","34_NM","USA",4200
"Bell's Vireo","24_IL","USA",3600
"Bell's Vireo","18_SD","USA",3100
"Bell's Vireo","19_SD","USA",2500
"Bell's Vireo","17_NE","USA",2500
"Bell's Vireo","23_WI","USA",2300
"Bell's Vireo","26_AR","USA",1800
"Bell's Vireo","26_MO","USA",1700
"Bell's Vireo","35_AZ","USA",1500
"Bell's Vireo","18_OK","USA",1500
"Bell's Vireo","24_OK","USA",1200
"Bell's Vireo","9_NV","USA",1100
"Bell's Vireo","21_KS","USA",790
"Bell's Vireo","18_CO","USA",750
"Bell's Vireo","25_TX","USA",690
"Bell's Vireo","11_SD","USA",510
"Bell's Vireo","18_NM","USA",490
"Bell's Vireo","16_UT","USA",470
"Bell's Vireo","23_IL","USA",260
"Bell's Vireo","22_IN","USA",190
"Bell's Vireo","16_NV","USA",130
"Bell's Vireo","24_KS","USA",17
"Gray Vireo","16_AZ","USA",190000
"Gray Vireo","16_UT","USA",140000
"Gray Vireo","34_AZ","USA",87000
"Gray Vireo","16_NM","USA",60000
"Gray Vireo","35_NM","USA",24000
"Gray Vireo","16_CO","USA",13000
"Gray Vireo","34_NM","USA",13000
"Gray Vireo","9_UT","USA",11000
"Gray Vireo","35_TX","USA",4000
"Gray Vireo","20_TX","USA",3800
"Gray Vireo","32_CA","USA",1900
"Gray Vireo","35_AZ","USA",610
"Gray Vireo","16_NV","USA",540
"Gray Vireo","18_NM","USA",530
"Hutton's Vireo","32_CA","USA",340000
"Hutton's Vireo","5_CA","USA",160000
"Hutton's Vireo","15_CA","USA",120000
"Hutton's Vireo","5_OR","USA",120000
"Hutton's Vireo","5_BC","CAN",77000
"Hutton's Vireo","34_AZ","USA",70000
"Hutton's Vireo","5_WA","USA",57000
"Hutton's Vireo","9_WA","USA",9100
"Hutton's Vireo","34_NM","USA",7700
"Hutton's Vireo","9_BC","CAN",430
"Hutton's Vireo","9_CA","USA",230
"Yellow-throated Vireo","25_AR","USA",290000
"Yellow-throated Vireo","27_MS","USA",220000
"Yellow-throated Vireo","28_WV","USA",200000
"Yellow-throated Vireo","23_WI","USA",200000
"Yellow-throated Vireo","24_TN","USA",170000
"Yellow-throated Vireo","27_GA","USA",170000
"Yellow-throated Vireo","28_KY","USA",150000
"Yellow-throated Vireo","27_NC","USA",150000
"Yellow-throated Vireo","25_TX","USA",150000
"Yellow-throated Vireo","23_MI","USA",140000
"Yellow-throated Vireo","28_TN","USA",140000
"Yellow-throated Vireo","27_AL","USA",130000
"Yellow-throated Vireo","24_KY","USA",120000
"Yellow-throated Vireo","24_MO","USA",120000
"Yellow-throated Vireo","29_VA","USA",120000
"Yellow-throated Vireo","27_FL","USA",120000
"Yellow-throated Vireo","22_MO","USA",99000
"Yellow-throated Vireo","31_FL","USA",86000
"Yellow-throated Vireo","25_OK","USA",86000
"Yellow-throated Vireo","25_LA","USA",85000
"Yellow-throated Vireo","29_NC","USA",85000
"Yellow-throated Vireo","28_PA","USA",84000
"Yellow-throated Vireo","24_IN","USA",82000
"Yellow-throated Vireo","28_AL","USA",80000
"Yellow-throated Vireo","28_OH","USA",77000
"Yellow-throated Vireo","12_MN","USA",74000
"Yellow-throated Vireo","23_MN","USA",72000
"Yellow-throated Vireo","29_GA","USA",65000
"Yellow-throated Vireo","27_SC","USA",62000
"Yellow-throated Vireo","12_WI","USA",60000
"Yellow-throated Vireo","27_VA","USA",54000
"Yellow-throated Vireo","24_AR","USA",53000
"Yellow-throated Vireo","22_IL","USA",46000
"Yellow-throated Vireo","29_SC","USA",44000
"Yellow-throated Vireo","20_TX","USA",43000
"Yellow-throated Vireo","28_VA","USA",41000
"Yellow-throated Vireo","11_ND","USA",41000
"Yellow-throated Vireo","26_LA","USA",40000
"Yellow-throated Vireo","11_MN","USA",38000
"Yellow-throated Vireo","13_NY","USA",38000
"Yellow-throated Vireo","28_GA","USA",34000
"Yellow-throated Vireo","28_NC","USA",33000
"Yellow-throated Vireo","12_MI","USA",31000
"Yellow-throated Vireo","27_TN","USA",28000
"Yellow-throated Vireo","22_IA","USA",27000
"Yellow-throated Vireo","29_AL","USA",23000
"Yellow-throated Vireo","24_IL","USA",23000
"Yellow-throated Vireo","22_KS","USA",23000
"Yellow-throated Vireo","30_CT","USA",21000
"Yellow-throated Vireo","21_TX","USA",19000
"Yellow-throated Vireo","12_ON","CAN",18000
"Yellow-throated Vireo","22_IN","USA",18000
"Yellow-throated Vireo","13_OH","USA",17000
"Yellow-throated Vireo","30_MD","USA",17000
"Yellow-throated Vireo","22_OH","USA",16000
"Yellow-throated Vireo","24_OH","USA",16000
"Yellow-throated Vireo","23_IN","USA",16000
"Yellow-throated Vireo","28_NJ","USA",15000
"Yellow-throated Vireo","28_NY","USA",14000
"Yellow-throated Vireo","27_LA","USA",13000
"Yellow-throated Vireo","24_AL","USA",13000
"Yellow-throated Vireo","11_MB","CAN",13000
"Yellow-throated Vireo","13_ON","CAN",11000
"Yellow-throated Vireo","8_ON","CAN",8700
"Yellow-throated Vireo","29_MD","USA",7500
"Yellow-throated Vireo","30_NH","USA",7200
"Yellow-throated Vireo","13_PA","USA",7100
"Yellow-throated Vireo","28_MD","USA",6500
"Yellow-throated Vireo","21_OK","USA",5600
"Yellow-throated Vireo","30_MA","USA",5200
"Yellow-throated Vireo","37_LA","USA",4800
"Yellow-throated Vireo","26_MS","USA",4100
"Yellow-throated Vireo","22_MN","USA",4100
"Yellow-throated Vireo","23_IL","USA",3900
"Yellow-throated Vireo","14_VT","USA",3600
"Yellow-throated Vireo","11_IA","USA",3600
"Yellow-throated Vireo","14_MA","USA",3500
"Yellow-throated Vireo","26_AR","USA",3300
"Yellow-throated Vireo","22_NE","USA",3200
"Yellow-throated Vireo","29_NJ","USA",3100
"Yellow-throated Vireo","14_NY","USA",3000
"Yellow-throated Vireo","26_MO","USA",2400
"Yellow-throated Vireo","24_OK","USA",2400
"Yellow-throated Vireo","12_QC","CAN",2400
"Yellow-throated Vireo","37_TX","USA",2300
"Yellow-throated Vireo","28_CT","USA",1900
"Yellow-throated Vireo","6_MB","CAN",1700
"Yellow-throated Vireo","14_NH","USA",1600
"Yellow-throated Vireo","26_TN","USA",1500
"Yellow-throated Vireo","28_MA","USA",1500
"Yellow-throated Vireo","30_NY","USA",1300
"Yellow-throated Vireo","29_PA","USA",1200
"Yellow-throated Vireo","30_NJ","USA",1200
"Yellow-throated Vireo","19_TX","USA",1100
"Yellow-throated Vireo","30_RI","USA",970
"Yellow-throated Vireo","26_KY","USA",920
"Yellow-throated Vireo","13_VT","USA",920
"Yellow-throated Vireo","22_MI","USA",900
"Yellow-throated Vireo","13_QC","CAN",830
"Yellow-throated Vireo","14_CT","USA",580
"Yellow-throated Vireo","26_IL","USA",570
"Yellow-throated Vireo","30_DE","USA",570
"Yellow-throated Vireo","14_ME","USA",530
"Yellow-throated Vireo","27_KY","USA",440
"Yellow-throated Vireo","30_VA","USA",390
"Yellow-throated Vireo","12_MB","CAN",360
"Yellow-throated Vireo","22_OK","USA",330
"Yellow-throated Vireo","22_WI","USA",220
"Yellow-throated Vireo","23_OH","USA",130
"Yellow-throated Vireo","30_VT","USA",93
"Yellow-throated Vireo","24_KS","USA",68
"Yellow-throated Vireo","29_NY","USA",54
"Yellow-throated Vireo","30_PA","USA",38
"Cassin's Vireo","10_BC","CAN",1700000
"Cassin's Vireo","5_CA","USA",430000
"Cassin's Vireo","15_CA","USA",390000
"Cassin's Vireo","9_BC","CAN",290000
"Cassin's Vireo","10_MT","USA",280000
"Cassin's Vireo","10_ID","USA",260000
"Cassin's Vireo","32_CA","USA",210000
"Cassin's Vireo","9_OR","USA",200000
"Cassin's Vireo","10_WA","USA",170000
"Cassin's Vireo","5_OR","USA",160000
"Cassin's Vireo","9_WA","USA",140000
"Cassin's Vireo","5_BC","CAN",130000
"Cassin's Vireo","10_OR","USA",100000
"Cassin's Vireo","9_CA","USA",79000
"Cassin's Vireo","5_WA","USA",22000
"Cassin's Vireo","10_AB","CAN",9600
"Cassin's Vireo","9_ID","USA",8600
"Cassin's Vireo","5_AK","USA",4100
"Blue-headed Vireo","8_ON","CAN",1800000
"Blue-headed Vireo","8_QC","CAN",1600000
"Blue-headed Vireo","7_QC","CAN",1100000
"Blue-headed Vireo","6_AB","CAN",850000
"Blue-headed Vireo","12_QC","CAN",660000
"Blue-headed Vireo","7_NT","CAN",630000
"Blue-headed Vireo","14_NB","CAN",600000
"Blue-headed Vireo","7_ON","CAN",540000
"Blue-headed Vireo","12_ON","CAN",510000
"Blue-headed Vireo","14_NS","CAN",480000
"Blue-headed Vireo","14_ME","USA",440000
"Blue-headed Vireo","8_MB","CAN",370000
"Blue-headed Vireo","6_NT","CAN",370000
"Blue-headed Vireo","14_QC","CAN",290000
"Blue-headed Vireo","14_NY","USA",270000
"Blue-headed Vireo","8_SK","CAN",250000
"Blue-headed Vireo","6_SK","CAN",240000
"Blue-headed Vireo","28_PA","USA",200000
"Blue-headed Vireo","12_MN","USA",130000
"Blue-headed Vireo","28_NC","USA",130000
"Blue-headed Vireo","6_MB","CAN",110000
"Blue-headed Vireo","28_WV","USA",110000
"Blue-headed Vireo","12_MI","USA",100000
"Blue-headed Vireo","7_SK","CAN",89000
"Blue-headed Vireo","14_NH","USA",85000
"Blue-headed Vireo","6_BC","CAN",77000
"Blue-headed Vireo","8_NL","CAN",76000
"Blue-headed Vireo","12_WI","USA",75000
"Blue-headed Vireo","28_KY","USA",71000
"Blue-headed Vireo","28_NY","USA",58000
"Blue-headed Vireo","14_VT","USA",31000
"Blue-headed Vireo","28_VA","USA",30000
"Blue-headed Vireo","13_NY","USA",30000
"Blue-headed Vireo","28_AL","USA",25000
"Blue-headed Vireo","28_TN","USA",24000
"Blue-headed Vireo","28_GA","USA",22000
"Blue-headed Vireo","29_SC","USA",20000
"Blue-headed Vireo","14_PE","CAN",20000
"Blue-headed Vireo","14_MA","USA",17000
"Blue-headed Vireo","12_MB","CAN",16000
"Blue-headed Vireo","13_QC","CAN",15000
"Blue-headed Vireo","10_BC","CAN",14000
"Blue-headed Vireo","23_MI","USA",14000
"Blue-headed Vireo","29_GA","USA",10000
"Blue-headed Vireo","28_SC","USA",9900
"Blue-headed Vireo","8_AB","CAN",8800
"Blue-headed Vireo","29_NC","USA",7800
"Blue-headed Vireo","13_ON","CAN",7100
"Blue-headed Vireo","30_CT","USA",7100
"Blue-headed Vireo","28_MD","USA",6400
"Blue-headed Vireo","23_WI","USA",6000
"Blue-headed Vireo","29_VA","USA",3700
"Blue-headed Vireo","9_BC","CAN",3700
"Blue-headed Vireo","30_NH","USA",3500
"Blue-headed Vireo","27_VA","USA",3200
"Blue-headed Vireo","11_AB","CAN",2000
"Blue-headed Vireo","10_AB","CAN",1800
"Blue-headed Vireo","30_MA","USA",1700
"Blue-headed Vireo","13_PA","USA",1700
"Blue-headed Vireo","23_MN","USA",1500
"Blue-headed Vireo","28_OH","USA",1500
"Blue-headed Vireo","13_VT","USA",1400
"Blue-headed Vireo","14_CT","USA",1100
"Blue-headed Vireo","29_AL","USA",900
"Blue-headed Vireo","28_NJ","USA",590
"Blue-headed Vireo","28_CT","USA",480
"Blue-headed Vireo","30_RI","USA",460
"Blue-headed Vireo","28_MA","USA",430
"Blue-headed Vireo","11_MN","USA",310
"Blue-headed Vireo","27_NC","USA",300
"Blue-headed Vireo","11_MB","CAN",190
"Blue-headed Vireo","29_PA","USA",130
"Blue-headed Vireo","30_ME","USA",120
"Blue-headed Vireo","30_VT","USA",45
"Plumbeous Vireo","16_NM","USA",720000
"Plumbeous Vireo","34_AZ","USA",500000
"Plumbeous Vireo","16_CO","USA",420000
"Plumbeous Vireo","16_AZ","USA",340000
"Plumbeous Vireo","16_UT","USA",260000
"Plumbeous Vireo","34_NM","USA",210000
"Plumbeous Vireo","17_SD","USA",180000
"Plumbeous Vireo","35_NM","USA",170000
"Plumbeous Vireo","9_UT","USA",46000
"Plumbeous Vireo","9_NV","USA",45000
"Plumbeous Vireo","10_MT","USA",19000
"Plumbeous Vireo","17_WY","USA",19000
"Plumbeous Vireo","17_MT","USA",15000
"Plumbeous Vireo","10_CO","USA",9700
"Plumbeous Vireo","17_NE","USA",8600
"Plumbeous Vireo","16_WY","USA",8200
"Plumbeous Vireo","9_ID","USA",5500
"Plumbeous Vireo","35_AZ","USA",4400
"Plumbeous Vireo","9_CA","USA",3600
"Plumbeous Vireo","10_WY","USA",3000
"Plumbeous Vireo","10_ID","USA",2100
"Plumbeous Vireo","18_NE","USA",1400
"Plumbeous Vireo","15_CA","USA",1300
"Plumbeous Vireo","18_CO","USA",1300
"Plumbeous Vireo","33_AZ","USA",1300
"Plumbeous Vireo","16_NV","USA",1000
"Plumbeous Vireo","15_NV","USA",52
"Philadelphia Vireo","8_QC","CAN",1200000
"Philadelphia Vireo","8_ON","CAN",450000
"Philadelphia Vireo","8_SK","CAN",450000
"Philadelphia Vireo","12_QC","CAN",370000
"Philadelphia Vireo","6_AB","CAN",260000
"Philadelphia Vireo","7_ON","CAN",260000
"Philadelphia Vireo","6_SK","CAN",210000
"Philadelphia Vireo","14_QC","CAN",180000
"Philadelphia Vireo","12_ON","CAN",140000
"Philadelphia Vireo","8_MB","CAN",95000
"Philadelphia Vireo","6_BC","CAN",56000
"Philadelphia Vireo","6_MB","CAN",55000
"Philadelphia Vireo","14_NB","CAN",54000
"Philadelphia Vireo","10_BC","CAN",50000
"Philadelphia Vireo","14_ME","USA",48000
"Philadelphia Vireo","6_NT","CAN",42000
"Philadelphia Vireo","14_NS","CAN",9200
"Philadelphia Vireo","7_NL","CAN",7600
"Philadelphia Vireo","11_MB","CAN",6000
"Philadelphia Vireo","11_AB","CAN",5500
"Philadelphia Vireo","8_NL","CAN",5200
"Philadelphia Vireo","13_QC","CAN",4800
"Philadelphia Vireo","14_NY","USA",4100
"Philadelphia Vireo","12_MI","USA",3700
"Philadelphia Vireo","12_MN","USA",3200
"Philadelphia Vireo","12_MB","CAN",2900
"Philadelphia Vireo","7_AB","CAN",2400
"Philadelphia Vireo","11_SK","CAN",1500
"Philadelphia Vireo","13_ON","CAN",490
"Philadelphia Vireo","13_VT","USA",160
"Philadelphia Vireo","27_AL","USA",150
"Philadelphia Vireo","12_WI","USA",140
"Philadelphia Vireo","14_NH","USA",120
"Warbling Vireo","10_BC","CAN",12000000
"Warbling Vireo","5_BC","CAN",4000000
"Warbling Vireo","16_CO","USA",2300000
"Warbling Vireo","6_AB","CAN",2100000
"Warbling Vireo","10_MT","USA",1900000
"Warbling Vireo","6_BC","CAN",1800000
"Warbling Vireo","4_BC","CAN",1600000
"Warbling Vireo","10_ID","USA",1300000
"Warbling Vireo","6_NT","CAN",1200000
"Warbling Vireo","16_UT","USA",1100000
"Warbling Vireo","9_BC","CAN",1100000
"Warbling Vireo","11_SK","CAN",1100000
"Warbling Vireo","16_NM","USA",950000
"Warbling Vireo","16_AZ","USA",930000
"Warbling Vireo","5_OR","USA",920000
"Warbling Vireo","5_WA","USA",860000
"Warbling Vireo","11_ND","USA",820000
"Warbling Vireo","11_MB","CAN",790000
"Warbling Vireo","17_SD","USA",750000
"Warbling Vireo","9_WA","USA",690000
"Warbling Vireo","13_ON","CAN",620000
"Warbling Vireo","10_WY","USA",570000
"Warbling Vireo","32_CA","USA",550000
"Warbling Vireo","4_YT","CAN",550000
"Warbling Vireo","15_CA","USA",500000
"Warbling Vireo","19_KS","USA",480000
"Warbling Vireo","23_WI","USA",470000
"Warbling Vireo","9_OR","USA",460000
"Warbling Vireo","22_IL","USA",430000
"Warbling Vireo","9_ID","USA",400000
"Warbling Vireo","22_IA","USA",400000
"Warbling Vireo","4_NT","CAN",390000
"Warbling Vireo","11_AB","CAN",340000
"Warbling Vireo","11_SD","USA",330000
"Warbling Vireo","13_NY","USA",320000
"Warbling Vireo","22_MO","USA",320000
"Warbling Vireo","17_WY","USA",320000
"Warbling Vireo","10_AB","CAN",310000
"Warbling Vireo","19_NE","USA",300000
"Warbling Vireo","6_MB","CAN",280000
"Warbling Vireo","23_MI","USA",270000
"Warbling Vireo","5_CA","USA",260000
"Warbling Vireo","35_NM","USA",250000
"Warbling Vireo","10_WA","USA",250000
"Warbling Vireo","34_AZ","USA",230000
"Warbling Vireo","13_QC","CAN",230000
"Warbling Vireo","22_IN","USA",220000
"Warbling Vireo","11_MN","USA",220000
"Warbling Vireo","6_SK","CAN",200000
"Warbling Vireo","10_OR","USA",200000
"Warbling Vireo","24_KY","USA",170000
"Warbling Vireo","23_MN","USA",170000
"Warbling Vireo","28_NY","USA",160000
"Warbling Vireo","24_IN","USA",160000
"Warbling Vireo","12_ON","CAN",160000
"Warbling Vireo","8_SK","CAN",140000
"Warbling Vireo","12_MI","USA",130000
"Warbling Vireo","22_OH","USA",120000
"Warbling Vireo","22_KS","USA",120000
"Warbling Vireo","28_PA","USA",120000
"Warbling Vireo","24_MO","USA",110000
"Warbling Vireo","22_NE","USA",100000
"Warbling Vireo","5_AK","USA",100000
"Warbling Vireo","9_NV","USA",95000
"Warbling Vireo","16_WY","USA",89000
"Warbling Vireo","14_ME","USA",85000
"Warbling Vireo","24_IL","USA",84000
"Warbling Vireo","12_MN","USA",82000
"Warbling Vireo","23_IN","USA",77000
"Warbling Vireo","12_QC","CAN",77000
"Warbling Vireo","11_NE","USA",77000
"Warbling Vireo","34_NM","USA",75000
"Warbling Vireo","17_ND","USA",64000
"Warbling Vireo","19_OK","USA",63000
"Warbling Vireo","13_OH","USA",60000
"Warbling Vireo","9_CA","USA",59000
"Warbling Vireo","9_UT","USA",57000
"Warbling Vireo","8_ON","CAN",54000
"Warbling Vireo","28_WV","USA",47000
"Warbling Vireo","14_QC","CAN",45000
"Warbling Vireo","14_VT","USA",42000
"Warbling Vireo","11_IA","USA",39000
"Warbling Vireo","30_MA","USA",39000
"Warbling Vireo","17_MT","USA",35000
"Warbling Vireo","17_NE","USA",35000
"Warbling Vireo","30_CT","USA",34000
"Warbling Vireo","28_OH","USA",33000
"Warbling Vireo","23_IA","USA",29000
"Warbling Vireo","10_CO","USA",28000
"Warbling Vireo","22_MN","USA",28000
"Warbling Vireo","12_WI","USA",27000
"Warbling Vireo","28_VA","USA",23000
"Warbling Vireo","26_MO","USA",23000
"Warbling Vireo","13_VT","USA",22000
"Warbling Vireo","8_AB","CAN",22000
"Warbling Vireo","14_NB","CAN",22000
"Warbling Vireo","14_NH","USA",21000
"Warbling Vireo","22_MI","USA",21000
"Warbling Vireo","13_PA","USA",21000
"Warbling Vireo","26_AR","USA",19000
"Warbling Vireo","8_MB","CAN",19000
"Warbling Vireo","11_MT","USA",18000
"Warbling Vireo","23_IL","USA",17000
"Warbling Vireo","18_NE","USA",17000
"Warbling Vireo","26_TN","USA",17000
"Warbling Vireo","18_CO","USA",16000
"Warbling Vireo","29_PA","USA",16000
"Warbling Vireo","28_NJ","USA",15000
"Warbling Vireo","30_NH","USA",15000
"Warbling Vireo","24_TN","USA",14000
"Warbling Vireo","25_AR","USA",13000
"Warbling Vireo","12_MB","CAN",13000
"Warbling Vireo","28_CT","USA",12000
"Warbling Vireo","14_MA","USA",12000
"Warbling Vireo","25_OK","USA",12000
"Warbling Vireo","29_MD","USA",11000
"Warbling Vireo","21_OK","USA",9900
"Warbling Vireo","15_NV","USA",9600
"Warbling Vireo","28_MA","USA",9200
"Warbling Vireo","14_NY","USA",8600
"Warbling Vireo","24_AR","USA",8500
"Warbling Vireo","16_ID","USA",7700
"Warbling Vireo","29_VA","USA",7400
"Warbling Vireo","27_KY","USA",7000
"Warbling Vireo","18_OK","USA",6400
"Warbling Vireo","10_UT","USA",6300
"Warbling Vireo","22_WI","USA",6200
"Warbling Vireo","30_NJ","USA",5400
"Warbling Vireo","30_RI","USA",5300
"Warbling Vireo","27_TN","USA",5300
"Warbling Vireo","29_NJ","USA",5200
"Warbling Vireo","26_MS","USA",5200
"Warbling Vireo","30_NY","USA",5100
"Warbling Vireo","35_AZ","USA",3600
"Warbling Vireo","18_KS","USA",3300
"Warbling Vireo","19_SD","USA",2900
"Warbling Vireo","25_TX","USA",2800
"Warbling Vireo","16_NV","USA",2700
"Warbling Vireo","22_OK","USA",2700
"Warbling Vireo","24_OH","USA",2600
"Warbling Vireo","28_MD","USA",2500
"Warbling Vireo","18_WY","USA",2400
"Warbling Vireo","26_KY","USA",1900
"Warbling Vireo","28_KY","USA",1600
"Warbling Vireo","28_NC","USA",1300
"Warbling Vireo","30_MD","USA",1300
"Warbling Vireo","14_CT","USA",1300
"Warbling Vireo","18_SD","USA",1100
"Warbling Vireo","26_IL","USA",1100
"Warbling Vireo","14_NS","CAN",1000
"Warbling Vireo","21_TX","USA",990
"Warbling Vireo","19_TX","USA",950
"Warbling Vireo","33_NV","USA",880
"Warbling Vireo","18_TX","USA",660
"Warbling Vireo","23_OH","USA",640
"Warbling Vireo","9_WY","USA",440
"Warbling Vireo","29_NC","USA",350
"Warbling Vireo","30_DE","USA",340
"Warbling Vireo","29_DE","USA",290
"Warbling Vireo","29_NY","USA",220
"Warbling Vireo","26_LA","USA",200
"Warbling Vireo","30_VT","USA",190
"Warbling Vireo","28_AL","USA",160
"Warbling Vireo","30_PA","USA",160
"Warbling Vireo","30_ME","USA",130
"Warbling Vireo","21_KS","USA",59
"Warbling Vireo","33_UT","USA",16
"Red-eyed Vireo","8_ON","CAN",11000000
"Red-eyed Vireo","12_ON","CAN",11000000
"Red-eyed Vireo","6_AB","CAN",8900000
"Red-eyed Vireo","8_QC","CAN",8700000
"Red-eyed Vireo","12_QC","CAN",6400000
"Red-eyed Vireo","6_SK","CAN",5300000
"Red-eyed Vireo","6_MB","CAN",4200000
"Red-eyed Vireo","28_PA","USA",4200000
"Red-eyed Vireo","12_MN","USA",3500000
"Red-eyed Vireo","8_SK","CAN",3400000
"Red-eyed Vireo","12_MI","USA",3200000
"Red-eyed Vireo","14_NB","CAN",3200000
"Red-eyed Vireo","8_MB","CAN",3000000
"Red-eyed Vireo","12_WI","USA",2900000
"Red-eyed Vireo","6_NT","CAN",2900000
"Red-eyed Vireo","14_ME","USA",2900000
"Red-eyed Vireo","6_BC","CAN",2600000
"Red-eyed Vireo","28_WV","USA",2200000
"Red-eyed Vireo","14_NS","CAN",2100000
"Red-eyed Vireo","14_QC","CAN",2000000
"Red-eyed Vireo","14_NY","USA",1800000
"Red-eyed Vireo","24_MO","USA",1500000
"Red-eyed Vireo","13_ON","CAN",1300000
"Red-eyed Vireo","25_AR","USA",1200000
"Red-eyed Vireo","28_TN","USA",1200000
"Red-eyed Vireo","23_WI","USA",1200000
"Red-eyed Vireo","28_KY","USA",1100000
"Red-eyed Vireo","29_VA","USA",1000000
"Red-eyed Vireo","10_BC","CAN",1000000
"Red-eyed Vireo","27_MS","USA",1000000
"Red-eyed Vireo","7_ON","CAN",950000
"Red-eyed Vireo","28_NY","USA",890000
"Red-eyed Vireo","14_NH","USA",890000
"Red-eyed Vireo","25_TX","USA",860000
"Red-eyed Vireo","13_NY","USA",820000
"Red-eyed Vireo","29_NC","USA",800000
"Red-eyed Vireo","12_MB","CAN",790000
"Red-eyed Vireo","28_VA","USA",750000
"Red-eyed Vireo","14_VT","USA",740000
"Red-eyed Vireo","13_QC","CAN",730000
"Red-eyed Vireo","27_AL","USA",660000
"Red-eyed Vireo","11_MB","CAN",640000
"Red-eyed Vireo","28_OH","USA",640000
"Red-eyed Vireo","28_AL","USA",570000
"Red-eyed Vireo","24_AR","USA",560000
"Red-eyed Vireo","27_NC","USA",560000
"Red-eyed Vireo","25_LA","USA",540000
"Red-eyed Vireo","25_OK","USA",530000
"Red-eyed Vireo","23_MI","USA",530000
"Red-eyed Vireo","28_NC","USA",480000
"Red-eyed Vireo","29_SC","USA",480000
"Red-eyed Vireo","11_SK","CAN",460000
"Red-eyed Vireo","27_VA","USA",440000
"Red-eyed Vireo","24_KY","USA",430000
"Red-eyed Vireo","23_MN","USA",400000
"Red-eyed Vireo","11_ND","USA",390000
"Red-eyed Vireo","24_TN","USA",390000
"Red-eyed Vireo","24_IN","USA",340000
"Red-eyed Vireo","29_GA","USA",330000
"Red-eyed Vireo","14_MA","USA",320000
"Red-eyed Vireo","30_CT","USA",320000
"Red-eyed Vireo","27_GA","USA",310000
"Red-eyed Vireo","30_MD","USA",280000
"Red-eyed Vireo","14_PE","CAN",270000
"Red-eyed Vireo","28_MD","USA",260000
"Red-eyed Vireo","27_SC","USA",240000
"Red-eyed Vireo","11_MN","USA",230000
"Red-eyed Vireo","28_GA","USA",220000
"Red-eyed Vireo","30_MA","USA",180000
"Red-eyed Vireo","13_PA","USA",170000
"Red-eyed Vireo","30_NH","USA",170000
"Red-eyed Vireo","5_BC","CAN",170000
"Red-eyed Vireo","11_AB","CAN",170000
"Red-eyed Vireo","27_FL","USA",160000
"Red-eyed Vireo","13_OH","USA",160000
"Red-eyed Vireo","22_KS","USA",160000
"Red-eyed Vireo","22_MO","USA",160000
"Red-eyed Vireo","10_ID","USA",140000
"Red-eyed Vireo","9_BC","CAN",140000
"Red-eyed Vireo","27_TN","USA",130000
"Red-eyed Vireo","29_AL","USA",120000
"Red-eyed Vireo","26_LA","USA",110000
"Red-eyed Vireo","22_OH","USA",110000
"Red-eyed Vireo","17_ND","USA",110000
"Red-eyed Vireo","19_KS","USA",100000
"Red-eyed Vireo","21_TX","USA",100000
"Red-eyed Vireo","29_MD","USA",95000
"Red-eyed Vireo","8_AB","CAN",92000
"Red-eyed Vireo","22_IL","USA",91000
"Red-eyed Vireo","21_OK","USA",87000
"Red-eyed Vireo","13_VT","USA",87000
"Red-eyed Vireo","22_IN","USA",82000
"Red-eyed Vireo","28_SC","USA",81000
"Red-eyed Vireo","28_NJ","USA",73000
"Red-eyed Vireo","10_MT","USA",70000
"Red-eyed Vireo","31_FL","USA",67000
"Red-eyed Vireo","14_CT","USA",61000
"Red-eyed Vireo","24_OH","USA",59000
"Red-eyed Vireo","27_LA","USA",59000
"Red-eyed Vireo","22_IA","USA",49000
"Red-eyed Vireo","30_VA","USA",49000
"Red-eyed Vireo","30_NJ","USA",47000
"Red-eyed Vireo","30_DE","USA",46000
"Red-eyed Vireo","24_AL","USA",46000
"Red-eyed Vireo","19_NE","USA",46000
"Red-eyed Vireo","24_IL","USA",44000
"Red-eyed Vireo","30_RI","USA",42000
"Red-eyed Vireo","30_ME","USA",39000
"Red-eyed Vireo","10_WA","USA",38000
"Red-eyed Vireo","29_PA","USA",38000
"Red-eyed Vireo","20_TX","USA",34000
"Red-eyed Vireo","26_MS","USA",32000
"Red-eyed Vireo","9_WA","USA",31000
"Red-eyed Vireo","11_NE","USA",29000
"Red-eyed Vireo","19_OK","USA",29000
"Red-eyed Vireo","24_OK","USA",29000
"Red-eyed Vireo","8_NL","CAN",28000
"Red-eyed Vireo","7_NT","CAN",26000
"Red-eyed Vireo","9_OR","USA",24000
"Red-eyed Vireo","28_CT","USA",23000
"Red-eyed Vireo","17_WY","USA",20000
"Red-eyed Vireo","37_LA","USA",19000
"Red-eyed Vireo","28_MA","USA",18000
"Red-eyed Vireo","18_NE","USA",18000
"Red-eyed Vireo","17_SD","USA",17000
"Red-eyed Vireo","23_IN","USA",17000
"Red-eyed Vireo","26_AR","USA",16000
"Red-eyed Vireo","30_NY","USA",16000
"Red-eyed Vireo","22_NE","USA",16000
"Red-eyed Vireo","29_NJ","USA",15000
"Red-eyed Vireo","23_IA","USA",14000
"Red-eyed Vireo","11_SD","USA",13000
"Red-eyed Vireo","10_WY","USA",12000
"Red-eyed Vireo","10_AB","CAN",9200
"Red-eyed Vireo","22_MN","USA",8500
"Red-eyed Vireo","26_MO","USA",7900
"Red-eyed Vireo","11_IA","USA",7900
"Red-eyed Vireo","27_KY","USA",7800
"Red-eyed Vireo","17_MT","USA",7200
"Red-eyed Vireo","5_WA","USA",7000
"Red-eyed Vireo","9_ID","USA",6600
"Red-eyed Vireo","4_YT","CAN",4300
"Red-eyed Vireo","22_WI","USA",4100
"Red-eyed Vireo","22_MI","USA",4100
"Red-eyed Vireo","22_OK","USA",4100
"Red-eyed Vireo","26_TN","USA",4100
"Red-eyed Vireo","23_IL","USA",3900
"Red-eyed Vireo","10_OR","USA",2900
"Red-eyed Vireo","7_SK","CAN",2900
"Red-eyed Vireo","26_KY","USA",2800
"Red-eyed Vireo","30_VT","USA",2200
"Red-eyed Vireo","26_IL","USA",1700
"Red-eyed Vireo","37_TX","USA",1700
"Red-eyed Vireo","19_TX","USA",1600
"Red-eyed Vireo","30_PA","USA",1400
"Red-eyed Vireo","18_SD","USA",1200
"Red-eyed Vireo","17_NE","USA",810
"Red-eyed Vireo","29_DE","USA",690
"Red-eyed Vireo","18_CO","USA",690
"Red-eyed Vireo","29_NY","USA",620
"Red-eyed Vireo","21_KS","USA",520
"Red-eyed Vireo","16_CO","USA",490
"Red-eyed Vireo","5_OR","USA",480
"Red-eyed Vireo","19_SD","USA",440
"Red-eyed Vireo","24_KS","USA",400
"Red-eyed Vireo","23_OH","USA",140
"Red-eyed Vireo","37_MS","USA",70
"Red-eyed Vireo","9_WY","USA",15
"Black-whiskered Vireo","31_FL","USA",84000
"Canada Jay","4_AK","USA",3900000
"Canada Jay","7_QC","CAN",3700000
"Canada Jay","4_YT","CAN",2400000
"Canada Jay","7_NT","CAN",2300000
"Canada Jay","6_NT","CAN",2200000
"Canada Jay","7_NL","CAN",1600000
"Canada Jay","7_ON","CAN",1200000
"Canada Jay","7_MB","CAN",1100000
"Canada Jay","8_SK","CAN",1100000
"Canada Jay","8_MB","CAN",790000
"Canada Jay","8_ON","CAN",760000
"Canada Jay","6_AB","CAN",690000
"Canada Jay","4_BC","CAN",540000
"Canada Jay","8_QC","CAN",500000
"Canada Jay","6_SK","CAN",450000
"Canada Jay","4_NT","CAN",440000
"Canada Jay","2_AK","USA",440000
"Canada Jay","10_BC","CAN",410000
"Canada Jay","7_SK","CAN",380000
"Canada Jay","8_NL","CAN",250000
"Canada Jay","6_BC","CAN",230000
"Canada Jay","3_NU","CAN",230000
"Canada Jay","3_AK","USA",170000
"Canada Jay","3_YT","CAN",100000
"Canada Jay","10_AB","CAN",100000
"Canada Jay","5_AK","USA",93000
"Canada Jay","12_ON","CAN",70000
"Canada Jay","3_QC","CAN",70000
"Canada Jay","6_MB","CAN",60000
"Canada Jay","3_NT","CAN",45000
"Canada Jay","17_SD","USA",42000
"Canada Jay","16_CO","USA",42000
"Canada Jay","12_QC","CAN",39000
"Canada Jay","5_OR","USA",36000
"Canada Jay","10_ID","USA",33000
"Canada Jay","10_OR","USA",33000
"Canada Jay","10_MT","USA",31000
"Canada Jay","12_MN","USA",28000
"Canada Jay","12_MB","CAN",24000
"Canada Jay","5_WA","USA",23000
"Canada Jay","14_NB","CAN",21000
"Canada Jay","9_OR","USA",20000
"Canada Jay","9_BC","CAN",19000
"Canada Jay","7_AB","CAN",15000
"Canada Jay","10_WY","USA",11000
"Canada Jay","14_NS","CAN",9700
"Canada Jay","9_WA","USA",8600
"Canada Jay","5_BC","CAN",8500
"Canada Jay","14_ME","USA",8300
"Canada Jay","10_WA","USA",6900
"Canada Jay","16_UT","USA",6500
"Canada Jay","16_WY","USA",4900
"Canada Jay","14_QC","CAN",2200
"Canada Jay","9_CA","USA",2200
"Canada Jay","12_MI","USA",1500
"Canada Jay","17_WY","USA",1300
"Canada Jay","12_WI","USA",920
"Canada Jay","14_NY","USA",820
"Canada Jay","15_CA","USA",650
"Canada Jay","5_CA","USA",580
"Canada Jay","3_MB","CAN",520
"Canada Jay","34_AZ","USA",360
"Canada Jay","13_ON","CAN",320
"Canada Jay","13_NY","USA",220
"Canada Jay","14_NH","USA",210
"Canada Jay","13_QC","CAN",130
"Canada Jay","14_PE","CAN",130
"Green Jay","36_TX","USA",33000
"Green Jay","37_TX","USA",13000
"Green Jay","21_TX","USA",10000
"Pinyon Jay","9_NV","USA",210000
"Pinyon Jay","16_NM","USA",190000
"Pinyon Jay","16_AZ","USA",82000
"Pinyon Jay","16_UT","USA",56000
"Pinyon Jay","16_CO","USA",51000
"Pinyon Jay","9_UT","USA",42000
"Pinyon Jay","9_CA","USA",41000
"Pinyon Jay","34_NM","USA",20000
"Pinyon Jay","9_OR","USA",11000
"Pinyon Jay","10_WY","USA",7900
"Pinyon Jay","32_CA","USA",7600
"Pinyon Jay","34_AZ","USA",7300
"Pinyon Jay","10_CO","USA",5500
"Pinyon Jay","35_NM","USA",5500
"Pinyon Jay","18_NM","USA",5200
"Pinyon Jay","10_MT","USA",3600
"Pinyon Jay","15_CA","USA",1700
"Pinyon Jay","9_ID","USA",1600
"Pinyon Jay","17_MT","USA",1600
"Pinyon Jay","18_CO","USA",1100
"Pinyon Jay","17_SD","USA",1000
"Pinyon Jay","16_NV","USA",240
"Pinyon Jay","33_NV","USA",200
"Pinyon Jay","35_AZ","USA",87
"Pinyon Jay","17_NE","USA",73
"Pinyon Jay","15_NV","USA",67
"Pinyon Jay","33_UT","USA",4
"Steller's Jay","5_CA","USA",370000
"Steller's Jay","15_CA","USA",310000
"Steller's Jay","5_OR","USA",300000
"Steller's Jay","32_CA","USA",290000
"Steller's Jay","5_BC","CAN",230000
"Steller's Jay","34_AZ","USA",150000
"Steller's Jay","5_WA","USA",130000
"Steller's Jay","16_NM","USA",120000
"Steller's Jay","5_AK","USA",110000
"Steller's Jay","16_CO","USA",98000
"Steller's Jay","9_OR","USA",89000
"Steller's Jay","10_OR","USA",72000
"Steller's Jay","10_BC","CAN",65000
"Steller's Jay","9_WA","USA",52000
"Steller's Jay","9_CA","USA",49000
"Steller's Jay","34_NM","USA",48000
"Steller's Jay","16_AZ","USA",46000
"Steller's Jay","10_ID","USA",43000
"Steller's Jay","35_NM","USA",40000
"Steller's Jay","16_UT","USA",23000
"Steller's Jay","9_BC","CAN",17000
"Steller's Jay","10_MT","USA",11000
"Steller's Jay","10_WA","USA",8500
"Steller's Jay","15_NV","USA",6300
"Steller's Jay","18_CO","USA",6000
"Steller's Jay","17_WY","USA",3000
"Steller's Jay","4_AK","USA",3000
"Steller's Jay","10_WY","USA",1900
"Steller's Jay","9_UT","USA",940
"Steller's Jay","35_AZ","USA",830
"Steller's Jay","16_WY","USA",400
"Steller's Jay","10_CO","USA",270
"Steller's Jay","9_ID","USA",260
"Steller's Jay","16_ID","USA",160
"Steller's Jay","16_NV","USA",130
"Steller's Jay","10_AB","CAN",130
"Steller's Jay","9_WY","USA",1
"Blue Jay","27_MS","USA",900000
"Blue Jay","27_GA","USA",730000
"Blue Jay","12_ON","CAN",630000
"Blue Jay","27_AL","USA",590000
"Blue Jay","27_FL","USA",570000
"Blue Jay","25_TX","USA",500000
"Blue Jay","12_QC","CAN",490000
"Blue Jay","31_FL","USA",430000
"Blue Jay","12_MI","USA",390000
"Blue Jay","29_GA","USA",350000
"Blue Jay","19_KS","USA",340000
"Blue Jay","24_MO","USA",340000
"Blue Jay","27_SC","USA",310000
"Blue Jay","28_PA","USA",310000
"Blue Jay","25_AR","USA",310000
"Blue Jay","23_WI","USA",310000
"Blue Jay","26_LA","USA",300000
"Blue Jay","25_LA","USA",300000
"Blue Jay","12_MN","USA",290000
"Blue Jay","22_MO","USA",280000
"Blue Jay","27_NC","USA",260000
"Blue Jay","13_ON","CAN",250000
"Blue Jay","24_KY","USA",230000
"Blue Jay","8_ON","CAN",230000
"Blue Jay","28_AL","USA",230000
"Blue Jay","12_WI","USA",220000
"Blue Jay","14_ME","USA",220000
"Blue Jay","21_TX","USA",220000
"Blue Jay","22_IL","USA",210000
"Blue Jay","22_KS","USA",210000
"Blue Jay","28_WV","USA",200000
"Blue Jay","28_VA","USA",190000
"Blue Jay","23_MI","USA",190000
"Blue Jay","13_NY","USA",190000
"Blue Jay","29_NC","USA",190000
"Blue Jay","29_SC","USA",190000
"Blue Jay","22_OH","USA",180000
"Blue Jay","22_IA","USA",170000
"Blue Jay","24_AR","USA",160000
"Blue Jay","28_TN","USA",160000
"Blue Jay","26_AR","USA",150000
"Blue Jay","28_NY","USA",150000
"Blue Jay","24_TN","USA",150000
"Blue Jay","28_KY","USA",140000
"Blue Jay","29_VA","USA",130000
"Blue Jay","14_NS","CAN",130000
"Blue Jay","19_NE","USA",130000
"Blue Jay","8_MB","CAN",120000
"Blue Jay","27_TN","USA",120000
"Blue Jay","23_MN","USA",120000
"Blue Jay","14_NB","CAN",120000
"Blue Jay","27_LA","USA",110000
"Blue Jay","28_GA","USA",110000
"Blue Jay","14_NY","USA",110000
"Blue Jay","37_LA","USA",110000
"Blue Jay","28_OH","USA",100000
"Blue Jay","14_QC","CAN",96000
"Blue Jay","21_OK","USA",95000
"Blue Jay","24_IN","USA",90000
"Blue Jay","26_MS","USA",87000
"Blue Jay","6_MB","CAN",84000
"Blue Jay","22_IN","USA",82000
"Blue Jay","13_OH","USA",76000
"Blue Jay","25_OK","USA",70000
"Blue Jay","14_VT","USA",67000
"Blue Jay","6_AB","CAN",67000
"Blue Jay","28_NC","USA",65000
"Blue Jay","14_NH","USA",64000
"Blue Jay","29_PA","USA",58000
"Blue Jay","13_QC","CAN",54000
"Blue Jay","11_MN","USA",53000
"Blue Jay","8_QC","CAN",52000
"Blue Jay","30_MA","USA",49000
"Blue Jay","30_NJ","USA",49000
"Blue Jay","29_AL","USA",49000
"Blue Jay","8_NL","CAN",48000
"Blue Jay","30_MD","USA",47000
"Blue Jay","19_OK","USA",45000
"Blue Jay","37_TX","USA",43000
"Blue Jay","22_NE","USA",42000
"Blue Jay","27_VA","USA",42000
"Blue Jay","12_MB","CAN",41000
"Blue Jay","30_CT","USA",40000
"Blue Jay","24_IL","USA",36000
"Blue Jay","6_SK","CAN",33000
"Blue Jay","24_AL","USA",32000
"Blue Jay","11_SD","USA",32000
"Blue Jay","29_MD","USA",29000
"Blue Jay","14_PE","CAN",29000
"Blue Jay","30_NY","USA",28000
"Blue Jay","8_SK","CAN",28000
"Blue Jay","19_TX","USA",27000
"Blue Jay","13_PA","USA",27000
"Blue Jay","11_NE","USA",26000
"Blue Jay","24_OK","USA",25000
"Blue Jay","11_IA","USA",25000
"Blue Jay","26_MO","USA",24000
"Blue Jay","22_MN","USA",23000
"Blue Jay","11_MB","CAN",23000
"Blue Jay","23_IN","USA",23000
"Blue Jay","22_OK","USA",22000
"Blue Jay","14_MA","USA",22000
"Blue Jay","11_ND","USA",19000
"Blue Jay","17_SD","USA",19000
"Blue Jay","29_NJ","USA",18000
"Blue Jay","30_NH","USA",17000
"Blue Jay","13_VT","USA",17000
"Blue Jay","20_TX","USA",15000
"Blue Jay","30_DE","USA",15000
"Blue Jay","27_KY","USA",14000
"Blue Jay","28_NJ","USA",14000
"Blue Jay","28_MD","USA",13000
"Blue Jay","24_OH","USA",11000
"Blue Jay","23_IL","USA",10000
"Blue Jay","28_SC","USA",9800
"Blue Jay","18_NE","USA",9500
"Blue Jay","22_MI","USA",8500
"Blue Jay","18_TX","USA",8300
"Blue Jay","30_RI","USA",8200
"Blue Jay","23_IA","USA",6400
"Blue Jay","18_CO","USA",6000
"Blue Jay","18_WY","USA",6000
"Blue Jay","30_VA","USA",5200
"Blue Jay","30_ME","USA",4800
"Blue Jay","11_SK","CAN",4600
"Blue Jay","22_WI","USA",4400
"Blue Jay","14_CT","USA",3800
"Blue Jay","17_WY","USA",3700
"Blue Jay","26_TN","USA",3500
"Blue Jay","11_AB","CAN",3200
"Blue Jay","28_CT","USA",2500
"Blue Jay","6_BC","CAN",2400
"Blue Jay","10_AB","CAN",2200
"Blue Jay","17_ND","USA",2100
"Blue Jay","28_MA","USA",2000
"Blue Jay","18_KS","USA",1800
"Blue Jay","16_CO","USA",1800
"Blue Jay","30_PA","USA",1500
"Blue Jay","26_KY","USA",1400
"Blue Jay","19_SD","USA",1200
"Blue Jay","29_DE","USA",1100
"Blue Jay","10_MT","USA",1000
"Blue Jay","17_NE","USA",900
"Blue Jay","26_IL","USA",880
"Blue Jay","29_NY","USA",760
"Blue Jay","18_SD","USA",660
"Blue Jay","21_KS","USA",560
"Blue Jay","36_TX","USA",550
"Blue Jay","37_MS","USA",390
"Blue Jay","24_KS","USA",350
"Blue Jay","30_VT","USA",220
"Blue Jay","23_OH","USA",190
"Blue Jay","18_OK","USA",120
"Florida Scrub-Jay","31_FL","USA",NA
"California Scrub-Jay","32_CA","USA",1000000
"California Scrub-Jay","5_OR","USA",120000
"California Scrub-Jay","5_CA","USA",99000
"California Scrub-Jay","15_CA","USA",70000
"California Scrub-Jay","5_WA","USA",27000
"California Scrub-Jay","9_CA","USA",22000
"California Scrub-Jay","9_OR","USA",19000
"California Scrub-Jay","9_WA","USA",9100
"California Scrub-Jay","15_NV","USA",1400
"California Scrub-Jay","9_NV","USA",460
"California Scrub-Jay","10_OR","USA",79
"Woodhouse's Scrub-Jay","9_NV","USA",110000
"Woodhouse's Scrub-Jay","16_NM","USA",91000
"Woodhouse's Scrub-Jay","34_AZ","USA",84000
"Woodhouse's Scrub-Jay","33_CA","USA",67000
"Woodhouse's Scrub-Jay","16_UT","USA",48000
"Woodhouse's Scrub-Jay","16_CO","USA",45000
"Woodhouse's Scrub-Jay","35_NM","USA",43000
"Woodhouse's Scrub-Jay","20_TX","USA",38000
"Woodhouse's Scrub-Jay","16_AZ","USA",35000
"Woodhouse's Scrub-Jay","34_NM","USA",27000
"Woodhouse's Scrub-Jay","10_CO","USA",11000
"Woodhouse's Scrub-Jay","35_TX","USA",10000
"Woodhouse's Scrub-Jay","9_UT","USA",9800
"Woodhouse's Scrub-Jay","9_CA","USA",7200
"Woodhouse's Scrub-Jay","18_NM","USA",3400
"Woodhouse's Scrub-Jay","19_TX","USA",2900
"Woodhouse's Scrub-Jay","18_CO","USA",2200
"Woodhouse's Scrub-Jay","33_NV","USA",1300
"Woodhouse's Scrub-Jay","35_AZ","USA",650
"Woodhouse's Scrub-Jay","18_TX","USA",460
"Woodhouse's Scrub-Jay","9_ID","USA",450
"Woodhouse's Scrub-Jay","16_ID","USA",330
"Woodhouse's Scrub-Jay","16_NV","USA",52
"Woodhouse's Scrub-Jay","33_UT","USA",31
"Woodhouse's Scrub-Jay","9_WY","USA",1
"Mexican Jay","34_AZ","USA",140000
"Clark's Nutcracker","16_CO","USA",50000
"Clark's Nutcracker","16_UT","USA",32000
"Clark's Nutcracker","10_WY","USA",32000
"Clark's Nutcracker","10_MT","USA",25000
"Clark's Nutcracker","10_OR","USA",21000
"Clark's Nutcracker","9_OR","USA",15000
"Clark's Nutcracker","9_CA","USA",13000
"Clark's Nutcracker","9_BC","CAN",13000
"Clark's Nutcracker","10_ID","USA",12000
"Clark's Nutcracker","16_NM","USA",10000
"Clark's Nutcracker","10_AB","CAN",8700
"Clark's Nutcracker","10_BC","CAN",8100
"Clark's Nutcracker","15_CA","USA",7700
"Clark's Nutcracker","9_NV","USA",7400
"Clark's Nutcracker","16_AZ","USA",6200
"Clark's Nutcracker","32_CA","USA",3800
"Clark's Nutcracker","10_WA","USA",3700
"Clark's Nutcracker","9_ID","USA",3600
"Clark's Nutcracker","17_WY","USA",3100
"Clark's Nutcracker","17_MT","USA",3000
"Clark's Nutcracker","9_WA","USA",2600
"Clark's Nutcracker","34_AZ","USA",2100
"Clark's Nutcracker","9_UT","USA",1600
"Clark's Nutcracker","17_SD","USA",1400
"Clark's Nutcracker","16_WY","USA",1100
"Clark's Nutcracker","5_CA","USA",900
"Clark's Nutcracker","34_NM","USA",260
"Clark's Nutcracker","15_NV","USA",220
"Clark's Nutcracker","16_ID","USA",220
"Clark's Nutcracker","10_UT","USA",160
"Clark's Nutcracker","10_CO","USA",140
"Clark's Nutcracker","5_OR","USA",120
"Clark's Nutcracker","5_WA","USA",62
"Clark's Nutcracker","11_AB","CAN",29
"Clark's Nutcracker","9_WY","USA",6
"Black-billed Magpie","6_AB","CAN",820000
"Black-billed Magpie","11_AB","CAN",630000
"Black-billed Magpie","9_ID","USA",500000
"Black-billed Magpie","10_MT","USA",450000
"Black-billed Magpie","11_SK","CAN",360000
"Black-billed Magpie","16_CO","USA",330000
"Black-billed Magpie","6_SK","CAN",310000
"Black-billed Magpie","10_WY","USA",250000
"Black-billed Magpie","6_BC","CAN",220000
"Black-billed Magpie","9_NV","USA",210000
"Black-billed Magpie","9_WA","USA",210000
"Black-billed Magpie","9_OR","USA",150000
"Black-billed Magpie","2_AK","USA",150000
"Black-billed Magpie","17_MT","USA",140000
"Black-billed Magpie","16_UT","USA",140000
"Black-billed Magpie","6_MB","CAN",120000
"Black-billed Magpie","4_AK","USA",120000
"Black-billed Magpie","16_NM","USA",110000
"Black-billed Magpie","11_MB","CAN",82000
"Black-billed Magpie","10_BC","CAN",76000
"Black-billed Magpie","9_CA","USA",74000
"Black-billed Magpie","9_BC","CAN",68000
"Black-billed Magpie","10_OR","USA",65000
"Black-billed Magpie","9_UT","USA",50000
"Black-billed Magpie","5_AK","USA",47000
"Black-billed Magpie","10_CO","USA",47000
"Black-billed Magpie","11_MT","USA",30000
"Black-billed Magpie","17_WY","USA",27000
"Black-billed Magpie","18_CO","USA",25000
"Black-billed Magpie","10_ID","USA",23000
"Black-billed Magpie","10_WA","USA",20000
"Black-billed Magpie","12_MN","USA",19000
"Black-billed Magpie","11_MN","USA",16000
"Black-billed Magpie","10_AB","CAN",15000
"Black-billed Magpie","10_UT","USA",15000
"Black-billed Magpie","16_WY","USA",15000
"Black-billed Magpie","12_ON","CAN",14000
"Black-billed Magpie","1_AK","USA",13000
"Black-billed Magpie","17_ND","USA",12000
"Black-billed Magpie","11_ND","USA",12000
"Black-billed Magpie","4_YT","CAN",12000
"Black-billed Magpie","7_NT","CAN",11000
"Black-billed Magpie","15_CA","USA",8700
"Black-billed Magpie","12_MB","CAN",7900
"Black-billed Magpie","18_NM","USA",4400
"Black-billed Magpie","5_CA","USA",2600
"Black-billed Magpie","17_SD","USA",1900
"Black-billed Magpie","19_KS","USA",1900
"Black-billed Magpie","8_SK","CAN",1400
"Black-billed Magpie","8_ON","CAN",1300
"Black-billed Magpie","18_WY","USA",1300
"Black-billed Magpie","5_YT","CAN",1200
"Black-billed Magpie","33_CA","USA",950
"Black-billed Magpie","8_MB","CAN",910
"Black-billed Magpie","16_ID","USA",910
"Black-billed Magpie","18_NE","USA",770
"Black-billed Magpie","19_NE","USA",730
"Black-billed Magpie","9_WY","USA",550
"Black-billed Magpie","18_KS","USA",520
"Black-billed Magpie","15_NV","USA",210
"Black-billed Magpie","22_NE","USA",150
"Black-billed Magpie","5_BC","CAN",130
"Black-billed Magpie","18_OK","USA",84
"Black-billed Magpie","5_OR","USA",82
"Black-billed Magpie","4_NT","CAN",70
"Black-billed Magpie","17_NE","USA",66
"Black-billed Magpie","18_SD","USA",53
"Black-billed Magpie","19_SD","USA",11
"Yellow-billed Magpie","32_CA","USA",110000
"Yellow-billed Magpie","15_CA","USA",32
"Yellow-billed Magpie","5_CA","USA",28
"American Crow","6_AB","CAN",1300000
"American Crow","8_QC","CAN",1100000
"American Crow","12_QC","CAN",740000
"American Crow","12_ON","CAN",650000
"American Crow","21_TX","USA",600000
"American Crow","23_WI","USA",600000
"American Crow","6_SK","CAN",590000
"American Crow","13_ON","CAN",550000
"American Crow","11_AB","CAN",550000
"American Crow","10_BC","CAN",510000
"American Crow","28_PA","USA",500000
"American Crow","11_SK","CAN",490000
"American Crow","27_MS","USA",490000
"American Crow","25_TX","USA",480000
"American Crow","27_GA","USA",470000
"American Crow","14_QC","CAN",460000
"American Crow","32_CA","USA",460000
"American Crow","8_ON","CAN",460000
"American Crow","24_MO","USA",450000
"American Crow","8_NL","CAN",430000
"American Crow","27_AL","USA",410000
"American Crow","27_NC","USA",370000
"American Crow","12_MI","USA",370000
"American Crow","25_AR","USA",370000
"American Crow","13_NY","USA",340000
"American Crow","6_MB","CAN",340000
"American Crow","29_VA","USA",320000
"American Crow","14_NS","CAN",310000
"American Crow","25_LA","USA",310000
"American Crow","14_ME","USA",300000
"American Crow","12_MN","USA",300000
"American Crow","14_NB","CAN",290000
"American Crow","24_KY","USA",290000
"American Crow","31_FL","USA",280000
"American Crow","29_GA","USA",280000
"American Crow","28_WV","USA",280000
"American Crow","21_OK","USA",280000
"American Crow","29_NC","USA",260000
"American Crow","22_MO","USA",260000
"American Crow","28_AL","USA",260000
"American Crow","28_VA","USA",260000
"American Crow","27_SC","USA",250000
"American Crow","22_IL","USA",250000
"American Crow","23_MI","USA",250000
"American Crow","22_KS","USA",240000
"American Crow","23_MN","USA",240000
"American Crow","28_TN","USA",220000
"American Crow","8_SK","CAN",220000
"American Crow","12_WI","USA",220000
"American Crow","28_NY","USA",210000
"American Crow","24_TN","USA",200000
"American Crow","27_FL","USA",200000
"American Crow","28_OH","USA",200000
"American Crow","13_QC","CAN",200000
"American Crow","22_IA","USA",190000
"American Crow","5_WA","USA",190000
"American Crow","29_SC","USA",190000
"American Crow","11_MB","CAN",190000
"American Crow","11_MN","USA",180000
"American Crow","24_AR","USA",170000
"American Crow","26_LA","USA",170000
"American Crow","5_OR","USA",160000
"American Crow","6_BC","CAN",160000
"American Crow","19_KS","USA",150000
"American Crow","24_IN","USA",150000
"American Crow","11_ND","USA",150000
"American Crow","8_MB","CAN",140000
"American Crow","16_CO","USA",140000
"American Crow","28_KY","USA",130000
"American Crow","19_OK","USA",130000
"American Crow","9_BC","CAN",120000
"American Crow","27_TN","USA",120000
"American Crow","25_OK","USA",120000
"American Crow","22_OH","USA",110000
"American Crow","10_MT","USA",110000
"American Crow","28_NC","USA",110000
"American Crow","13_OH","USA",110000
"American Crow","22_IN","USA",110000
"American Crow","9_ID","USA",100000
"American Crow","7_ON","CAN",100000
"American Crow","28_GA","USA",100000
"American Crow","27_VA","USA",98000
"American Crow","26_AR","USA",96000
"American Crow","19_NE","USA",91000
"American Crow","17_SD","USA",88000
"American Crow","14_NY","USA",85000
"American Crow","30_MD","USA",81000
"American Crow","9_WA","USA",79000
"American Crow","14_PE","CAN",77000
"American Crow","24_IL","USA",77000
"American Crow","9_NV","USA",72000
"American Crow","14_NH","USA",72000
"American Crow","14_VT","USA",68000
"American Crow","16_NM","USA",67000
"American Crow","9_OR","USA",65000
"American Crow","13_PA","USA",61000
"American Crow","29_PA","USA",52000
"American Crow","30_CT","USA",51000
"American Crow","37_TX","USA",51000
"American Crow","11_NE","USA",49000
"American Crow","5_BC","CAN",48000
"American Crow","30_MA","USA",45000
"American Crow","22_MN","USA",45000
"American Crow","10_WY","USA",44000
"American Crow","27_LA","USA",44000
"American Crow","10_ID","USA",43000
"American Crow","22_OK","USA",42000
"American Crow","24_AL","USA",42000
"American Crow","29_AL","USA",41000
"American Crow","23_IN","USA",41000
"American Crow","29_MD","USA",41000
"American Crow","24_OK","USA",41000
"American Crow","12_MB","CAN",40000
"American Crow","17_MT","USA",40000
"American Crow","11_IA","USA",39000
"American Crow","37_LA","USA",39000
"American Crow","11_MT","USA",39000
"American Crow","17_ND","USA",39000
"American Crow","20_TX","USA",32000
"American Crow","30_NJ","USA",29000
"American Crow","19_TX","USA",28000
"American Crow","10_AB","CAN",28000
"American Crow","13_VT","USA",27000
"American Crow","34_AZ","USA",25000
"American Crow","30_VA","USA",24000
"American Crow","17_WY","USA",24000
"American Crow","7_QC","CAN",23000
"American Crow","5_CA","USA",22000
"American Crow","11_SD","USA",21000
"American Crow","28_MD","USA",21000
"American Crow","30_DE","USA",20000
"American Crow","22_NE","USA",20000
"American Crow","14_MA","USA",19000
"American Crow","28_NJ","USA",18000
"American Crow","7_MB","CAN",18000
"American Crow","29_NJ","USA",17000
"American Crow","18_CO","USA",17000
"American Crow","30_NH","USA",16000
"American Crow","26_MS","USA",16000
"American Crow","30_NY","USA",16000
"American Crow","24_OH","USA",16000
"American Crow","10_WA","USA",15000
"American Crow","22_MI","USA",14000
"American Crow","16_UT","USA",14000
"American Crow","8_AB","CAN",14000
"American Crow","27_KY","USA",13000
"American Crow","18_NE","USA",13000
"American Crow","28_SC","USA",11000
"American Crow","26_MO","USA",11000
"American Crow","10_OR","USA",11000
"American Crow","23_IL","USA",9800
"American Crow","5_AK","USA",9200
"American Crow","14_CT","USA",8700
"American Crow","26_TN","USA",8300
"American Crow","16_WY","USA",7400
"American Crow","30_RI","USA",7400
"American Crow","30_ME","USA",7000
"American Crow","28_CT","USA",6900
"American Crow","6_NT","CAN",6200
"American Crow","28_MA","USA",5400
"American Crow","22_WI","USA",5300
"American Crow","23_IA","USA",4400
"American Crow","17_NE","USA",4200
"American Crow","10_CO","USA",4100
"American Crow","34_NM","USA",4000
"American Crow","35_NM","USA",3900
"American Crow","15_CA","USA",3400
"American Crow","9_CA","USA",3300
"American Crow","26_KY","USA",3300
"American Crow","26_IL","USA",2000
"American Crow","9_UT","USA",1800
"American Crow","18_NM","USA",1800
"American Crow","10_UT","USA",1700
"American Crow","21_KS","USA",1700
"American Crow","16_AZ","USA",1600
"American Crow","18_TX","USA",1500
"American Crow","18_KS","USA",1000
"American Crow","29_DE","USA",950
"American Crow","7_NT","CAN",910
"American Crow","19_SD","USA",880
"American Crow","30_PA","USA",880
"American Crow","18_SD","USA",870
"American Crow","33_CA","USA",760
"American Crow","29_NY","USA",720
"American Crow","18_WY","USA",620
"American Crow","24_KS","USA",560
"American Crow","23_OH","USA",340
"American Crow","30_VT","USA",210
"American Crow","18_OK","USA",200
"American Crow","16_ID","USA",180
"American Crow","37_MS","USA",160
"American Crow","7_SK","CAN",130
"American Crow","9_WY","USA",120
"American Crow","36_TX","USA",56
"Northwestern Crow","5_BC","CAN",400000
"Northwestern Crow","5_AK","USA",270000
"Northwestern Crow","4_AK","USA",19000
"Northwestern Crow","2_AK","USA",9600
"Northwestern Crow","9_BC","CAN",510
"Northwestern Crow","5_YT","CAN",350
"Fish Crow","31_FL","USA",69000
"Fish Crow","27_FL","USA",47000
"Fish Crow","27_GA","USA",43000
"Fish Crow","27_NC","USA",43000
"Fish Crow","27_SC","USA",36000
"Fish Crow","27_AL","USA",36000
"Fish Crow","26_LA","USA",26000
"Fish Crow","27_MS","USA",21000
"Fish Crow","25_AR","USA",19000
"Fish Crow","25_LA","USA",10000
"Fish Crow","29_GA","USA",9200
"Fish Crow","30_MD","USA",8300
"Fish Crow","25_TX","USA",8200
"Fish Crow","25_OK","USA",7800
"Fish Crow","30_NJ","USA",7000
"Fish Crow","37_LA","USA",6800
"Fish Crow","24_MO","USA",5300
"Fish Crow","29_VA","USA",4900
"Fish Crow","27_VA","USA",3900
"Fish Crow","28_VA","USA",3800
"Fish Crow","26_AR","USA",3700
"Fish Crow","28_PA","USA",3600
"Fish Crow","24_AR","USA",3200
"Fish Crow","27_LA","USA",3100
"Fish Crow","29_MD","USA",3100
"Fish Crow","29_NC","USA",3000
"Fish Crow","30_DE","USA",2900
"Fish Crow","24_OK","USA",2800
"Fish Crow","21_OK","USA",2700
"Fish Crow","28_AL","USA",2200
"Fish Crow","24_IL","USA",2100
"Fish Crow","29_PA","USA",2000
"Fish Crow","22_KS","USA",2000
"Fish Crow","30_VA","USA",1800
"Fish Crow","29_SC","USA",1700
"Fish Crow","30_MA","USA",1500
"Fish Crow","22_OK","USA",1400
"Fish Crow","30_CT","USA",1300
"Fish Crow","22_IL","USA",1100
"Fish Crow","28_MD","USA",530
"Fish Crow","29_AL","USA",530
"Fish Crow","26_MO","USA",500
"Fish Crow","28_WV","USA",500
"Fish Crow","37_TX","USA",420
"Fish Crow","28_GA","USA",370
"Fish Crow","30_NY","USA",320
"Fish Crow","19_KS","USA",320
"Fish Crow","26_MS","USA",300
"Fish Crow","26_TN","USA",300
"Fish Crow","27_KY","USA",290
"Fish Crow","22_MO","USA",260
"Fish Crow","28_NJ","USA",250
"Fish Crow","30_PA","USA",210
"Fish Crow","29_NJ","USA",200
"Fish Crow","21_TX","USA",190
"Fish Crow","27_TN","USA",120
"Fish Crow","13_NY","USA",120
"Fish Crow","24_KY","USA",78
"Fish Crow","24_KS","USA",77
"Fish Crow","30_NH","USA",77
"Fish Crow","28_TN","USA",60
"Fish Crow","24_AL","USA",55
"Fish Crow","26_KY","USA",45
"Fish Crow","28_SC","USA",41
"Fish Crow","29_DE","USA",38
"Fish Crow","26_IL","USA",28
"Fish Crow","37_MS","USA",25
"Fish Crow","28_NY","USA",14
"Fish Crow","14_NH","USA",10
"Fish Crow","29_NY","USA",9
"Chihuahuan Raven","18_NM","USA",86000
"Chihuahuan Raven","35_NM","USA",59000
"Chihuahuan Raven","16_NM","USA",35000
"Chihuahuan Raven","18_TX","USA",26000
"Chihuahuan Raven","36_TX","USA",13000
"Chihuahuan Raven","34_AZ","USA",12000
"Chihuahuan Raven","35_TX","USA",10000
"Chihuahuan Raven","18_CO","USA",8900
"Chihuahuan Raven","18_OK","USA",8800
"Chihuahuan Raven","19_TX","USA",8700
"Chihuahuan Raven","34_NM","USA",6700
"Chihuahuan Raven","20_TX","USA",820
"Chihuahuan Raven","35_AZ","USA",760
"Chihuahuan Raven","21_TX","USA",380
"Chihuahuan Raven","37_TX","USA",300
"Common Raven","3_NU","CAN",1100000
"Common Raven","6_SK","CAN",800000
"Common Raven","6_AB","CAN",410000
"Common Raven","9_NV","USA",360000
"Common Raven","8_ON","CAN",320000
"Common Raven","7_QC","CAN",300000
"Common Raven","6_NT","CAN",270000
"Common Raven","8_SK","CAN",260000
"Common Raven","8_QC","CAN",210000
"Common Raven","7_NT","CAN",210000
"Common Raven","3_NT","CAN",210000
"Common Raven","8_MB","CAN",200000
"Common Raven","10_BC","CAN",200000
"Common Raven","32_CA","USA",180000
"Common Raven","4_AK","USA",170000
"Common Raven","7_MB","CAN",150000
"Common Raven","12_ON","CAN",140000
"Common Raven","16_NM","USA",130000
"Common Raven","9_UT","USA",130000
"Common Raven","16_AZ","USA",120000
"Common Raven","5_AK","USA",120000
"Common Raven","2_AK","USA",110000
"Common Raven","5_BC","CAN",110000
"Common Raven","7_ON","CAN",100000
"Common Raven","16_UT","USA",94000
"Common Raven","4_YT","CAN",92000
"Common Raven","9_OR","USA",82000
"Common Raven","16_CO","USA",80000
"Common Raven","6_MB","CAN",78000
"Common Raven","10_MT","USA",77000
"Common Raven","10_WY","USA",75000
"Common Raven","34_AZ","USA",75000
"Common Raven","3_QC","CAN",73000
"Common Raven","33_CA","USA",71000
"Common Raven","12_QC","CAN",59000
"Common Raven","8_NL","CAN",59000
"Common Raven","11_SK","CAN",55000
"Common Raven","9_ID","USA",50000
"Common Raven","9_WA","USA",49000
"Common Raven","10_ID","USA",41000
"Common Raven","33_AZ","USA",40000
"Common Raven","12_MI","USA",38000
"Common Raven","6_BC","CAN",37000
"Common Raven","3_AK","USA",35000
"Common Raven","7_NL","CAN",33000
"Common Raven","5_CA","USA",32000
"Common Raven","12_MN","USA",31000
"Common Raven","9_BC","CAN",31000
"Common Raven","7_SK","CAN",30000
"Common Raven","14_NB","CAN",30000
"Common Raven","11_AB","CAN",29000
"Common Raven","18_NM","USA",28000
"Common Raven","10_OR","USA",24000
"Common Raven","14_QC","CAN",24000
"Common Raven","14_NS","CAN",24000
"Common Raven","4_BC","CAN",22000
"Common Raven","9_CA","USA",22000
"Common Raven","5_OR","USA",20000
"Common Raven","14_ME","USA",19000
"Common Raven","35_NM","USA",19000
"Common Raven","15_CA","USA",19000
"Common Raven","5_WA","USA",18000
"Common Raven","12_WI","USA",16000
"Common Raven","11_MB","CAN",16000
"Common Raven","10_AB","CAN",16000
"Common Raven","10_WA","USA",15000
"Common Raven","34_NM","USA",11000
"Common Raven","17_MT","USA",11000
"Common Raven","20_TX","USA",11000
"Common Raven","12_MB","CAN",10000
"Common Raven","35_TX","USA",9200
"Common Raven","13_ON","CAN",8500
"Common Raven","14_NY","USA",8000
"Common Raven","33_NV","USA",7500
"Common Raven","28_PA","USA",6800
"Common Raven","28_WV","USA",6400
"Common Raven","11_MN","USA",5100
"Common Raven","8_AB","CAN",5100
"Common Raven","14_PE","CAN",5100
"Common Raven","23_WI","USA",4100
"Common Raven","6_YT","CAN",4000
"Common Raven","18_CO","USA",3800
"Common Raven","10_CO","USA",3700
"Common Raven","1_AK","USA",3700
"Common Raven","13_QC","CAN",3500
"Common Raven","28_NY","USA",3200
"Common Raven","5_YT","CAN",3000
"Common Raven","14_NH","USA",2900
"Common Raven","3_YT","CAN",2600
"Common Raven","14_VT","USA",2300
"Common Raven","28_VA","USA",2200
"Common Raven","13_NY","USA",2100
"Common Raven","16_WY","USA",2000
"Common Raven","10_UT","USA",1800
"Common Raven","11_ND","USA",1600
"Common Raven","3_NL","CAN",1500
"Common Raven","11_MT","USA",1400
"Common Raven","19_TX","USA",1300
"Common Raven","28_NC","USA",1100
"Common Raven","17_WY","USA",1000
"Common Raven","29_VA","USA",980
"Common Raven","18_TX","USA",920
"Common Raven","14_MA","USA",690
"Common Raven","16_ID","USA",630
"Common Raven","28_MD","USA",600
"Common Raven","18_OK","USA",470
"Common Raven","23_MI","USA",440
"Common Raven","15_NV","USA",360
"Common Raven","28_TN","USA",360
"Common Raven","16_NV","USA",350
"Common Raven","3_MB","CAN",320
"Common Raven","35_AZ","USA",260
"Common Raven","30_NH","USA",230
"Common Raven","23_MN","USA",210
"Common Raven","13_VT","USA",190
"Common Raven","29_NC","USA",170
"Common Raven","30_MA","USA",150
"Common Raven","30_CT","USA",150
"Common Raven","28_NJ","USA",120
"Common Raven","28_KY","USA",94
"Common Raven","33_UT","USA",91
"Common Raven","14_CT","USA",83
"Common Raven","28_CT","USA",76
"Common Raven","13_PA","USA",75
"Common Raven","9_WY","USA",56
"Common Raven","17_ND","USA",50
"Common Raven","18_WY","USA",41
"Common Raven","29_MD","USA",38
"Common Raven","28_OH","USA",36
"Common Raven","21_TX","USA",31
"Common Raven","29_PA","USA",24
"Common Raven","29_SC","USA",22
"Common Raven","28_GA","USA",20
"Horned Lark","3_NU","CAN",11000000
"Horned Lark","18_CO","USA",8100000
"Horned Lark","11_SK","CAN",7100000
"Horned Lark","9_NV","USA",4800000
"Horned Lark","10_WY","USA",4800000
"Horned Lark","9_UT","USA",4600000
"Horned Lark","11_MT","USA",4600000
"Horned Lark","11_AB","CAN",3500000
"Horned Lark","18_TX","USA",3100000
"Horned Lark","3_QC","CAN",2800000
"Horned Lark","18_KS","USA",2800000
"Horned Lark","11_ND","USA",2400000
"Horned Lark","19_KS","USA",2300000
"Horned Lark","17_MT","USA",2200000
"Horned Lark","16_AZ","USA",2200000
"Horned Lark","3_NT","CAN",2200000
"Horned Lark","18_NM","USA",2000000
"Horned Lark","9_ID","USA",1800000
"Horned Lark","18_NE","USA",1700000
"Horned Lark","9_WA","USA",1600000
"Horned Lark","17_ND","USA",1500000
"Horned Lark","16_NM","USA",1400000
"Horned Lark","22_IL","USA",1300000
"Horned Lark","19_NE","USA",1200000
"Horned Lark","16_UT","USA",1100000
"Horned Lark","9_OR","USA",1100000
"Horned Lark","33_CA","USA",980000
"Horned Lark","18_OK","USA",970000
"Horned Lark","17_SD","USA",930000
"Horned Lark","16_CO","USA",830000
"Horned Lark","17_WY","USA",820000
"Horned Lark","22_OH","USA",790000
"Horned Lark","11_MN","USA",790000
"Horned Lark","10_MT","USA",730000
"Horned Lark","11_SD","USA",720000
"Horned Lark","32_CA","USA",490000
"Horned Lark","18_WY","USA",480000
"Horned Lark","22_IN","USA",460000
"Horned Lark","11_MB","CAN",440000
"Horned Lark","35_NM","USA",420000
"Horned Lark","23_WI","USA",380000
"Horned Lark","34_AZ","USA",340000
"Horned Lark","36_TX","USA",340000
"Horned Lark","33_AZ","USA",310000
"Horned Lark","19_OK","USA",300000
"Horned Lark","22_MO","USA",290000
"Horned Lark","19_TX","USA",290000
"Horned Lark","22_IA","USA",290000
"Horned Lark","33_NV","USA",270000
"Horned Lark","10_ID","USA",270000
"Horned Lark","23_MN","USA",260000
"Horned Lark","13_ON","CAN",250000
"Horned Lark","9_CA","USA",240000
"Horned Lark","7_ON","CAN",200000
"Horned Lark","7_MB","CAN",190000
"Horned Lark","16_WY","USA",180000
"Horned Lark","23_MI","USA",170000
"Horned Lark","26_AR","USA",170000
"Horned Lark","3_AK","USA",160000
"Horned Lark","22_MI","USA",160000
"Horned Lark","10_CO","USA",140000
"Horned Lark","22_KS","USA",140000
"Horned Lark","24_IN","USA",130000
"Horned Lark","12_MI","USA",120000
"Horned Lark","26_MO","USA",110000
"Horned Lark","18_SD","USA",110000
"Horned Lark","11_IA","USA",110000
"Horned Lark","22_NE","USA",96000
"Horned Lark","23_IN","USA",95000
"Horned Lark","22_MN","USA",75000
"Horned Lark","27_NC","USA",71000
"Horned Lark","11_NE","USA",67000
"Horned Lark","15_CA","USA",64000
"Horned Lark","13_NY","USA",62000
"Horned Lark","6_SK","CAN",55000
"Horned Lark","26_MS","USA",55000
"Horned Lark","24_IL","USA",51000
"Horned Lark","2_AK","USA",49000
"Horned Lark","17_NE","USA",44000
"Horned Lark","24_KY","USA",41000
"Horned Lark","13_OH","USA",40000
"Horned Lark","30_MD","USA",36000
"Horned Lark","28_PA","USA",33000
"Horned Lark","30_DE","USA",30000
"Horned Lark","4_BC","CAN",28000
"Horned Lark","26_LA","USA",26000
"Horned Lark","37_TX","USA",22000
"Horned Lark","12_MN","USA",21000
"Horned Lark","3_MB","CAN",21000
"Horned Lark","27_GA","USA",17000
"Horned Lark","6_MB","CAN",16000
"Horned Lark","13_QC","CAN",15000
"Horned Lark","29_PA","USA",14000
"Horned Lark","3_YT","CAN",14000
"Horned Lark","22_OK","USA",14000
"Horned Lark","4_YT","CAN",14000
"Horned Lark","26_TN","USA",14000
"Horned Lark","34_NM","USA",13000
"Horned Lark","27_VA","USA",12000
"Horned Lark","19_SD","USA",12000
"Horned Lark","4_AK","USA",12000
"Horned Lark","27_MS","USA",11000
"Horned Lark","22_WI","USA",11000
"Horned Lark","27_TN","USA",11000
"Horned Lark","24_MO","USA",10000
"Horned Lark","10_OR","USA",10000
"Horned Lark","27_SC","USA",9900
"Horned Lark","5_CA","USA",9800
"Horned Lark","35_TX","USA",9700
"Horned Lark","21_TX","USA",9400
"Horned Lark","23_IL","USA",9100
"Horned Lark","28_OH","USA",8100
"Horned Lark","16_ID","USA",7400
"Horned Lark","5_OR","USA",7200
"Horned Lark","8_NL","CAN",7100
"Horned Lark","12_WI","USA",6500
"Horned Lark","16_NV","USA",6300
"Horned Lark","35_AZ","USA",5400
"Horned Lark","3_NL","CAN",4600
"Horned Lark","10_WA","USA",4500
"Horned Lark","29_MD","USA",4200
"Horned Lark","25_LA","USA",4100
"Horned Lark","6_AB","CAN",3900
"Horned Lark","33_UT","USA",3300
"Horned Lark","9_BC","CAN",3100
"Horned Lark","30_NJ","USA",2800
"Horned Lark","10_UT","USA",2500
"Horned Lark","28_KY","USA",2200
"Horned Lark","24_TN","USA",2000
"Horned Lark","13_PA","USA",2000
"Horned Lark","9_WY","USA",2000
"Horned Lark","25_TX","USA",2000
"Horned Lark","30_VA","USA",1900
"Horned Lark","10_BC","CAN",1800
"Horned Lark","28_MD","USA",1700
"Horned Lark","1_AK","USA",1700
"Horned Lark","28_WV","USA",1700
"Horned Lark","4_NT","CAN",1700
"Horned Lark","29_NC","USA",1500
"Horned Lark","29_VA","USA",1400
"Horned Lark","24_AL","USA",1300
"Horned Lark","15_NV","USA",1200
"Horned Lark","21_OK","USA",1100
"Horned Lark","26_KY","USA",1000
"Horned Lark","23_OH","USA",790
"Horned Lark","29_SC","USA",740
"Horned Lark","26_IL","USA",620
"Horned Lark","14_QC","CAN",620
"Horned Lark","27_KY","USA",610
"Horned Lark","28_AL","USA",590
"Horned Lark","12_ON","CAN",450
"Horned Lark","28_VA","USA",450
"Horned Lark","10_AB","CAN",380
"Horned Lark","27_AL","USA",340
"Horned Lark","5_WA","USA",330
"Horned Lark","29_DE","USA",270
"Horned Lark","12_MB","CAN",200
"Horned Lark","28_TN","USA",170
"Horned Lark","28_NY","USA",100
"Horned Lark","30_PA","USA",86
"Horned Lark","8_AB","CAN",43
"Horned Lark","21_KS","USA",7
"Bank Swallow","4_AK","USA",880000
"Bank Swallow","19_OK","USA",820000
"Bank Swallow","9_ID","USA",600000
"Bank Swallow","10_BC","CAN",380000
"Bank Swallow","9_WA","USA",360000
"Bank Swallow","11_ND","USA",340000
"Bank Swallow","6_NT","CAN",270000
"Bank Swallow","11_MB","CAN",240000
"Bank Swallow","2_AK","USA",230000
"Bank Swallow","11_SK","CAN",230000
"Bank Swallow","17_ND","USA",210000
"Bank Swallow","8_QC","CAN",210000
"Bank Swallow","11_AB","CAN",170000
"Bank Swallow","13_ON","CAN",150000
"Bank Swallow","22_IA","USA",130000
"Bank Swallow","23_MN","USA",130000
"Bank Swallow","6_MB","CAN",120000
"Bank Swallow","17_MT","USA",110000
"Bank Swallow","10_WY","USA",110000
"Bank Swallow","6_AB","CAN",110000
"Bank Swallow","11_MN","USA",110000
"Bank Swallow","19_NE","USA",100000
"Bank Swallow","23_WI","USA",100000
"Bank Swallow","17_SD","USA",99000
"Bank Swallow","10_MT","USA",93000
"Bank Swallow","14_QC","CAN",86000
"Bank Swallow","11_SD","USA",75000
"Bank Swallow","22_IL","USA",74000
"Bank Swallow","11_MT","USA",67000
"Bank Swallow","23_MI","USA",65000
"Bank Swallow","4_YT","CAN",62000
"Bank Swallow","9_OR","USA",53000
"Bank Swallow","12_QC","CAN",53000
"Bank Swallow","22_NE","USA",50000
"Bank Swallow","7_QC","CAN",45000
"Bank Swallow","14_PE","CAN",44000
"Bank Swallow","13_NY","USA",43000
"Bank Swallow","13_QC","CAN",40000
"Bank Swallow","13_OH","USA",39000
"Bank Swallow","17_WY","USA",38000
"Bank Swallow","14_NB","CAN",35000
"Bank Swallow","7_NL","CAN",33000
"Bank Swallow","22_MN","USA",31000
"Bank Swallow","9_BC","CAN",28000
"Bank Swallow","12_MN","USA",27000
"Bank Swallow","9_NV","USA",26000
"Bank Swallow","12_MI","USA",26000
"Bank Swallow","36_TX","USA",26000
"Bank Swallow","15_CA","USA",24000
"Bank Swallow","14_ME","USA",23000
"Bank Swallow","22_MO","USA",22000
"Bank Swallow","5_AK","USA",21000
"Bank Swallow","12_WI","USA",20000
"Bank Swallow","12_ON","CAN",20000
"Bank Swallow","19_KS","USA",20000
"Bank Swallow","6_SK","CAN",18000
"Bank Swallow","24_AR","USA",16000
"Bank Swallow","8_NL","CAN",16000
"Bank Swallow","9_CA","USA",15000
"Bank Swallow","22_OH","USA",15000
"Bank Swallow","3_NU","CAN",14000
"Bank Swallow","3_AK","USA",14000
"Bank Swallow","16_CO","USA",13000
"Bank Swallow","14_VT","USA",13000
"Bank Swallow","4_NT","CAN",13000
"Bank Swallow","21_OK","USA",12000
"Bank Swallow","14_NS","CAN",11000
"Bank Swallow","10_ID","USA",10000
"Bank Swallow","12_MB","CAN",9300
"Bank Swallow","10_WA","USA",9200
"Bank Swallow","28_PA","USA",9000
"Bank Swallow","14_NH","USA",9000
"Bank Swallow","28_OH","USA",9000
"Bank Swallow","30_CT","USA",8000
"Bank Swallow","23_IN","USA",7400
"Bank Swallow","18_CO","USA",7200
"Bank Swallow","23_IA","USA",6800
"Bank Swallow","16_UT","USA",6600
"Bank Swallow","8_ON","CAN",6200
"Bank Swallow","9_UT","USA",6100
"Bank Swallow","5_BC","CAN",5900
"Bank Swallow","10_CO","USA",5700
"Bank Swallow","13_VT","USA",5500
"Bank Swallow","22_IN","USA",5400
"Bank Swallow","1_AK","USA",5300
"Bank Swallow","21_TX","USA",5000
"Bank Swallow","17_NE","USA",4700
"Bank Swallow","5_WA","USA",4600
"Bank Swallow","22_MI","USA",4300
"Bank Swallow","18_NE","USA",4200
"Bank Swallow","13_PA","USA",4200
"Bank Swallow","28_NY","USA",4100
"Bank Swallow","24_MO","USA",3800
"Bank Swallow","11_IA","USA",3500
"Bank Swallow","22_KS","USA",3500
"Bank Swallow","8_MB","CAN",3500
"Bank Swallow","5_OR","USA",3200
"Bank Swallow","24_IN","USA",3000
"Bank Swallow","3_NT","CAN",2800
"Bank Swallow","11_NE","USA",2800
"Bank Swallow","8_SK","CAN",2600
"Bank Swallow","7_AB","CAN",2200
"Bank Swallow","28_NC","USA",2200
"Bank Swallow","24_IL","USA",2200
"Bank Swallow","7_ON","CAN",1900
"Bank Swallow","10_OR","USA",1900
"Bank Swallow","29_MD","USA",1900
"Bank Swallow","30_DE","USA",1900
"Bank Swallow","27_KY","USA",1600
"Bank Swallow","30_MA","USA",1300
"Bank Swallow","23_IL","USA",1300
"Bank Swallow","5_CA","USA",1300
"Bank Swallow","19_SD","USA",1100
"Bank Swallow","3_YT","CAN",1000
"Bank Swallow","26_AR","USA",950
"Bank Swallow","5_YT","CAN",920
"Bank Swallow","15_NV","USA",920
"Bank Swallow","22_WI","USA",830
"Bank Swallow","10_AB","CAN",810
"Bank Swallow","14_MA","USA",780
"Bank Swallow","9_WY","USA",660
"Bank Swallow","30_MD","USA",540
"Bank Swallow","29_PA","USA",540
"Bank Swallow","32_CA","USA",430
"Bank Swallow","30_NY","USA",420
"Bank Swallow","24_KY","USA",380
"Bank Swallow","18_SD","USA",290
"Bank Swallow","14_NY","USA",290
"Bank Swallow","24_TN","USA",240
"Bank Swallow","18_OK","USA",210
"Bank Swallow","28_MD","USA",150
"Bank Swallow","21_KS","USA",150
"Bank Swallow","28_TN","USA",140
"Bank Swallow","28_NJ","USA",98
"Bank Swallow","30_NJ","USA",93
"Bank Swallow","16_ID","USA",89
"Bank Swallow","30_NH","USA",89
"Bank Swallow","23_OH","USA",61
"Bank Swallow","29_DE","USA",10
"Bank Swallow","30_PA","USA",3
"Bank Swallow","30_VT","USA",1
"Tree Swallow","6_AB","CAN",1400000
"Tree Swallow","10_BC","CAN",1300000
"Tree Swallow","8_QC","CAN",690000
"Tree Swallow","11_AB","CAN",680000
"Tree Swallow","10_MT","USA",650000
"Tree Swallow","3_NU","CAN",480000
"Tree Swallow","11_SK","CAN",440000
"Tree Swallow","23_WI","USA",430000
"Tree Swallow","4_AK","USA",430000
"Tree Swallow","2_AK","USA",410000
"Tree Swallow","6_SK","CAN",370000
"Tree Swallow","16_CO","USA",370000
"Tree Swallow","13_ON","CAN",330000
"Tree Swallow","23_MN","USA",320000
"Tree Swallow","7_NL","CAN",320000
"Tree Swallow","11_ND","USA",310000
"Tree Swallow","10_WY","USA",290000
"Tree Swallow","14_QC","CAN",270000
"Tree Swallow","12_QC","CAN",260000
"Tree Swallow","4_YT","CAN",240000
"Tree Swallow","5_BC","CAN",240000
"Tree Swallow","28_PA","USA",230000
"Tree Swallow","9_WA","USA",220000
"Tree Swallow","8_SK","CAN",220000
"Tree Swallow","12_MN","USA",220000
"Tree Swallow","8_NL","CAN",220000
"Tree Swallow","7_MB","CAN",210000
"Tree Swallow","12_MI","USA",210000
"Tree Swallow","14_NB","CAN",210000
"Tree Swallow","6_NT","CAN",200000
"Tree Swallow","32_CA","USA",200000
"Tree Swallow","10_ID","USA",190000
"Tree Swallow","11_SD","USA",180000
"Tree Swallow","13_NY","USA",180000
"Tree Swallow","11_MB","CAN",180000
"Tree Swallow","14_ME","USA",170000
"Tree Swallow","11_MN","USA",170000
"Tree Swallow","12_ON","CAN",170000
"Tree Swallow","10_AB","CAN",170000
"Tree Swallow","9_ID","USA",170000
"Tree Swallow","28_NY","USA",160000
"Tree Swallow","8_ON","CAN",150000
"Tree Swallow","5_OR","USA",150000
"Tree Swallow","17_MT","USA",140000
"Tree Swallow","9_BC","CAN",140000
"Tree Swallow","14_NS","CAN",140000
"Tree Swallow","28_VA","USA",140000
"Tree Swallow","5_AK","USA",140000
"Tree Swallow","6_MB","CAN",130000
"Tree Swallow","9_OR","USA",130000
"Tree Swallow","5_WA","USA",120000
"Tree Swallow","17_SD","USA",120000
"Tree Swallow","13_QC","CAN",120000
"Tree Swallow","23_MI","USA",120000
"Tree Swallow","12_WI","USA",110000
"Tree Swallow","22_IA","USA",110000
"Tree Swallow","7_QC","CAN",110000
"Tree Swallow","3_NT","CAN",93000
"Tree Swallow","7_ON","CAN",92000
"Tree Swallow","5_CA","USA",91000
"Tree Swallow","10_OR","USA",84000
"Tree Swallow","7_NT","CAN",83000
"Tree Swallow","22_IL","USA",81000
"Tree Swallow","24_IN","USA",78000
"Tree Swallow","24_KY","USA",77000
"Tree Swallow","22_OH","USA",76000
"Tree Swallow","28_WV","USA",75000
"Tree Swallow","19_NE","USA",73000
"Tree Swallow","16_UT","USA",71000
"Tree Swallow","15_CA","USA",66000
"Tree Swallow","28_TN","USA",64000
"Tree Swallow","10_WA","USA",62000
"Tree Swallow","4_BC","CAN",62000
"Tree Swallow","9_CA","USA",52000
"Tree Swallow","14_NH","USA",51000
"Tree Swallow","4_NT","CAN",49000
"Tree Swallow","6_BC","CAN",47000
"Tree Swallow","14_VT","USA",44000
"Tree Swallow","8_MB","CAN",43000
"Tree Swallow","23_IN","USA",42000
"Tree Swallow","28_OH","USA",41000
"Tree Swallow","14_NY","USA",39000
"Tree Swallow","17_ND","USA",35000
"Tree Swallow","16_NM","USA",33000
"Tree Swallow","13_OH","USA",32000
"Tree Swallow","30_MA","USA",30000
"Tree Swallow","28_NC","USA",30000
"Tree Swallow","29_VA","USA",29000
"Tree Swallow","22_IN","USA",29000
"Tree Swallow","9_NV","USA",28000
"Tree Swallow","11_MT","USA",27000
"Tree Swallow","29_PA","USA",26000
"Tree Swallow","22_MO","USA",25000
"Tree Swallow","30_CT","USA",21000
"Tree Swallow","14_MA","USA",19000
"Tree Swallow","22_MN","USA",19000
"Tree Swallow","30_NJ","USA",18000
"Tree Swallow","18_CO","USA",18000
"Tree Swallow","12_MB","CAN",17000
"Tree Swallow","24_MO","USA",17000
"Tree Swallow","28_AL","USA",16000
"Tree Swallow","7_SK","CAN",15000
"Tree Swallow","30_MD","USA",15000
"Tree Swallow","13_PA","USA",15000
"Tree Swallow","13_VT","USA",14000
"Tree Swallow","8_AB","CAN",14000
"Tree Swallow","17_WY","USA",13000
"Tree Swallow","3_AK","USA",13000
"Tree Swallow","11_IA","USA",13000
"Tree Swallow","31_FL","USA",13000
"Tree Swallow","22_NE","USA",12000
"Tree Swallow","30_DE","USA",12000
"Tree Swallow","22_KS","USA",11000
"Tree Swallow","28_KY","USA",11000
"Tree Swallow","24_TN","USA",10000
"Tree Swallow","14_PE","CAN",9600
"Tree Swallow","16_WY","USA",8500
"Tree Swallow","24_IL","USA",8000
"Tree Swallow","28_GA","USA",6900
"Tree Swallow","29_MD","USA",6700
"Tree Swallow","30_NH","USA",6500
"Tree Swallow","29_NJ","USA",6000
"Tree Swallow","11_NE","USA",5900
"Tree Swallow","26_AR","USA",5700
"Tree Swallow","19_KS","USA",5400
"Tree Swallow","30_ME","USA",5100
"Tree Swallow","28_MD","USA",4700
"Tree Swallow","30_NY","USA",4500
"Tree Swallow","29_SC","USA",4200
"Tree Swallow","28_NJ","USA",4100
"Tree Swallow","5_YT","CAN",3800
"Tree Swallow","22_WI","USA",3700
"Tree Swallow","28_CT","USA",3500
"Tree Swallow","23_IA","USA",3500
"Tree Swallow","9_UT","USA",3400
"Tree Swallow","25_TX","USA",2900
"Tree Swallow","3_YT","CAN",2800
"Tree Swallow","28_MA","USA",2700
"Tree Swallow","34_AZ","USA",2700
"Tree Swallow","27_VA","USA",2700
"Tree Swallow","18_WY","USA",2500
"Tree Swallow","25_OK","USA",2400
"Tree Swallow","10_CO","USA",2000
"Tree Swallow","30_RI","USA",1900
"Tree Swallow","29_NC","USA",1800
"Tree Swallow","23_IL","USA",1700
"Tree Swallow","27_TN","USA",1500
"Tree Swallow","22_MI","USA",1300
"Tree Swallow","27_NC","USA",1200
"Tree Swallow","17_NE","USA",1100
"Tree Swallow","3_MB","CAN",1100
"Tree Swallow","18_NE","USA",1100
"Tree Swallow","25_AR","USA",1000
"Tree Swallow","14_CT","USA",970
"Tree Swallow","10_UT","USA",830
"Tree Swallow","24_OH","USA",800
"Tree Swallow","15_NV","USA",670
"Tree Swallow","21_TX","USA",590
"Tree Swallow","16_ID","USA",580
"Tree Swallow","26_MO","USA",570
"Tree Swallow","24_AR","USA",570
"Tree Swallow","24_AL","USA",560
"Tree Swallow","30_PA","USA",560
"Tree Swallow","21_OK","USA",530
"Tree Swallow","27_MS","USA",520
"Tree Swallow","29_DE","USA",480
"Tree Swallow","26_TN","USA",410
"Tree Swallow","27_AL","USA",380
"Tree Swallow","18_NM","USA",380
"Tree Swallow","23_OH","USA",350
"Tree Swallow","19_OK","USA",290
"Tree Swallow","29_GA","USA",280
"Tree Swallow","9_WY","USA",260
"Tree Swallow","29_NY","USA",250
"Tree Swallow","26_KY","USA",200
"Tree Swallow","20_TX","USA",180
"Tree Swallow","27_GA","USA",170
"Tree Swallow","27_KY","USA",160
"Tree Swallow","22_OK","USA",130
"Tree Swallow","26_IL","USA",120
"Tree Swallow","30_VT","USA",84
"Violet-green Swallow","16_CO","USA",770000
"Violet-green Swallow","10_BC","CAN",620000
"Violet-green Swallow","5_WA","USA",450000
"Violet-green Swallow","16_AZ","USA",410000
"Violet-green Swallow","16_NM","USA",400000
"Violet-green Swallow","5_BC","CAN",350000
"Violet-green Swallow","32_CA","USA",330000
"Violet-green Swallow","34_AZ","USA",300000
"Violet-green Swallow","5_OR","USA",290000
"Violet-green Swallow","4_AK","USA",260000
"Violet-green Swallow","9_WA","USA",230000
"Violet-green Swallow","16_UT","USA",230000
"Violet-green Swallow","9_ID","USA",210000
"Violet-green Swallow","4_YT","CAN",200000
"Violet-green Swallow","10_WY","USA",190000
"Violet-green Swallow","10_ID","USA",180000
"Violet-green Swallow","10_MT","USA",160000
"Violet-green Swallow","5_AK","USA",150000
"Violet-green Swallow","9_NV","USA",150000
"Violet-green Swallow","9_BC","CAN",130000
"Violet-green Swallow","9_OR","USA",110000
"Violet-green Swallow","10_WA","USA",100000
"Violet-green Swallow","35_NM","USA",99000
"Violet-green Swallow","17_SD","USA",72000
"Violet-green Swallow","5_CA","USA",51000
"Violet-green Swallow","10_OR","USA",41000
"Violet-green Swallow","15_CA","USA",38000
"Violet-green Swallow","17_WY","USA",33000
"Violet-green Swallow","34_NM","USA",30000
"Violet-green Swallow","17_MT","USA",23000
"Violet-green Swallow","9_CA","USA",19000
"Violet-green Swallow","10_UT","USA",14000
"Violet-green Swallow","10_CO","USA",13000
"Violet-green Swallow","9_UT","USA",12000
"Violet-green Swallow","16_WY","USA",8500
"Violet-green Swallow","18_CO","USA",5800
"Violet-green Swallow","5_YT","CAN",4200
"Violet-green Swallow","33_CA","USA",3700
"Violet-green Swallow","3_AK","USA",3100
"Violet-green Swallow","17_ND","USA",2900
"Violet-green Swallow","35_TX","USA",2800
"Violet-green Swallow","6_BC","CAN",2100
"Violet-green Swallow","18_NM","USA",1800
"Violet-green Swallow","16_ID","USA",1600
"Violet-green Swallow","2_AK","USA",1500
"Violet-green Swallow","35_AZ","USA",1300
"Violet-green Swallow","16_NV","USA",1200
"Violet-green Swallow","15_NV","USA",740
"Violet-green Swallow","33_AZ","USA",560
"Violet-green Swallow","18_WY","USA",460
"Violet-green Swallow","10_AB","CAN",290
"Violet-green Swallow","9_WY","USA",230
"Violet-green Swallow","11_MT","USA",180
"Northern Rough-winged Swallow","28_WV","USA",1900000
"Northern Rough-winged Swallow","9_NV","USA",1500000
"Northern Rough-winged Swallow","27_MS","USA",890000
"Northern Rough-winged Swallow","10_BC","CAN",730000
"Northern Rough-winged Swallow","34_AZ","USA",720000
"Northern Rough-winged Swallow","10_ID","USA",700000
"Northern Rough-winged Swallow","33_CA","USA",690000
"Northern Rough-winged Swallow","9_WA","USA",610000
"Northern Rough-winged Swallow","10_WY","USA",530000
"Northern Rough-winged Swallow","33_AZ","USA",450000
"Northern Rough-winged Swallow","9_ID","USA",430000
"Northern Rough-winged Swallow","31_FL","USA",420000
"Northern Rough-winged Swallow","22_IA","USA",320000
"Northern Rough-winged Swallow","10_OR","USA",310000
"Northern Rough-winged Swallow","19_NE","USA",310000
"Northern Rough-winged Swallow","22_IL","USA",300000
"Northern Rough-winged Swallow","21_OK","USA",300000
"Northern Rough-winged Swallow","10_MT","USA",300000
"Northern Rough-winged Swallow","26_MS","USA",300000
"Northern Rough-winged Swallow","19_KS","USA",270000
"Northern Rough-winged Swallow","27_GA","USA",270000
"Northern Rough-winged Swallow","9_OR","USA",260000
"Northern Rough-winged Swallow","32_CA","USA",260000
"Northern Rough-winged Swallow","22_MO","USA",240000
"Northern Rough-winged Swallow","17_MT","USA",220000
"Northern Rough-winged Swallow","11_AB","CAN",220000
"Northern Rough-winged Swallow","23_WI","USA",210000
"Northern Rough-winged Swallow","21_TX","USA",210000
"Northern Rough-winged Swallow","22_KS","USA",170000
"Northern Rough-winged Swallow","16_CO","USA",170000
"Northern Rough-winged Swallow","9_BC","CAN",160000
"Northern Rough-winged Swallow","11_SD","USA",160000
"Northern Rough-winged Swallow","26_AR","USA",160000
"Northern Rough-winged Swallow","24_KY","USA",160000
"Northern Rough-winged Swallow","24_MO","USA",150000
"Northern Rough-winged Swallow","16_UT","USA",150000
"Northern Rough-winged Swallow","28_AL","USA",140000
"Northern Rough-winged Swallow","27_AL","USA",130000
"Northern Rough-winged Swallow","26_LA","USA",130000
"Northern Rough-winged Swallow","29_GA","USA",130000
"Northern Rough-winged Swallow","24_TN","USA",130000
"Northern Rough-winged Swallow","22_OH","USA",120000
"Northern Rough-winged Swallow","23_MN","USA",110000
"Northern Rough-winged Swallow","6_AB","CAN",110000
"Northern Rough-winged Swallow","25_AR","USA",110000
"Northern Rough-winged Swallow","28_TN","USA",100000
"Northern Rough-winged Swallow","5_CA","USA",99000
"Northern Rough-winged Swallow","28_PA","USA",97000
"Northern Rough-winged Swallow","37_TX","USA",94000
"Northern Rough-winged Swallow","19_OK","USA",92000
"Northern Rough-winged Swallow","28_GA","USA",86000
"Northern Rough-winged Swallow","27_TN","USA",85000
"Northern Rough-winged Swallow","9_UT","USA",84000
"Northern Rough-winged Swallow","18_NE","USA",84000
"Northern Rough-winged Swallow","29_NC","USA",83000
"Northern Rough-winged Swallow","5_WA","USA",83000
"Northern Rough-winged Swallow","24_IN","USA",81000
"Northern Rough-winged Swallow","16_NM","USA",81000
"Northern Rough-winged Swallow","22_IN","USA",74000
"Northern Rough-winged Swallow","17_WY","USA",74000
"Northern Rough-winged Swallow","36_TX","USA",73000
"Northern Rough-winged Swallow","19_TX","USA",70000
"Northern Rough-winged Swallow","10_WA","USA",70000
"Northern Rough-winged Swallow","27_FL","USA",70000
"Northern Rough-winged Swallow","29_VA","USA",69000
"Northern Rough-winged Swallow","13_ON","CAN",69000
"Northern Rough-winged Swallow","24_AL","USA",62000
"Northern Rough-winged Swallow","20_TX","USA",61000
"Northern Rough-winged Swallow","28_KY","USA",61000
"Northern Rough-winged Swallow","24_AR","USA",59000
"Northern Rough-winged Swallow","23_MI","USA",58000
"Northern Rough-winged Swallow","35_TX","USA",58000
"Northern Rough-winged Swallow","27_NC","USA",56000
"Northern Rough-winged Swallow","29_SC","USA",54000
"Northern Rough-winged Swallow","17_SD","USA",54000
"Northern Rough-winged Swallow","22_OK","USA",53000
"Northern Rough-winged Swallow","12_MI","USA",52000
"Northern Rough-winged Swallow","28_VA","USA",50000
"Northern Rough-winged Swallow","28_OH","USA",48000
"Northern Rough-winged Swallow","11_ND","USA",47000
"Northern Rough-winged Swallow","22_NE","USA",47000
"Northern Rough-winged Swallow","6_BC","CAN",42000
"Northern Rough-winged Swallow","25_OK","USA",37000
"Northern Rough-winged Swallow","11_NE","USA",35000
"Northern Rough-winged Swallow","5_BC","CAN",35000
"Northern Rough-winged Swallow","10_CO","USA",35000
"Northern Rough-winged Swallow","15_CA","USA",35000
"Northern Rough-winged Swallow","13_OH","USA",34000
"Northern Rough-winged Swallow","28_NC","USA",34000
"Northern Rough-winged Swallow","11_IA","USA",33000
"Northern Rough-winged Swallow","22_MN","USA",30000
"Northern Rough-winged Swallow","11_MN","USA",30000
"Northern Rough-winged Swallow","18_NM","USA",28000
"Northern Rough-winged Swallow","25_LA","USA",28000
"Northern Rough-winged Swallow","18_TX","USA",27000
"Northern Rough-winged Swallow","11_MT","USA",26000
"Northern Rough-winged Swallow","5_OR","USA",26000
"Northern Rough-winged Swallow","9_CA","USA",26000
"Northern Rough-winged Swallow","23_IN","USA",21000
"Northern Rough-winged Swallow","23_IL","USA",21000
"Northern Rough-winged Swallow","18_CO","USA",21000
"Northern Rough-winged Swallow","12_WI","USA",19000
"Northern Rough-winged Swallow","35_NM","USA",19000
"Northern Rough-winged Swallow","27_SC","USA",19000
"Northern Rough-winged Swallow","24_IL","USA",19000
"Northern Rough-winged Swallow","28_NY","USA",18000
"Northern Rough-winged Swallow","18_KS","USA",18000
"Northern Rough-winged Swallow","16_AZ","USA",17000
"Northern Rough-winged Swallow","24_OK","USA",17000
"Northern Rough-winged Swallow","26_MO","USA",17000
"Northern Rough-winged Swallow","22_MI","USA",17000
"Northern Rough-winged Swallow","10_UT","USA",15000
"Northern Rough-winged Swallow","23_IA","USA",15000
"Northern Rough-winged Swallow","17_ND","USA",15000
"Northern Rough-winged Swallow","29_PA","USA",15000
"Northern Rough-winged Swallow","13_NY","USA",15000
"Northern Rough-winged Swallow","37_LA","USA",13000
"Northern Rough-winged Swallow","30_CT","USA",12000
"Northern Rough-winged Swallow","6_MB","CAN",11000
"Northern Rough-winged Swallow","27_LA","USA",11000
"Northern Rough-winged Swallow","29_NJ","USA",9100
"Northern Rough-winged Swallow","13_PA","USA",8800
"Northern Rough-winged Swallow","28_NJ","USA",7600
"Northern Rough-winged Swallow","29_AL","USA",7400
"Northern Rough-winged Swallow","25_TX","USA",7300
"Northern Rough-winged Swallow","11_MB","CAN",7300
"Northern Rough-winged Swallow","12_MN","USA",7000
"Northern Rough-winged Swallow","33_NV","USA",7000
"Northern Rough-winged Swallow","24_OH","USA",6900
"Northern Rough-winged Swallow","12_QC","CAN",5900
"Northern Rough-winged Swallow","18_SD","USA",5800
"Northern Rough-winged Swallow","29_MD","USA",5300
"Northern Rough-winged Swallow","30_NJ","USA",5100
"Northern Rough-winged Swallow","14_NH","USA",5100
"Northern Rough-winged Swallow","30_MA","USA",5100
"Northern Rough-winged Swallow","13_VT","USA",4900
"Northern Rough-winged Swallow","26_TN","USA",4400
"Northern Rough-winged Swallow","13_QC","CAN",3800
"Northern Rough-winged Swallow","28_SC","USA",3800
"Northern Rough-winged Swallow","11_SK","CAN",3700
"Northern Rough-winged Swallow","30_MD","USA",3600
"Northern Rough-winged Swallow","27_VA","USA",3500
"Northern Rough-winged Swallow","28_MD","USA",3300
"Northern Rough-winged Swallow","14_ME","USA",3200
"Northern Rough-winged Swallow","19_SD","USA",3000
"Northern Rough-winged Swallow","16_WY","USA",2900
"Northern Rough-winged Swallow","17_NE","USA",2500
"Northern Rough-winged Swallow","14_VT","USA",2300
"Northern Rough-winged Swallow","12_ON","CAN",2000
"Northern Rough-winged Swallow","14_NY","USA",1900
"Northern Rough-winged Swallow","14_MA","USA",1900
"Northern Rough-winged Swallow","27_KY","USA",1800
"Northern Rough-winged Swallow","21_KS","USA",1800
"Northern Rough-winged Swallow","28_CT","USA",1800
"Northern Rough-winged Swallow","14_QC","CAN",1700
"Northern Rough-winged Swallow","18_OK","USA",1600
"Northern Rough-winged Swallow","28_MA","USA",1400
"Northern Rough-winged Swallow","30_VA","USA",1400
"Northern Rough-winged Swallow","30_DE","USA",1300
"Northern Rough-winged Swallow","34_NM","USA",1200
"Northern Rough-winged Swallow","16_ID","USA",1000
"Northern Rough-winged Swallow","12_MB","CAN",1000
"Northern Rough-winged Swallow","22_WI","USA",970
"Northern Rough-winged Swallow","10_AB","CAN",940
"Northern Rough-winged Swallow","15_NV","USA",670
"Northern Rough-winged Swallow","26_KY","USA",610
"Northern Rough-winged Swallow","9_WY","USA",470
"Northern Rough-winged Swallow","29_NY","USA",380
"Northern Rough-winged Swallow","26_IL","USA",380
"Northern Rough-winged Swallow","14_CT","USA",330
"Northern Rough-winged Swallow","29_DE","USA",270
"Northern Rough-winged Swallow","35_AZ","USA",250
"Northern Rough-winged Swallow","24_KS","USA",240
"Northern Rough-winged Swallow","30_NH","USA",220
"Northern Rough-winged Swallow","23_OH","USA",180
"Northern Rough-winged Swallow","30_PA","USA",160
"Northern Rough-winged Swallow","33_UT","USA",85
"Northern Rough-winged Swallow","16_NV","USA",50
"Northern Rough-winged Swallow","37_MS","USA",48
"Northern Rough-winged Swallow","30_VT","USA",3
"Purple Martin","21_TX","USA",610000
"Purple Martin","27_NC","USA",450000
"Purple Martin","26_LA","USA",420000
"Purple Martin","27_AL","USA",370000
"Purple Martin","27_GA","USA",360000
"Purple Martin","27_MS","USA",350000
"Purple Martin","25_TX","USA",300000
"Purple Martin","29_SC","USA",300000
"Purple Martin","37_LA","USA",290000
"Purple Martin","37_TX","USA",260000
"Purple Martin","24_KY","USA",240000
"Purple Martin","24_MO","USA",210000
"Purple Martin","25_LA","USA",180000
"Purple Martin","27_FL","USA",180000
"Purple Martin","31_FL","USA",160000
"Purple Martin","36_TX","USA",150000
"Purple Martin","25_AR","USA",130000
"Purple Martin","27_SC","USA",130000
"Purple Martin","22_MO","USA",130000
"Purple Martin","20_TX","USA",130000
"Purple Martin","26_MO","USA",120000
"Purple Martin","21_OK","USA",120000
"Purple Martin","28_AL","USA",120000
"Purple Martin","29_GA","USA",120000
"Purple Martin","29_NC","USA",110000
"Purple Martin","11_SK","CAN",110000
"Purple Martin","25_OK","USA",110000
"Purple Martin","22_IL","USA",100000
"Purple Martin","24_TN","USA",100000
"Purple Martin","24_AR","USA",98000
"Purple Martin","26_MS","USA",97000
"Purple Martin","30_MD","USA",90000
"Purple Martin","27_TN","USA",89000
"Purple Martin","22_OH","USA",84000
"Purple Martin","26_AR","USA",82000
"Purple Martin","22_KS","USA",80000
"Purple Martin","24_IN","USA",80000
"Purple Martin","34_AZ","USA",74000
"Purple Martin","28_TN","USA",67000
"Purple Martin","28_OH","USA",64000
"Purple Martin","22_OK","USA",63000
"Purple Martin","24_IL","USA",62000
"Purple Martin","16_AZ","USA",57000
"Purple Martin","27_VA","USA",53000
"Purple Martin","29_VA","USA",52000
"Purple Martin","6_SK","CAN",49000
"Purple Martin","19_TX","USA",49000
"Purple Martin","22_IA","USA",49000
"Purple Martin","19_OK","USA",48000
"Purple Martin","22_IN","USA",48000
"Purple Martin","13_ON","CAN",45000
"Purple Martin","30_DE","USA",44000
"Purple Martin","11_AB","CAN",42000
"Purple Martin","11_ND","USA",39000
"Purple Martin","27_KY","USA",35000
"Purple Martin","23_WI","USA",34000
"Purple Martin","28_WV","USA",29000
"Purple Martin","26_TN","USA",27000
"Purple Martin","13_NY","USA",26000
"Purple Martin","24_OK","USA",26000
"Purple Martin","28_PA","USA",25000
"Purple Martin","30_NJ","USA",25000
"Purple Martin","29_AL","USA",25000
"Purple Martin","27_LA","USA",24000
"Purple Martin","16_CO","USA",24000
"Purple Martin","11_MB","CAN",23000
"Purple Martin","23_MI","USA",23000
"Purple Martin","28_GA","USA",22000
"Purple Martin","24_AL","USA",21000
"Purple Martin","12_MN","USA",21000
"Purple Martin","28_KY","USA",20000
"Purple Martin","5_BC","CAN",19000
"Purple Martin","6_MB","CAN",19000
"Purple Martin","13_OH","USA",18000
"Purple Martin","34_NM","USA",17000
"Purple Martin","5_CA","USA",16000
"Purple Martin","35_TX","USA",15000
"Purple Martin","16_NM","USA",15000
"Purple Martin","23_MN","USA",14000
"Purple Martin","23_IN","USA",14000
"Purple Martin","11_SD","USA",14000
"Purple Martin","19_KS","USA",13000
"Purple Martin","13_PA","USA",13000
"Purple Martin","11_MN","USA",12000
"Purple Martin","5_OR","USA",11000
"Purple Martin","22_NE","USA",9500
"Purple Martin","28_VA","USA",9200
"Purple Martin","6_AB","CAN",9000
"Purple Martin","29_PA","USA",7500
"Purple Martin","18_TX","USA",6000
"Purple Martin","33_AZ","USA",5900
"Purple Martin","29_MD","USA",5500
"Purple Martin","32_CA","USA",4300
"Purple Martin","30_MA","USA",4300
"Purple Martin","12_WI","USA",3500
"Purple Martin","5_WA","USA",3300
"Purple Martin","19_NE","USA",2800
"Purple Martin","22_MI","USA",2800
"Purple Martin","16_UT","USA",2500
"Purple Martin","26_KY","USA",2400
"Purple Martin","30_VA","USA",2200
"Purple Martin","35_NM","USA",2100
"Purple Martin","12_ON","CAN",2000
"Purple Martin","14_NB","CAN",1900
"Purple Martin","22_MN","USA",1800
"Purple Martin","12_MI","USA",1800
"Purple Martin","28_MD","USA",1700
"Purple Martin","11_IA","USA",1500
"Purple Martin","28_SC","USA",1500
"Purple Martin","26_IL","USA",1500
"Purple Martin","13_QC","CAN",1300
"Purple Martin","37_MS","USA",1100
"Purple Martin","28_NC","USA",930
"Purple Martin","29_NJ","USA",850
"Purple Martin","24_OH","USA",830
"Purple Martin","30_PA","USA",750
"Purple Martin","12_QC","CAN",740
"Purple Martin","21_KS","USA",710
"Purple Martin","17_ND","USA",510
"Purple Martin","30_CT","USA",490
"Purple Martin","28_NY","USA",460
"Purple Martin","12_MB","CAN",390
"Purple Martin","24_KS","USA",360
"Purple Martin","18_CO","USA",230
"Purple Martin","14_ME","USA",150
"Purple Martin","29_DE","USA",140
"Purple Martin","18_OK","USA",130
"Purple Martin","9_CA","USA",120
"Purple Martin","23_OH","USA",110
"Purple Martin","14_NS","CAN",110
"Purple Martin","22_WI","USA",99
"Purple Martin","29_NY","USA",36
"Barn Swallow","22_IL","USA",1400000
"Barn Swallow","22_IA","USA",1400000
"Barn Swallow","11_SK","CAN",1300000
"Barn Swallow","19_KS","USA",1200000
"Barn Swallow","19_NE","USA",1200000
"Barn Swallow","23_WI","USA",1100000
"Barn Swallow","11_SD","USA",1100000
"Barn Swallow","21_TX","USA",1000000
"Barn Swallow","11_ND","USA",980000
"Barn Swallow","22_MO","USA",940000
"Barn Swallow","19_OK","USA",790000
"Barn Swallow","28_PA","USA",790000
"Barn Swallow","18_TX","USA",780000
"Barn Swallow","25_TX","USA",780000
"Barn Swallow","24_KY","USA",720000
"Barn Swallow","11_MN","USA",700000
"Barn Swallow","27_MS","USA",690000
"Barn Swallow","24_MO","USA",670000
"Barn Swallow","13_ON","CAN",660000
"Barn Swallow","11_MB","CAN",580000
"Barn Swallow","17_SD","USA",580000
"Barn Swallow","22_KS","USA",560000
"Barn Swallow","9_ID","USA",550000
"Barn Swallow","22_OH","USA",530000
"Barn Swallow","9_WA","USA",530000
"Barn Swallow","6_SK","CAN",510000
"Barn Swallow","6_AB","CAN",500000
"Barn Swallow","28_VA","USA",500000
"Barn Swallow","28_TN","USA",500000
"Barn Swallow","23_MI","USA",500000
"Barn Swallow","27_NC","USA",500000
"Barn Swallow","37_LA","USA",470000
"Barn Swallow","18_CO","USA",470000
"Barn Swallow","5_BC","CAN",460000
"Barn Swallow","23_MN","USA",450000
"Barn Swallow","27_AL","USA",450000
"Barn Swallow","5_WA","USA",430000
"Barn Swallow","24_TN","USA",430000
"Barn Swallow","13_NY","USA",420000
"Barn Swallow","17_MT","USA",410000
"Barn Swallow","27_GA","USA",400000
"Barn Swallow","28_AL","USA",390000
"Barn Swallow","11_AB","CAN",380000
"Barn Swallow","26_AR","USA",380000
"Barn Swallow","19_TX","USA",380000
"Barn Swallow","28_WV","USA",370000
"Barn Swallow","11_IA","USA",370000
"Barn Swallow","6_MB","CAN",360000
"Barn Swallow","32_CA","USA",350000
"Barn Swallow","22_IN","USA",340000
"Barn Swallow","5_OR","USA",330000
"Barn Swallow","25_AR","USA",320000
"Barn Swallow","29_NC","USA",320000
"Barn Swallow","26_LA","USA",310000
"Barn Swallow","16_CO","USA",300000
"Barn Swallow","18_NM","USA",290000
"Barn Swallow","28_OH","USA",280000
"Barn Swallow","24_IN","USA",280000
"Barn Swallow","18_NE","USA",280000
"Barn Swallow","29_VA","USA",280000
"Barn Swallow","9_NV","USA",280000
"Barn Swallow","22_NE","USA",270000
"Barn Swallow","16_NM","USA",260000
"Barn Swallow","10_WY","USA",250000
"Barn Swallow","13_OH","USA",240000
"Barn Swallow","10_BC","CAN",240000
"Barn Swallow","9_UT","USA",240000
"Barn Swallow","24_IL","USA",230000
"Barn Swallow","10_MT","USA",230000
"Barn Swallow","24_AR","USA",230000
"Barn Swallow","11_MT","USA",230000
"Barn Swallow","37_TX","USA",230000
"Barn Swallow","25_OK","USA",220000
"Barn Swallow","29_GA","USA",220000
"Barn Swallow","28_NY","USA",220000
"Barn Swallow","27_TN","USA",210000
"Barn Swallow","17_ND","USA",210000
"Barn Swallow","11_NE","USA",210000
"Barn Swallow","25_LA","USA",210000
"Barn Swallow","21_OK","USA",200000
"Barn Swallow","12_MI","USA",190000
"Barn Swallow","28_KY","USA",190000
"Barn Swallow","9_OR","USA",180000
"Barn Swallow","36_TX","USA",170000
"Barn Swallow","12_QC","CAN",170000
"Barn Swallow","23_IN","USA",170000
"Barn Swallow","12_MN","USA",170000
"Barn Swallow","22_OK","USA",170000
"Barn Swallow","20_TX","USA",160000
"Barn Swallow","18_KS","USA",150000
"Barn Swallow","12_ON","CAN",150000
"Barn Swallow","35_NM","USA",150000
"Barn Swallow","6_NT","CAN",150000
"Barn Swallow","29_PA","USA",140000
"Barn Swallow","26_MO","USA",140000
"Barn Swallow","27_SC","USA",140000
"Barn Swallow","28_NC","USA",140000
"Barn Swallow","16_UT","USA",140000
"Barn Swallow","26_MS","USA",120000
"Barn Swallow","28_GA","USA",120000
"Barn Swallow","22_MN","USA",120000
"Barn Swallow","13_QC","CAN",110000
"Barn Swallow","27_FL","USA",110000
"Barn Swallow","9_CA","USA",110000
"Barn Swallow","8_SK","CAN",110000
"Barn Swallow","14_QC","CAN",110000
"Barn Swallow","8_QC","CAN",110000
"Barn Swallow","13_PA","USA",110000
"Barn Swallow","18_OK","USA",100000
"Barn Swallow","30_MD","USA",100000
"Barn Swallow","17_WY","USA",100000
"Barn Swallow","35_TX","USA",93000
"Barn Swallow","10_ID","USA",91000
"Barn Swallow","27_KY","USA",87000
"Barn Swallow","27_VA","USA",87000
"Barn Swallow","12_WI","USA",84000
"Barn Swallow","14_ME","USA",81000
"Barn Swallow","14_NB","CAN",78000
"Barn Swallow","14_NS","CAN",76000
"Barn Swallow","29_SC","USA",73000
"Barn Swallow","24_AL","USA",68000
"Barn Swallow","29_MD","USA",67000
"Barn Swallow","22_MI","USA",62000
"Barn Swallow","8_MB","CAN",61000
"Barn Swallow","30_NJ","USA",60000
"Barn Swallow","9_BC","CAN",58000
"Barn Swallow","33_AZ","USA",53000
"Barn Swallow","14_NY","USA",53000
"Barn Swallow","34_AZ","USA",53000
"Barn Swallow","5_CA","USA",53000
"Barn Swallow","30_DE","USA",51000
"Barn Swallow","8_ON","CAN",50000
"Barn Swallow","18_WY","USA",50000
"Barn Swallow","12_MB","CAN",49000
"Barn Swallow","30_CT","USA",48000
"Barn Swallow","23_IA","USA",44000
"Barn Swallow","6_BC","CAN",44000
"Barn Swallow","27_LA","USA",43000
"Barn Swallow","23_IL","USA",42000
"Barn Swallow","26_TN","USA",40000
"Barn Swallow","5_AK","USA",39000
"Barn Swallow","14_VT","USA",35000
"Barn Swallow","28_MD","USA",35000
"Barn Swallow","10_CO","USA",35000
"Barn Swallow","14_NH","USA",34000
"Barn Swallow","15_CA","USA",33000
"Barn Swallow","24_OK","USA",32000
"Barn Swallow","30_MA","USA",31000
"Barn Swallow","7_NT","CAN",31000
"Barn Swallow","17_NE","USA",27000
"Barn Swallow","29_AL","USA",25000
"Barn Swallow","33_CA","USA",24000
"Barn Swallow","16_AZ","USA",23000
"Barn Swallow","30_VA","USA",22000
"Barn Swallow","10_AB","CAN",20000
"Barn Swallow","30_NY","USA",20000
"Barn Swallow","18_SD","USA",19000
"Barn Swallow","13_VT","USA",18000
"Barn Swallow","14_MA","USA",17000
"Barn Swallow","10_UT","USA",17000
"Barn Swallow","16_WY","USA",17000
"Barn Swallow","4_YT","CAN",13000
"Barn Swallow","29_NJ","USA",12000
"Barn Swallow","10_OR","USA",12000
"Barn Swallow","24_OH","USA",12000
"Barn Swallow","19_SD","USA",12000
"Barn Swallow","10_WA","USA",10000
"Barn Swallow","22_WI","USA",9900
"Barn Swallow","28_SC","USA",9200
"Barn Swallow","28_NJ","USA",7700
"Barn Swallow","31_FL","USA",7600
"Barn Swallow","7_ON","CAN",5600
"Barn Swallow","30_NH","USA",4700
"Barn Swallow","4_NT","CAN",4600
"Barn Swallow","30_ME","USA",4300
"Barn Swallow","26_KY","USA",4100
"Barn Swallow","14_PE","CAN",3700
"Barn Swallow","3_NU","CAN",3700
"Barn Swallow","30_RI","USA",2800
"Barn Swallow","29_DE","USA",2600
"Barn Swallow","26_IL","USA",2500
"Barn Swallow","34_NM","USA",2200
"Barn Swallow","35_AZ","USA",1900
"Barn Swallow","30_PA","USA",1800
"Barn Swallow","37_MS","USA",1800
"Barn Swallow","28_CT","USA",1700
"Barn Swallow","23_OH","USA",1400
"Barn Swallow","28_MA","USA",1300
"Barn Swallow","8_AB","CAN",1200
"Barn Swallow","21_KS","USA",1200
"Barn Swallow","5_YT","CAN",1000
"Barn Swallow","16_ID","USA",910
"Barn Swallow","3_NT","CAN",720
"Barn Swallow","15_NV","USA",640
"Barn Swallow","9_WY","USA",610
"Barn Swallow","14_CT","USA",540
"Barn Swallow","29_NY","USA",530
"Barn Swallow","24_KS","USA",440
"Barn Swallow","33_NV","USA",380
"Barn Swallow","8_NL","CAN",270
"Barn Swallow","30_VT","USA",60
"Barn Swallow","33_UT","USA",8
"Cliff Swallow","21_TX","USA",5900000
"Cliff Swallow","32_CA","USA",5300000
"Cliff Swallow","11_ND","USA",5000000
"Cliff Swallow","19_OK","USA",2600000
"Cliff Swallow","9_CA","USA",2600000
"Cliff Swallow","25_TX","USA",2100000
"Cliff Swallow","19_KS","USA",1900000
"Cliff Swallow","9_WA","USA",1800000
"Cliff Swallow","11_MN","USA",1800000
"Cliff Swallow","18_NE","USA",1600000
"Cliff Swallow","18_TX","USA",1600000
"Cliff Swallow","16_CO","USA",1600000
"Cliff Swallow","11_AB","CAN",1600000
"Cliff Swallow","17_SD","USA",1500000
"Cliff Swallow","19_TX","USA",1500000
"Cliff Swallow","17_MT","USA",1300000
"Cliff Swallow","9_UT","USA",1300000
"Cliff Swallow","9_OR","USA",1200000
"Cliff Swallow","10_MT","USA",1200000
"Cliff Swallow","9_ID","USA",1200000
"Cliff Swallow","6_AB","CAN",1200000
"Cliff Swallow","11_SD","USA",1100000
"Cliff Swallow","10_WY","USA",1100000
"Cliff Swallow","6_BC","CAN",1000000
"Cliff Swallow","18_NM","USA",990000
"Cliff Swallow","22_IA","USA",970000
"Cliff Swallow","19_NE","USA",940000
"Cliff Swallow","4_AK","USA",880000
"Cliff Swallow","17_ND","USA",860000
"Cliff Swallow","18_CO","USA",840000
"Cliff Swallow","11_MB","CAN",820000
"Cliff Swallow","33_CA","USA",810000
"Cliff Swallow","37_TX","USA",780000
"Cliff Swallow","33_AZ","USA",780000
"Cliff Swallow","10_ID","USA",760000
"Cliff Swallow","17_WY","USA",740000
"Cliff Swallow","11_SK","CAN",700000
"Cliff Swallow","9_NV","USA",690000
"Cliff Swallow","23_MN","USA",600000
"Cliff Swallow","23_WI","USA",550000
"Cliff Swallow","20_TX","USA",540000
"Cliff Swallow","21_OK","USA",530000
"Cliff Swallow","15_CA","USA",520000
"Cliff Swallow","5_CA","USA",500000
"Cliff Swallow","27_MS","USA",490000
"Cliff Swallow","16_UT","USA",470000
"Cliff Swallow","25_OK","USA",470000
"Cliff Swallow","22_NE","USA",460000
"Cliff Swallow","22_KS","USA",450000
"Cliff Swallow","16_NM","USA",440000
"Cliff Swallow","36_TX","USA",430000
"Cliff Swallow","22_IL","USA",420000
"Cliff Swallow","11_MT","USA",410000
"Cliff Swallow","18_KS","USA",410000
"Cliff Swallow","22_MO","USA",390000
"Cliff Swallow","18_OK","USA",390000
"Cliff Swallow","10_BC","CAN",390000
"Cliff Swallow","35_NM","USA",360000
"Cliff Swallow","4_YT","CAN",320000
"Cliff Swallow","10_UT","USA",310000
"Cliff Swallow","5_OR","USA",300000
"Cliff Swallow","28_AL","USA",300000
"Cliff Swallow","24_TN","USA",300000
"Cliff Swallow","24_MO","USA",290000
"Cliff Swallow","26_MO","USA",260000
"Cliff Swallow","11_IA","USA",260000
"Cliff Swallow","35_TX","USA",250000
"Cliff Swallow","24_AL","USA",250000
"Cliff Swallow","25_AR","USA",250000
"Cliff Swallow","27_AL","USA",230000
"Cliff Swallow","12_MN","USA",210000
"Cliff Swallow","22_OK","USA",160000
"Cliff Swallow","16_AZ","USA",150000
"Cliff Swallow","28_TN","USA",140000
"Cliff Swallow","7_NT","CAN",140000
"Cliff Swallow","18_WY","USA",130000
"Cliff Swallow","10_OR","USA",130000
"Cliff Swallow","24_KY","USA",120000
"Cliff Swallow","10_AB","CAN",120000
"Cliff Swallow","5_WA","USA",120000
"Cliff Swallow","26_AR","USA",110000
"Cliff Swallow","18_SD","USA",110000
"Cliff Swallow","25_LA","USA",110000
"Cliff Swallow","22_MN","USA",110000
"Cliff Swallow","27_KY","USA",110000
"Cliff Swallow","23_IA","USA",98000
"Cliff Swallow","24_IN","USA",97000
"Cliff Swallow","10_WA","USA",96000
"Cliff Swallow","26_LA","USA",86000
"Cliff Swallow","24_IL","USA",85000
"Cliff Swallow","29_GA","USA",85000
"Cliff Swallow","9_BC","CAN",82000
"Cliff Swallow","6_MB","CAN",80000
"Cliff Swallow","3_NU","CAN",77000
"Cliff Swallow","29_SC","USA",73000
"Cliff Swallow","4_NT","CAN",72000
"Cliff Swallow","34_AZ","USA",72000
"Cliff Swallow","17_NE","USA",72000
"Cliff Swallow","29_NC","USA",72000
"Cliff Swallow","37_LA","USA",70000
"Cliff Swallow","13_ON","CAN",69000
"Cliff Swallow","12_MI","USA",64000
"Cliff Swallow","24_OK","USA",59000
"Cliff Swallow","11_NE","USA",58000
"Cliff Swallow","29_VA","USA",58000
"Cliff Swallow","14_NB","CAN",57000
"Cliff Swallow","28_OH","USA",57000
"Cliff Swallow","14_QC","CAN",51000
"Cliff Swallow","14_ME","USA",48000
"Cliff Swallow","12_QC","CAN",46000
"Cliff Swallow","28_GA","USA",44000
"Cliff Swallow","2_AK","USA",44000
"Cliff Swallow","28_PA","USA",43000
"Cliff Swallow","24_AR","USA",43000
"Cliff Swallow","12_WI","USA",42000
"Cliff Swallow","28_NY","USA",42000
"Cliff Swallow","10_CO","USA",39000
"Cliff Swallow","4_BC","CAN",39000
"Cliff Swallow","16_WY","USA",36000
"Cliff Swallow","12_MB","CAN",35000
"Cliff Swallow","5_BC","CAN",34000
"Cliff Swallow","22_IN","USA",33000
"Cliff Swallow","8_QC","CAN",32000
"Cliff Swallow","23_IL","USA",32000
"Cliff Swallow","12_ON","CAN",30000
"Cliff Swallow","13_NY","USA",28000
"Cliff Swallow","23_MI","USA",28000
"Cliff Swallow","28_NC","USA",27000
"Cliff Swallow","13_QC","CAN",26000
"Cliff Swallow","5_AK","USA",25000
"Cliff Swallow","26_MS","USA",24000
"Cliff Swallow","8_ON","CAN",24000
"Cliff Swallow","28_VA","USA",22000
"Cliff Swallow","26_TN","USA",21000
"Cliff Swallow","13_OH","USA",20000
"Cliff Swallow","6_SK","CAN",18000
"Cliff Swallow","28_KY","USA",16000
"Cliff Swallow","3_NT","CAN",15000
"Cliff Swallow","14_NS","CAN",14000
"Cliff Swallow","28_WV","USA",14000
"Cliff Swallow","29_AL","USA",12000
"Cliff Swallow","15_NV","USA",11000
"Cliff Swallow","24_OH","USA",11000
"Cliff Swallow","33_NV","USA",9500
"Cliff Swallow","19_SD","USA",9100
"Cliff Swallow","27_GA","USA",8500
"Cliff Swallow","27_VA","USA",8400
"Cliff Swallow","31_FL","USA",8000
"Cliff Swallow","27_TN","USA",6200
"Cliff Swallow","27_LA","USA",5800
"Cliff Swallow","14_NH","USA",5600
"Cliff Swallow","7_ON","CAN",5400
"Cliff Swallow","34_NM","USA",5000
"Cliff Swallow","35_AZ","USA",4700
"Cliff Swallow","8_AB","CAN",4600
"Cliff Swallow","14_VT","USA",3500
"Cliff Swallow","16_ID","USA",3200
"Cliff Swallow","28_MD","USA",3200
"Cliff Swallow","21_KS","USA",3200
"Cliff Swallow","23_IN","USA",2800
"Cliff Swallow","13_PA","USA",2700
"Cliff Swallow","8_MB","CAN",2200
"Cliff Swallow","8_SK","CAN",2200
"Cliff Swallow","22_OH","USA",1900
"Cliff Swallow","9_WY","USA",1300
"Cliff Swallow","22_WI","USA",1000
"Cliff Swallow","14_NY","USA",900
"Cliff Swallow","24_KS","USA",820
"Cliff Swallow","5_YT","CAN",630
"Cliff Swallow","14_MA","USA",620
"Cliff Swallow","16_NV","USA",440
"Cliff Swallow","22_MI","USA",360
"Cliff Swallow","27_FL","USA",320
"Cliff Swallow","30_NY","USA",310
"Cliff Swallow","29_MD","USA",280
"Cliff Swallow","28_NJ","USA",280
"Cliff Swallow","30_DE","USA",280
"Cliff Swallow","33_UT","USA",130
"Cliff Swallow","30_NH","USA",91
"Cliff Swallow","30_MD","USA",81
"Cliff Swallow","27_NC","USA",74
"Cliff Swallow","30_CT","USA",74
"Cliff Swallow","29_PA","USA",46
"Cliff Swallow","30_VT","USA",2
"Cliff Swallow","23_OH","USA",1
"Cave Swallow","36_TX","USA",1400000
"Cave Swallow","21_TX","USA",490000
"Cave Swallow","37_TX","USA",300000
"Cave Swallow","35_TX","USA",200000
"Cave Swallow","19_TX","USA",190000
"Cave Swallow","20_TX","USA",170000
"Cave Swallow","18_TX","USA",39000
"Cave Swallow","37_LA","USA",16000
"Cave Swallow","25_TX","USA",3900
"Cave Swallow","26_LA","USA",1400
"Cave Swallow","25_LA","USA",1100
"Cave Swallow","35_NM","USA",210
"Carolina Chickadee","21_TX","USA",1300000
"Carolina Chickadee","27_MS","USA",720000
"Carolina Chickadee","25_TX","USA",710000
"Carolina Chickadee","27_AL","USA",440000
"Carolina Chickadee","27_NC","USA",430000
"Carolina Chickadee","26_LA","USA",420000
"Carolina Chickadee","27_GA","USA",420000
"Carolina Chickadee","24_MO","USA",390000
"Carolina Chickadee","28_TN","USA",390000
"Carolina Chickadee","25_AR","USA",370000
"Carolina Chickadee","27_FL","USA",370000
"Carolina Chickadee","21_OK","USA",370000
"Carolina Chickadee","29_NC","USA",350000
"Carolina Chickadee","29_GA","USA",340000
"Carolina Chickadee","28_AL","USA",330000
"Carolina Chickadee","25_LA","USA",320000
"Carolina Chickadee","29_SC","USA",310000
"Carolina Chickadee","27_SC","USA",290000
"Carolina Chickadee","29_VA","USA",280000
"Carolina Chickadee","24_TN","USA",270000
"Carolina Chickadee","28_VA","USA",260000
"Carolina Chickadee","28_WV","USA",250000
"Carolina Chickadee","28_KY","USA",240000
"Carolina Chickadee","28_NC","USA",240000
"Carolina Chickadee","24_KY","USA",220000
"Carolina Chickadee","28_GA","USA",210000
"Carolina Chickadee","24_AR","USA",200000
"Carolina Chickadee","20_TX","USA",200000
"Carolina Chickadee","19_OK","USA",200000
"Carolina Chickadee","25_OK","USA",160000
"Carolina Chickadee","28_OH","USA",150000
"Carolina Chickadee","24_IN","USA",150000
"Carolina Chickadee","27_VA","USA",140000
"Carolina Chickadee","30_MD","USA",120000
"Carolina Chickadee","26_AR","USA",120000
"Carolina Chickadee","37_TX","USA",110000
"Carolina Chickadee","37_LA","USA",98000
"Carolina Chickadee","27_LA","USA",96000
"Carolina Chickadee","31_FL","USA",94000
"Carolina Chickadee","22_OH","USA",89000
"Carolina Chickadee","27_TN","USA",87000
"Carolina Chickadee","30_NJ","USA",74000
"Carolina Chickadee","24_OK","USA",65000
"Carolina Chickadee","29_MD","USA",62000
"Carolina Chickadee","29_PA","USA",61000
"Carolina Chickadee","24_AL","USA",59000
"Carolina Chickadee","29_AL","USA",56000
"Carolina Chickadee","22_IL","USA",54000
"Carolina Chickadee","22_OK","USA",53000
"Carolina Chickadee","22_IN","USA",50000
"Carolina Chickadee","24_IL","USA",48000
"Carolina Chickadee","22_KS","USA",42000
"Carolina Chickadee","19_KS","USA",40000
"Carolina Chickadee","28_PA","USA",39000
"Carolina Chickadee","22_MO","USA",37000
"Carolina Chickadee","26_MS","USA",32000
"Carolina Chickadee","28_SC","USA",29000
"Carolina Chickadee","19_TX","USA",25000
"Carolina Chickadee","30_DE","USA",19000
"Carolina Chickadee","13_OH","USA",14000
"Carolina Chickadee","24_OH","USA",14000
"Carolina Chickadee","28_MD","USA",12000
"Carolina Chickadee","30_VA","USA",11000
"Carolina Chickadee","26_MO","USA",7300
"Carolina Chickadee","27_KY","USA",5700
"Carolina Chickadee","26_TN","USA",4200
"Carolina Chickadee","29_NJ","USA",3700
"Carolina Chickadee","26_KY","USA",2600
"Carolina Chickadee","30_PA","USA",2400
"Carolina Chickadee","13_PA","USA",2300
"Carolina Chickadee","23_IN","USA",2200
"Carolina Chickadee","21_KS","USA",2200
"Carolina Chickadee","26_IL","USA",1600
"Carolina Chickadee","29_DE","USA",1100
"Carolina Chickadee","24_KS","USA",910
"Carolina Chickadee","36_TX","USA",420
"Carolina Chickadee","37_MS","USA",370
"Black-capped Chickadee","12_ON","CAN",2800000
"Black-capped Chickadee","10_BC","CAN",2700000
"Black-capped Chickadee","6_AB","CAN",2700000
"Black-capped Chickadee","12_QC","CAN",2000000
"Black-capped Chickadee","12_MI","USA",1500000
"Black-capped Chickadee","8_ON","CAN",1400000
"Black-capped Chickadee","8_QC","CAN",1400000
"Black-capped Chickadee","14_NB","CAN",1100000
"Black-capped Chickadee","14_ME","USA",1100000
"Black-capped Chickadee","4_AK","USA",1100000
"Black-capped Chickadee","14_NS","CAN",1000000
"Black-capped Chickadee","13_ON","CAN",1000000
"Black-capped Chickadee","12_WI","USA",960000
"Black-capped Chickadee","28_PA","USA",920000
"Black-capped Chickadee","8_SK","CAN",890000
"Black-capped Chickadee","23_WI","USA",760000
"Black-capped Chickadee","13_NY","USA",750000
"Black-capped Chickadee","5_BC","CAN",730000
"Black-capped Chickadee","8_NL","CAN",730000
"Black-capped Chickadee","12_MN","USA",720000
"Black-capped Chickadee","14_QC","CAN",710000
"Black-capped Chickadee","10_MT","USA",690000
"Black-capped Chickadee","23_MI","USA",670000
"Black-capped Chickadee","14_NY","USA",640000
"Black-capped Chickadee","6_BC","CAN",620000
"Black-capped Chickadee","28_NY","USA",600000
"Black-capped Chickadee","5_OR","USA",600000
"Black-capped Chickadee","8_MB","CAN",570000
"Black-capped Chickadee","6_SK","CAN",550000
"Black-capped Chickadee","2_AK","USA",510000
"Black-capped Chickadee","17_SD","USA",500000
"Black-capped Chickadee","5_WA","USA",480000
"Black-capped Chickadee","23_MN","USA",470000
"Black-capped Chickadee","14_NH","USA",460000
"Black-capped Chickadee","30_MA","USA",410000
"Black-capped Chickadee","14_VT","USA",410000
"Black-capped Chickadee","4_BC","CAN",400000
"Black-capped Chickadee","13_QC","CAN",390000
"Black-capped Chickadee","22_MO","USA",340000
"Black-capped Chickadee","22_KS","USA",310000
"Black-capped Chickadee","9_BC","CAN",310000
"Black-capped Chickadee","22_IL","USA",310000
"Black-capped Chickadee","11_AB","CAN",300000
"Black-capped Chickadee","10_ID","USA",270000
"Black-capped Chickadee","30_CT","USA",260000
"Black-capped Chickadee","10_OR","USA",250000
"Black-capped Chickadee","22_IA","USA",250000
"Black-capped Chickadee","9_WA","USA",250000
"Black-capped Chickadee","6_MB","CAN",230000
"Black-capped Chickadee","10_WA","USA",230000
"Black-capped Chickadee","19_KS","USA",180000
"Black-capped Chickadee","19_NE","USA",170000
"Black-capped Chickadee","14_MA","USA",140000
"Black-capped Chickadee","28_WV","USA",130000
"Black-capped Chickadee","13_VT","USA",130000
"Black-capped Chickadee","11_SK","CAN",130000
"Black-capped Chickadee","14_PE","CAN",120000
"Black-capped Chickadee","13_OH","USA",120000
"Black-capped Chickadee","4_YT","CAN",120000
"Black-capped Chickadee","16_CO","USA",120000
"Black-capped Chickadee","10_AB","CAN",110000
"Black-capped Chickadee","7_ON","CAN",110000
"Black-capped Chickadee","16_UT","USA",110000
"Black-capped Chickadee","30_NH","USA",110000
"Black-capped Chickadee","17_WY","USA",110000
"Black-capped Chickadee","17_MT","USA",98000
"Black-capped Chickadee","9_ID","USA",92000
"Black-capped Chickadee","11_MB","CAN",91000
"Black-capped Chickadee","11_MN","USA",87000
"Black-capped Chickadee","5_AK","USA",86000
"Black-capped Chickadee","11_ND","USA",82000
"Black-capped Chickadee","13_PA","USA",75000
"Black-capped Chickadee","10_WY","USA",69000
"Black-capped Chickadee","24_MO","USA",67000
"Black-capped Chickadee","30_NY","USA",67000
"Black-capped Chickadee","7_NL","CAN",66000
"Black-capped Chickadee","12_MB","CAN",56000
"Black-capped Chickadee","9_OR","USA",48000
"Black-capped Chickadee","30_RI","USA",42000
"Black-capped Chickadee","28_VA","USA",40000
"Black-capped Chickadee","22_MN","USA",38000
"Black-capped Chickadee","30_ME","USA",37000
"Black-capped Chickadee","6_NT","CAN",32000
"Black-capped Chickadee","17_ND","USA",31000
"Black-capped Chickadee","22_NE","USA",31000
"Black-capped Chickadee","28_MD","USA",30000
"Black-capped Chickadee","8_AB","CAN",28000
"Black-capped Chickadee","28_NJ","USA",28000
"Black-capped Chickadee","18_CO","USA",27000
"Black-capped Chickadee","14_CT","USA",27000
"Black-capped Chickadee","18_NE","USA",26000
"Black-capped Chickadee","11_NE","USA",25000
"Black-capped Chickadee","23_IA","USA",25000
"Black-capped Chickadee","17_NE","USA",24000
"Black-capped Chickadee","29_NJ","USA",23000
"Black-capped Chickadee","11_SD","USA",23000
"Black-capped Chickadee","22_OH","USA",23000
"Black-capped Chickadee","16_NM","USA",22000
"Black-capped Chickadee","11_IA","USA",22000
"Black-capped Chickadee","28_CT","USA",20000
"Black-capped Chickadee","23_IL","USA",16000
"Black-capped Chickadee","28_MA","USA",16000
"Black-capped Chickadee","22_WI","USA",13000
"Black-capped Chickadee","23_IN","USA",12000
"Black-capped Chickadee","22_IN","USA",10000
"Black-capped Chickadee","5_CA","USA",5800
"Black-capped Chickadee","28_NC","USA",4700
"Black-capped Chickadee","28_OH","USA",3700
"Black-capped Chickadee","11_MT","USA",3600
"Black-capped Chickadee","22_MI","USA",3600
"Black-capped Chickadee","16_WY","USA",3000
"Black-capped Chickadee","5_YT","CAN",2500
"Black-capped Chickadee","10_CO","USA",2200
"Black-capped Chickadee","18_SD","USA",1800
"Black-capped Chickadee","19_SD","USA",1700
"Black-capped Chickadee","30_VT","USA",1400
"Black-capped Chickadee","9_UT","USA",1200
"Black-capped Chickadee","30_NJ","USA",1100
"Black-capped Chickadee","16_ID","USA",1000
"Black-capped Chickadee","29_NY","USA",990
"Black-capped Chickadee","9_CA","USA",480
"Black-capped Chickadee","6_YT","CAN",430
"Black-capped Chickadee","24_IL","USA",250
"Black-capped Chickadee","29_PA","USA",150
"Black-capped Chickadee","9_WY","USA",100
"Black-capped Chickadee","23_OH","USA",99
"Black-capped Chickadee","30_PA","USA",24
"Mountain Chickadee","10_BC","CAN",990000
"Mountain Chickadee","9_OR","USA",950000
"Mountain Chickadee","15_CA","USA",810000
"Mountain Chickadee","10_OR","USA",690000
"Mountain Chickadee","16_CO","USA",540000
"Mountain Chickadee","9_CA","USA",480000
"Mountain Chickadee","32_CA","USA",390000
"Mountain Chickadee","34_AZ","USA",350000
"Mountain Chickadee","4_BC","CAN",310000
"Mountain Chickadee","16_NM","USA",290000
"Mountain Chickadee","9_BC","CAN",220000
"Mountain Chickadee","16_AZ","USA",210000
"Mountain Chickadee","10_ID","USA",210000
"Mountain Chickadee","16_UT","USA",180000
"Mountain Chickadee","10_MT","USA",180000
"Mountain Chickadee","10_WY","USA",170000
"Mountain Chickadee","5_CA","USA",150000
"Mountain Chickadee","10_WA","USA",140000
"Mountain Chickadee","9_WA","USA",120000
"Mountain Chickadee","9_NV","USA",100000
"Mountain Chickadee","35_NM","USA",93000
"Mountain Chickadee","9_ID","USA",60000
"Mountain Chickadee","10_AB","CAN",58000
"Mountain Chickadee","34_NM","USA",40000
"Mountain Chickadee","16_WY","USA",36000
"Mountain Chickadee","18_CO","USA",23000
"Mountain Chickadee","15_NV","USA",19000
"Mountain Chickadee","17_MT","USA",8400
"Mountain Chickadee","4_YT","CAN",5200
"Mountain Chickadee","5_OR","USA",4800
"Mountain Chickadee","5_WA","USA",3200
"Mountain Chickadee","35_AZ","USA",1300
"Mountain Chickadee","16_ID","USA",1200
"Mountain Chickadee","9_UT","USA",920
"Mountain Chickadee","33_CA","USA",800
"Mountain Chickadee","10_CO","USA",780
"Mountain Chickadee","11_MT","USA",390
"Mountain Chickadee","11_AB","CAN",180
"Mountain Chickadee","9_WY","USA",130
"Mountain Chickadee","16_NV","USA",74
"Chestnut-backed Chickadee","5_BC","CAN",3600000
"Chestnut-backed Chickadee","5_AK","USA",3200000
"Chestnut-backed Chickadee","5_WA","USA",1300000
"Chestnut-backed Chickadee","5_OR","USA",1300000
"Chestnut-backed Chickadee","32_CA","USA",960000
"Chestnut-backed Chickadee","5_CA","USA",450000
"Chestnut-backed Chickadee","10_ID","USA",440000
"Chestnut-backed Chickadee","9_WA","USA",440000
"Chestnut-backed Chickadee","10_BC","CAN",110000
"Chestnut-backed Chickadee","9_OR","USA",94000
"Chestnut-backed Chickadee","10_MT","USA",92000
"Chestnut-backed Chickadee","9_BC","CAN",32000
"Chestnut-backed Chickadee","10_WA","USA",25000
"Chestnut-backed Chickadee","5_YT","CAN",23000
"Chestnut-backed Chickadee","15_CA","USA",19000
"Boreal Chickadee","4_AK","USA",2700000
"Boreal Chickadee","4_YT","CAN",1800000
"Boreal Chickadee","4_BC","CAN",1100000
"Boreal Chickadee","6_NT","CAN",1000000
"Boreal Chickadee","7_QC","CAN",970000
"Boreal Chickadee","7_NL","CAN",740000
"Boreal Chickadee","8_NL","CAN",620000
"Boreal Chickadee","8_QC","CAN",540000
"Boreal Chickadee","7_ON","CAN",530000
"Boreal Chickadee","6_AB","CAN",470000
"Boreal Chickadee","8_SK","CAN",340000
"Boreal Chickadee","2_AK","USA",310000
"Boreal Chickadee","8_ON","CAN",240000
"Boreal Chickadee","7_MB","CAN",180000
"Boreal Chickadee","6_SK","CAN",170000
"Boreal Chickadee","7_NT","CAN",170000
"Boreal Chickadee","14_QC","CAN",160000
"Boreal Chickadee","10_BC","CAN",130000
"Boreal Chickadee","8_MB","CAN",120000
"Boreal Chickadee","12_QC","CAN",89000
"Boreal Chickadee","6_YT","CAN",80000
"Boreal Chickadee","10_AB","CAN",79000
"Boreal Chickadee","5_AK","USA",72000
"Boreal Chickadee","3_AK","USA",68000
"Boreal Chickadee","14_NB","CAN",63000
"Boreal Chickadee","14_NS","CAN",57000
"Boreal Chickadee","6_BC","CAN",48000
"Boreal Chickadee","6_MB","CAN",45000
"Boreal Chickadee","12_ON","CAN",44000
"Boreal Chickadee","14_ME","USA",37000
"Boreal Chickadee","7_SK","CAN",24000
"Boreal Chickadee","12_MN","USA",17000
"Boreal Chickadee","14_PE","CAN",15000
"Boreal Chickadee","3_YT","CAN",12000
"Boreal Chickadee","7_AB","CAN",9500
"Boreal Chickadee","12_MB","CAN",4200
"Boreal Chickadee","14_NY","USA",3300
"Boreal Chickadee","5_YT","CAN",2400
"Boreal Chickadee","14_NH","USA",1700
"Boreal Chickadee","10_MT","USA",1300
"Boreal Chickadee","13_QC","CAN",1200
"Boreal Chickadee","11_AB","CAN",950
"Boreal Chickadee","14_VT","USA",770
"Boreal Chickadee","12_MI","USA",660
"Bridled Titmouse","34_AZ","USA",69000
"Bridled Titmouse","35_NM","USA",270
"Bridled Titmouse","34_NM","USA",250
"Bridled Titmouse","35_AZ","USA",7
"Oak Titmouse","32_CA","USA",630000
"Oak Titmouse","15_CA","USA",41000
"Oak Titmouse","5_CA","USA",19000
"Oak Titmouse","9_CA","USA",9100
"Oak Titmouse","5_OR","USA",5200
"Oak Titmouse","33_CA","USA",2900
"Juniper Titmouse","16_NM","USA",88000
"Juniper Titmouse","34_AZ","USA",44000
"Juniper Titmouse","16_AZ","USA",41000
"Juniper Titmouse","16_UT","USA",34000
"Juniper Titmouse","9_NV","USA",26000
"Juniper Titmouse","35_NM","USA",19000
"Juniper Titmouse","16_CO","USA",13000
"Juniper Titmouse","34_NM","USA",8900
"Juniper Titmouse","9_UT","USA",7200
"Juniper Titmouse","9_CA","USA",3800
"Juniper Titmouse","18_NM","USA",3300
"Juniper Titmouse","33_AZ","USA",1300
"Juniper Titmouse","18_CO","USA",970
"Juniper Titmouse","35_AZ","USA",490
"Juniper Titmouse","9_ID","USA",440
"Juniper Titmouse","9_OR","USA",220
"Juniper Titmouse","16_ID","USA",190
"Juniper Titmouse","10_CO","USA",160
"Juniper Titmouse","15_CA","USA",150
"Juniper Titmouse","16_NV","USA",120
"Juniper Titmouse","15_NV","USA",6
"Tufted Titmouse","27_MS","USA",630000
"Tufted Titmouse","24_MO","USA",550000
"Tufted Titmouse","27_GA","USA",530000
"Tufted Titmouse","25_TX","USA",460000
"Tufted Titmouse","27_AL","USA",390000
"Tufted Titmouse","24_TN","USA",350000
"Tufted Titmouse","21_TX","USA",350000
"Tufted Titmouse","25_AR","USA",350000
"Tufted Titmouse","21_OK","USA",340000
"Tufted Titmouse","27_SC","USA",310000
"Tufted Titmouse","28_WV","USA",300000
"Tufted Titmouse","24_KY","USA",300000
"Tufted Titmouse","27_NC","USA",300000
"Tufted Titmouse","28_PA","USA",290000
"Tufted Titmouse","29_GA","USA",290000
"Tufted Titmouse","27_FL","USA",290000
"Tufted Titmouse","29_NC","USA",270000
"Tufted Titmouse","22_MO","USA",260000
"Tufted Titmouse","24_AR","USA",250000
"Tufted Titmouse","29_VA","USA",250000
"Tufted Titmouse","28_AL","USA",250000
"Tufted Titmouse","31_FL","USA",220000
"Tufted Titmouse","28_TN","USA",210000
"Tufted Titmouse","25_LA","USA",210000
"Tufted Titmouse","22_KS","USA",210000
"Tufted Titmouse","28_VA","USA",200000
"Tufted Titmouse","29_SC","USA",200000
"Tufted Titmouse","28_KY","USA",190000
"Tufted Titmouse","24_IN","USA",170000
"Tufted Titmouse","25_OK","USA",150000
"Tufted Titmouse","27_TN","USA",150000
"Tufted Titmouse","26_AR","USA",150000
"Tufted Titmouse","28_GA","USA",140000
"Tufted Titmouse","23_MI","USA",130000
"Tufted Titmouse","22_IL","USA",130000
"Tufted Titmouse","30_MD","USA",120000
"Tufted Titmouse","26_LA","USA",120000
"Tufted Titmouse","28_NC","USA",110000
"Tufted Titmouse","27_VA","USA",110000
"Tufted Titmouse","24_IL","USA",100000
"Tufted Titmouse","30_MA","USA",96000
"Tufted Titmouse","28_OH","USA",96000
"Tufted Titmouse","22_OH","USA",87000
"Tufted Titmouse","30_CT","USA",86000
"Tufted Titmouse","13_NY","USA",81000
"Tufted Titmouse","22_IN","USA",66000
"Tufted Titmouse","24_OK","USA",66000
"Tufted Titmouse","27_LA","USA",59000
"Tufted Titmouse","24_AL","USA",59000
"Tufted Titmouse","26_MS","USA",55000
"Tufted Titmouse","19_OK","USA",49000
"Tufted Titmouse","13_OH","USA",46000
"Tufted Titmouse","30_NJ","USA",44000
"Tufted Titmouse","29_PA","USA",42000
"Tufted Titmouse","29_MD","USA",40000
"Tufted Titmouse","22_OK","USA",38000
"Tufted Titmouse","29_AL","USA",38000
"Tufted Titmouse","14_NH","USA",37000
"Tufted Titmouse","14_ME","USA",37000
"Tufted Titmouse","37_TX","USA",34000
"Tufted Titmouse","28_NY","USA",33000
"Tufted Titmouse","30_NH","USA",33000
"Tufted Titmouse","19_KS","USA",29000
"Tufted Titmouse","30_RI","USA",22000
"Tufted Titmouse","28_NJ","USA",22000
"Tufted Titmouse","30_DE","USA",21000
"Tufted Titmouse","28_MD","USA",21000
"Tufted Titmouse","13_PA","USA",21000
"Tufted Titmouse","26_MO","USA",19000
"Tufted Titmouse","29_NJ","USA",19000
"Tufted Titmouse","12_MI","USA",18000
"Tufted Titmouse","30_NY","USA",17000
"Tufted Titmouse","30_VA","USA",17000
"Tufted Titmouse","37_LA","USA",16000
"Tufted Titmouse","23_WI","USA",14000
"Tufted Titmouse","14_MA","USA",13000
"Tufted Titmouse","28_SC","USA",13000
"Tufted Titmouse","22_IA","USA",12000
"Tufted Titmouse","19_TX","USA",11000
"Tufted Titmouse","14_VT","USA",11000
"Tufted Titmouse","23_IN","USA",11000
"Tufted Titmouse","24_OH","USA",11000
"Tufted Titmouse","26_TN","USA",9300
"Tufted Titmouse","20_TX","USA",9300
"Tufted Titmouse","13_VT","USA",8700
"Tufted Titmouse","14_NY","USA",8200
"Tufted Titmouse","14_CT","USA",6400
"Tufted Titmouse","27_KY","USA",5700
"Tufted Titmouse","30_ME","USA",5700
"Tufted Titmouse","28_CT","USA",5600
"Tufted Titmouse","26_KY","USA",4400
"Tufted Titmouse","28_MA","USA",4400
"Tufted Titmouse","26_IL","USA",2700
"Tufted Titmouse","22_NE","USA",2500
"Tufted Titmouse","21_KS","USA",2000
"Tufted Titmouse","22_MI","USA",2000
"Tufted Titmouse","30_PA","USA",1300
"Tufted Titmouse","23_IL","USA",1300
"Tufted Titmouse","24_KS","USA",920
"Tufted Titmouse","36_TX","USA",820
"Tufted Titmouse","29_NY","USA",800
"Tufted Titmouse","29_DE","USA",780
"Tufted Titmouse","23_MN","USA",760
"Tufted Titmouse","30_VT","USA",680
"Tufted Titmouse","13_QC","CAN",640
"Tufted Titmouse","13_ON","CAN",510
"Tufted Titmouse","11_IA","USA",230
"Tufted Titmouse","11_NE","USA",140
"Tufted Titmouse","23_OH","USA",93
"Tufted Titmouse","37_MS","USA",58
"Black-crested Titmouse","20_TX","USA",370000
"Black-crested Titmouse","21_TX","USA",120000
"Black-crested Titmouse","19_TX","USA",77000
"Black-crested Titmouse","36_TX","USA",42000
"Black-crested Titmouse","37_TX","USA",14000
"Black-crested Titmouse","35_TX","USA",10000
"Black-crested Titmouse","19_OK","USA",1500
"Black-crested Titmouse","18_TX","USA",250
"Verdin","33_AZ","USA",1800000
"Verdin","34_AZ","USA",720000
"Verdin","35_TX","USA",500000
"Verdin","33_CA","USA",310000
"Verdin","36_TX","USA",190000
"Verdin","35_NM","USA",92000
"Verdin","19_TX","USA",46000
"Verdin","20_TX","USA",41000
"Verdin","33_NV","USA",21000
"Verdin","21_TX","USA",19000
"Verdin","18_TX","USA",14000
"Verdin","16_AZ","USA",13000
"Verdin","37_TX","USA",4200
"Verdin","34_NM","USA",4200
"Verdin","35_AZ","USA",750
"Verdin","33_UT","USA",510
"Verdin","16_UT","USA",190
"Verdin","16_NV","USA",75
"Bushtit","32_CA","USA",1100000
"Bushtit","34_AZ","USA",180000
"Bushtit","35_NM","USA",120000
"Bushtit","9_NV","USA",100000
"Bushtit","16_UT","USA",95000
"Bushtit","15_CA","USA",93000
"Bushtit","5_OR","USA",91000
"Bushtit","5_CA","USA",87000
"Bushtit","16_NM","USA",75000
"Bushtit","34_NM","USA",52000
"Bushtit","5_BC","CAN",52000
"Bushtit","16_AZ","USA",48000
"Bushtit","9_CA","USA",36000
"Bushtit","5_WA","USA",32000
"Bushtit","16_CO","USA",29000
"Bushtit","35_TX","USA",18000
"Bushtit","20_TX","USA",18000
"Bushtit","9_OR","USA",16000
"Bushtit","10_OR","USA",13000
"Bushtit","19_TX","USA",11000
"Bushtit","9_BC","CAN",10000
"Bushtit","18_NM","USA",9500
"Bushtit","9_ID","USA",8200
"Bushtit","33_AZ","USA",6600
"Bushtit","33_CA","USA",5300
"Bushtit","18_CO","USA",4500
"Bushtit","15_NV","USA",3600
"Bushtit","35_AZ","USA",3200
"Bushtit","9_UT","USA",3000
"Bushtit","21_TX","USA",980
"Bushtit","36_TX","USA",820
"Bushtit","9_WA","USA",340
"Bushtit","16_ID","USA",45
"Red-breasted Nuthatch","10_BC","CAN",2700000
"Red-breasted Nuthatch","8_QC","CAN",1400000
"Red-breasted Nuthatch","8_ON","CAN",1200000
"Red-breasted Nuthatch","12_ON","CAN",1000000
"Red-breasted Nuthatch","6_AB","CAN",830000
"Red-breasted Nuthatch","15_CA","USA",820000
"Red-breasted Nuthatch","12_QC","CAN",820000
"Red-breasted Nuthatch","17_SD","USA",800000
"Red-breasted Nuthatch","9_OR","USA",650000
"Red-breasted Nuthatch","10_OR","USA",620000
"Red-breasted Nuthatch","10_ID","USA",560000
"Red-breasted Nuthatch","5_OR","USA",520000
"Red-breasted Nuthatch","10_MT","USA",460000
"Red-breasted Nuthatch","5_BC","CAN",410000
"Red-breasted Nuthatch","10_WA","USA",360000
"Red-breasted Nuthatch","9_BC","CAN",330000
"Red-breasted Nuthatch","12_MI","USA",330000
"Red-breasted Nuthatch","12_MN","USA",330000
"Red-breasted Nuthatch","5_CA","USA",330000
"Red-breasted Nuthatch","9_WA","USA",330000
"Red-breasted Nuthatch","12_WI","USA",320000
"Red-breasted Nuthatch","4_BC","CAN",320000
"Red-breasted Nuthatch","14_NB","CAN",270000
"Red-breasted Nuthatch","8_MB","CAN",260000
"Red-breasted Nuthatch","14_ME","USA",230000
"Red-breasted Nuthatch","7_ON","CAN",220000
"Red-breasted Nuthatch","5_WA","USA",210000
"Red-breasted Nuthatch","14_QC","CAN",170000
"Red-breasted Nuthatch","9_CA","USA",170000
"Red-breasted Nuthatch","6_SK","CAN",160000
"Red-breasted Nuthatch","4_AK","USA",160000
"Red-breasted Nuthatch","10_AB","CAN",140000
"Red-breasted Nuthatch","14_NY","USA",130000
"Red-breasted Nuthatch","6_NT","CAN",130000
"Red-breasted Nuthatch","16_UT","USA",130000
"Red-breasted Nuthatch","6_BC","CAN",120000
"Red-breasted Nuthatch","7_NL","CAN",120000
"Red-breasted Nuthatch","16_CO","USA",120000
"Red-breasted Nuthatch","32_CA","USA",120000
"Red-breasted Nuthatch","8_NL","CAN",90000
"Red-breasted Nuthatch","8_SK","CAN",87000
"Red-breasted Nuthatch","34_AZ","USA",84000
"Red-breasted Nuthatch","16_AZ","USA",79000
"Red-breasted Nuthatch","6_MB","CAN",78000
"Red-breasted Nuthatch","10_WY","USA",74000
"Red-breasted Nuthatch","14_NS","CAN",67000
"Red-breasted Nuthatch","2_AK","USA",66000
"Red-breasted Nuthatch","4_YT","CAN",66000
"Red-breasted Nuthatch","17_WY","USA",58000
"Red-breasted Nuthatch","9_ID","USA",48000
"Red-breasted Nuthatch","23_WI","USA",46000
"Red-breasted Nuthatch","5_AK","USA",46000
"Red-breasted Nuthatch","14_NH","USA",42000
"Red-breasted Nuthatch","12_MB","CAN",41000
"Red-breasted Nuthatch","13_ON","CAN",40000
"Red-breasted Nuthatch","14_VT","USA",32000
"Red-breasted Nuthatch","9_NV","USA",30000
"Red-breasted Nuthatch","28_NY","USA",30000
"Red-breasted Nuthatch","16_NM","USA",28000
"Red-breasted Nuthatch","17_MT","USA",21000
"Red-breasted Nuthatch","13_NY","USA",21000
"Red-breasted Nuthatch","7_QC","CAN",21000
"Red-breasted Nuthatch","35_NM","USA",20000
"Red-breasted Nuthatch","13_QC","CAN",19000
"Red-breasted Nuthatch","15_NV","USA",19000
"Red-breasted Nuthatch","7_AB","CAN",17000
"Red-breasted Nuthatch","11_AB","CAN",14000
"Red-breasted Nuthatch","28_PA","USA",14000
"Red-breasted Nuthatch","16_WY","USA",13000
"Red-breasted Nuthatch","14_PE","CAN",10000
"Red-breasted Nuthatch","23_MN","USA",9400
"Red-breasted Nuthatch","23_MI","USA",6700
"Red-breasted Nuthatch","30_NH","USA",5200
"Red-breasted Nuthatch","34_NM","USA",4500
"Red-breasted Nuthatch","11_SK","CAN",4100
"Red-breasted Nuthatch","30_MA","USA",4000
"Red-breasted Nuthatch","28_VA","USA",3700
"Red-breasted Nuthatch","14_MA","USA",3400
"Red-breasted Nuthatch","28_WV","USA",3300
"Red-breasted Nuthatch","28_NC","USA",2500
"Red-breasted Nuthatch","11_MB","CAN",1300
"Red-breasted Nuthatch","18_NE","USA",1200
"Red-breasted Nuthatch","5_YT","CAN",1200
"Red-breasted Nuthatch","28_TN","USA",900
"Red-breasted Nuthatch","16_ID","USA",860
"Red-breasted Nuthatch","30_ME","USA",650
"Red-breasted Nuthatch","30_CT","USA",560
"Red-breasted Nuthatch","35_AZ","USA",520
"Red-breasted Nuthatch","18_CO","USA",510
"Red-breasted Nuthatch","11_NE","USA",480
"Red-breasted Nuthatch","22_WI","USA",420
"Red-breasted Nuthatch","22_KS","USA",390
"Red-breasted Nuthatch","13_PA","USA",320
"Red-breasted Nuthatch","11_MN","USA",280
"Red-breasted Nuthatch","30_VA","USA",240
"Red-breasted Nuthatch","6_YT","CAN",220
"Red-breasted Nuthatch","13_OH","USA",190
"Red-breasted Nuthatch","23_IN","USA",160
"Red-breasted Nuthatch","28_MD","USA",130
"Red-breasted Nuthatch","9_WY","USA",110
"Red-breasted Nuthatch","28_CT","USA",90
"Red-breasted Nuthatch","28_MA","USA",70
"Red-breasted Nuthatch","30_VT","USA",67
"White-breasted Nuthatch","32_CA","USA",790000
"White-breasted Nuthatch","24_MO","USA",470000
"White-breasted Nuthatch","34_AZ","USA",460000
"White-breasted Nuthatch","23_WI","USA",330000
"White-breasted Nuthatch","23_MI","USA",290000
"White-breasted Nuthatch","28_WV","USA",270000
"White-breasted Nuthatch","28_PA","USA",270000
"White-breasted Nuthatch","16_AZ","USA",250000
"White-breasted Nuthatch","16_NM","USA",210000
"White-breasted Nuthatch","22_MO","USA",200000
"White-breasted Nuthatch","12_MI","USA",190000
"White-breasted Nuthatch","16_CO","USA",190000
"White-breasted Nuthatch","23_MN","USA",180000
"White-breasted Nuthatch","24_KY","USA",170000
"White-breasted Nuthatch","28_TN","USA",170000
"White-breasted Nuthatch","28_KY","USA",170000
"White-breasted Nuthatch","12_ON","CAN",160000
"White-breasted Nuthatch","22_IL","USA",160000
"White-breasted Nuthatch","24_IN","USA",150000
"White-breasted Nuthatch","24_AR","USA",150000
"White-breasted Nuthatch","24_TN","USA",140000
"White-breasted Nuthatch","13_NY","USA",130000
"White-breasted Nuthatch","29_VA","USA",130000
"White-breasted Nuthatch","28_OH","USA",130000
"White-breasted Nuthatch","15_CA","USA",130000
"White-breasted Nuthatch","12_MN","USA",130000
"White-breasted Nuthatch","12_WI","USA",120000
"White-breasted Nuthatch","28_VA","USA",120000
"White-breasted Nuthatch","9_OR","USA",110000
"White-breasted Nuthatch","17_SD","USA",110000
"White-breasted Nuthatch","12_QC","CAN",110000
"White-breasted Nuthatch","10_OR","USA",110000
"White-breasted Nuthatch","22_OH","USA",110000
"White-breasted Nuthatch","14_ME","USA",110000
"White-breasted Nuthatch","30_MA","USA",110000
"White-breasted Nuthatch","22_KS","USA",100000
"White-breasted Nuthatch","9_CA","USA",97000
"White-breasted Nuthatch","19_KS","USA",96000
"White-breasted Nuthatch","30_CT","USA",89000
"White-breasted Nuthatch","28_AL","USA",83000
"White-breasted Nuthatch","22_IA","USA",83000
"White-breasted Nuthatch","34_NM","USA",82000
"White-breasted Nuthatch","13_ON","CAN",79000
"White-breasted Nuthatch","22_IN","USA",78000
"White-breasted Nuthatch","21_OK","USA",74000
"White-breasted Nuthatch","29_NC","USA",71000
"White-breasted Nuthatch","25_AR","USA",69000
"White-breasted Nuthatch","14_NH","USA",67000
"White-breasted Nuthatch","28_NC","USA",64000
"White-breasted Nuthatch","24_IL","USA",61000
"White-breasted Nuthatch","14_NY","USA",60000
"White-breasted Nuthatch","28_NY","USA",57000
"White-breasted Nuthatch","28_GA","USA",54000
"White-breasted Nuthatch","13_OH","USA",52000
"White-breasted Nuthatch","11_MN","USA",51000
"White-breasted Nuthatch","11_ND","USA",51000
"White-breasted Nuthatch","30_NH","USA",48000
"White-breasted Nuthatch","5_OR","USA",45000
"White-breasted Nuthatch","27_NC","USA",44000
"White-breasted Nuthatch","5_CA","USA",42000
"White-breasted Nuthatch","29_GA","USA",41000
"White-breasted Nuthatch","27_SC","USA",39000
"White-breasted Nuthatch","25_OK","USA",39000
"White-breasted Nuthatch","24_OK","USA",36000
"White-breasted Nuthatch","10_BC","CAN",35000
"White-breasted Nuthatch","35_NM","USA",33000
"White-breasted Nuthatch","14_VT","USA",33000
"White-breasted Nuthatch","30_RI","USA",33000
"White-breasted Nuthatch","27_TN","USA",31000
"White-breasted Nuthatch","29_MD","USA",30000
"White-breasted Nuthatch","19_NE","USA",30000
"White-breasted Nuthatch","30_MD","USA",29000
"White-breasted Nuthatch","29_SC","USA",29000
"White-breasted Nuthatch","6_AB","CAN",29000
"White-breasted Nuthatch","29_PA","USA",28000
"White-breasted Nuthatch","27_VA","USA",28000
"White-breasted Nuthatch","25_TX","USA",27000
"White-breasted Nuthatch","10_WA","USA",26000
"White-breasted Nuthatch","8_ON","CAN",25000
"White-breasted Nuthatch","21_TX","USA",25000
"White-breasted Nuthatch","6_MB","CAN",25000
"White-breasted Nuthatch","23_IN","USA",24000
"White-breasted Nuthatch","28_MD","USA",24000
"White-breasted Nuthatch","16_UT","USA",23000
"White-breasted Nuthatch","13_PA","USA",23000
"White-breasted Nuthatch","11_MB","CAN",22000
"White-breasted Nuthatch","18_CO","USA",21000
"White-breasted Nuthatch","13_QC","CAN",21000
"White-breasted Nuthatch","30_NJ","USA",21000
"White-breasted Nuthatch","11_NE","USA",19000
"White-breasted Nuthatch","10_MT","USA",19000
"White-breasted Nuthatch","14_MA","USA",18000
"White-breasted Nuthatch","27_MS","USA",18000
"White-breasted Nuthatch","22_MN","USA",18000
"White-breasted Nuthatch","22_OK","USA",17000
"White-breasted Nuthatch","9_WA","USA",16000
"White-breasted Nuthatch","9_BC","CAN",16000
"White-breasted Nuthatch","13_VT","USA",15000
"White-breasted Nuthatch","28_NJ","USA",15000
"White-breasted Nuthatch","27_GA","USA",15000
"White-breasted Nuthatch","14_QC","CAN",12000
"White-breasted Nuthatch","28_SC","USA",12000
"White-breasted Nuthatch","30_NY","USA",12000
"White-breasted Nuthatch","14_NB","CAN",12000
"White-breasted Nuthatch","29_NJ","USA",11000
"White-breasted Nuthatch","17_MT","USA",11000
"White-breasted Nuthatch","22_NE","USA",11000
"White-breasted Nuthatch","26_AR","USA",10000
"White-breasted Nuthatch","11_IA","USA",10000
"White-breasted Nuthatch","26_MO","USA",9400
"White-breasted Nuthatch","14_CT","USA",9300
"White-breasted Nuthatch","23_IA","USA",9100
"White-breasted Nuthatch","27_AL","USA",8600
"White-breasted Nuthatch","23_IL","USA",7900
"White-breasted Nuthatch","27_FL","USA",7900
"White-breasted Nuthatch","11_SK","CAN",7600
"White-breasted Nuthatch","28_CT","USA",7100
"White-breasted Nuthatch","24_OH","USA",6900
"White-breasted Nuthatch","17_WY","USA",6700
"White-breasted Nuthatch","24_AL","USA",6400
"White-breasted Nuthatch","18_NE","USA",6000
"White-breasted Nuthatch","10_WY","USA",5900
"White-breasted Nuthatch","14_NS","CAN",5800
"White-breasted Nuthatch","28_MA","USA",5500
"White-breasted Nuthatch","27_KY","USA",5300
"White-breasted Nuthatch","17_NE","USA",5300
"White-breasted Nuthatch","11_SD","USA",4700
"White-breasted Nuthatch","25_LA","USA",4500
"White-breasted Nuthatch","22_WI","USA",4400
"White-breasted Nuthatch","22_MI","USA",4300
"White-breasted Nuthatch","10_ID","USA",4200
"White-breasted Nuthatch","16_WY","USA",4200
"White-breasted Nuthatch","30_ME","USA",3800
"White-breasted Nuthatch","9_NV","USA",3600
"White-breasted Nuthatch","11_AB","CAN",3400
"White-breasted Nuthatch","17_ND","USA",3300
"White-breasted Nuthatch","9_ID","USA",3200
"White-breasted Nuthatch","19_OK","USA",3000
"White-breasted Nuthatch","15_NV","USA",2400
"White-breasted Nuthatch","26_KY","USA",2100
"White-breasted Nuthatch","12_MB","CAN",2100
"White-breasted Nuthatch","6_SK","CAN",1700
"White-breasted Nuthatch","26_IL","USA",1300
"White-breasted Nuthatch","26_TN","USA",1200
"White-breasted Nuthatch","9_UT","USA",1200
"White-breasted Nuthatch","29_AL","USA",1100
"White-breasted Nuthatch","10_AB","CAN",840
"White-breasted Nuthatch","18_SD","USA",730
"White-breasted Nuthatch","30_DE","USA",720
"White-breasted Nuthatch","30_PA","USA",620
"White-breasted Nuthatch","35_TX","USA",620
"White-breasted Nuthatch","30_VT","USA",610
"White-breasted Nuthatch","19_SD","USA",570
"White-breasted Nuthatch","29_DE","USA",520
"White-breasted Nuthatch","24_KS","USA",500
"White-breasted Nuthatch","33_CA","USA",490
"White-breasted Nuthatch","29_NY","USA",480
"White-breasted Nuthatch","18_WY","USA",480
"White-breasted Nuthatch","35_AZ","USA",480
"White-breasted Nuthatch","21_KS","USA",440
"White-breasted Nuthatch","30_VA","USA",340
"White-breasted Nuthatch","27_LA","USA",270
"White-breasted Nuthatch","23_OH","USA",200
"White-breasted Nuthatch","16_ID","USA",150
"White-breasted Nuthatch","9_WY","USA",7
"Pygmy Nuthatch","34_AZ","USA",1100000
"Pygmy Nuthatch","16_AZ","USA",470000
"Pygmy Nuthatch","16_NM","USA",400000
"Pygmy Nuthatch","32_CA","USA",200000
"Pygmy Nuthatch","16_CO","USA",170000
"Pygmy Nuthatch","34_NM","USA",120000
"Pygmy Nuthatch","9_OR","USA",110000
"Pygmy Nuthatch","10_OR","USA",82000
"Pygmy Nuthatch","9_WA","USA",65000
"Pygmy Nuthatch","15_CA","USA",65000
"Pygmy Nuthatch","9_CA","USA",62000
"Pygmy Nuthatch","9_BC","CAN",61000
"Pygmy Nuthatch","18_CO","USA",49000
"Pygmy Nuthatch","10_WA","USA",37000
"Pygmy Nuthatch","5_CA","USA",29000
"Pygmy Nuthatch","35_NM","USA",28000
"Pygmy Nuthatch","9_ID","USA",16000
"Pygmy Nuthatch","18_NE","USA",10000
"Pygmy Nuthatch","16_UT","USA",7200
"Pygmy Nuthatch","10_MT","USA",5100
"Pygmy Nuthatch","17_SD","USA",4200
"Pygmy Nuthatch","16_WY","USA",3700
"Pygmy Nuthatch","15_NV","USA",2200
"Pygmy Nuthatch","17_MT","USA",1500
"Pygmy Nuthatch","16_NV","USA",1300
"Pygmy Nuthatch","35_AZ","USA",420
"Pygmy Nuthatch","17_NE","USA",350
"Brown-headed Nuthatch","27_GA","USA",230000
"Brown-headed Nuthatch","29_GA","USA",210000
"Brown-headed Nuthatch","27_NC","USA",190000
"Brown-headed Nuthatch","27_AL","USA",140000
"Brown-headed Nuthatch","27_MS","USA",120000
"Brown-headed Nuthatch","29_SC","USA",110000
"Brown-headed Nuthatch","27_FL","USA",110000
"Brown-headed Nuthatch","28_AL","USA",71000
"Brown-headed Nuthatch","27_SC","USA",70000
"Brown-headed Nuthatch","29_NC","USA",54000
"Brown-headed Nuthatch","25_LA","USA",53000
"Brown-headed Nuthatch","25_TX","USA",42000
"Brown-headed Nuthatch","25_AR","USA",36000
"Brown-headed Nuthatch","26_LA","USA",33000
"Brown-headed Nuthatch","28_GA","USA",23000
"Brown-headed Nuthatch","29_AL","USA",21000
"Brown-headed Nuthatch","37_LA","USA",13000
"Brown-headed Nuthatch","28_SC","USA",9500
"Brown-headed Nuthatch","30_MD","USA",8800
"Brown-headed Nuthatch","27_VA","USA",7300
"Brown-headed Nuthatch","27_LA","USA",6900
"Brown-headed Nuthatch","25_OK","USA",6500
"Brown-headed Nuthatch","31_FL","USA",5900
"Brown-headed Nuthatch","29_VA","USA",3900
"Brown-headed Nuthatch","28_TN","USA",2600
"Brown-headed Nuthatch","30_DE","USA",780
"Brown-headed Nuthatch","28_NC","USA",560
"Brown-headed Nuthatch","30_VA","USA",380
"Brown-headed Nuthatch","24_TN","USA",240
"Brown-headed Nuthatch","37_MS","USA",48
"Brown Creeper","8_SK","CAN",920000
"Brown Creeper","7_ON","CAN",830000
"Brown Creeper","5_BC","CAN",660000
"Brown Creeper","15_CA","USA",580000
"Brown Creeper","8_ON","CAN",490000
"Brown Creeper","8_QC","CAN",470000
"Brown Creeper","5_AK","USA",410000
"Brown Creeper","32_CA","USA",410000
"Brown Creeper","12_ON","CAN",350000
"Brown Creeper","5_OR","USA",340000
"Brown Creeper","6_SK","CAN",310000
"Brown Creeper","5_CA","USA",290000
"Brown Creeper","9_OR","USA",260000
"Brown Creeper","5_WA","USA",230000
"Brown Creeper","8_MB","CAN",230000
"Brown Creeper","9_CA","USA",200000
"Brown Creeper","12_QC","CAN",190000
"Brown Creeper","34_AZ","USA",170000
"Brown Creeper","12_MN","USA",160000
"Brown Creeper","4_AK","USA",160000
"Brown Creeper","10_OR","USA",160000
"Brown Creeper","14_NY","USA",150000
"Brown Creeper","9_WA","USA",120000
"Brown Creeper","12_MI","USA",120000
"Brown Creeper","10_BC","CAN",92000
"Brown Creeper","28_PA","USA",89000
"Brown Creeper","14_ME","USA",74000
"Brown Creeper","16_CO","USA",64000
"Brown Creeper","14_NB","CAN",63000
"Brown Creeper","9_BC","CAN",63000
"Brown Creeper","10_WA","USA",61000
"Brown Creeper","28_NY","USA",57000
"Brown Creeper","10_ID","USA",55000
"Brown Creeper","12_WI","USA",55000
"Brown Creeper","10_MT","USA",50000
"Brown Creeper","17_SD","USA",49000
"Brown Creeper","14_VT","USA",44000
"Brown Creeper","14_QC","CAN",42000
"Brown Creeper","16_AZ","USA",40000
"Brown Creeper","14_NH","USA",37000
"Brown Creeper","35_NM","USA",31000
"Brown Creeper","14_MA","USA",29000
"Brown Creeper","13_NY","USA",27000
"Brown Creeper","16_NM","USA",26000
"Brown Creeper","10_AB","CAN",23000
"Brown Creeper","16_UT","USA",23000
"Brown Creeper","6_MB","CAN",20000
"Brown Creeper","14_NS","CAN",16000
"Brown Creeper","13_ON","CAN",16000
"Brown Creeper","15_NV","USA",15000
"Brown Creeper","9_NV","USA",13000
"Brown Creeper","5_YT","CAN",10000
"Brown Creeper","2_AK","USA",10000
"Brown Creeper","30_MA","USA",8800
"Brown Creeper","28_WV","USA",7700
"Brown Creeper","30_CT","USA",6800
"Brown Creeper","6_AB","CAN",5700
"Brown Creeper","10_WY","USA",5000
"Brown Creeper","12_MB","CAN",4600
"Brown Creeper","28_NC","USA",4600
"Brown Creeper","23_MI","USA",4200
"Brown Creeper","30_NH","USA",4200
"Brown Creeper","13_QC","CAN",3800
"Brown Creeper","8_NL","CAN",3600
"Brown Creeper","23_WI","USA",3300
"Brown Creeper","28_VA","USA",2900
"Brown Creeper","14_PE","CAN",2700
"Brown Creeper","28_MD","USA",2500
"Brown Creeper","16_WY","USA",2400
"Brown Creeper","11_ND","USA",2100
"Brown Creeper","34_NM","USA",2000
"Brown Creeper","9_ID","USA",1400
"Brown Creeper","22_OH","USA",1200
"Brown Creeper","28_NJ","USA",1200
"Brown Creeper","13_PA","USA",1200
"Brown Creeper","18_CO","USA",950
"Brown Creeper","13_VT","USA",510
"Brown Creeper","35_AZ","USA",460
"Brown Creeper","14_CT","USA",350
"Brown Creeper","16_ID","USA",150
"Brown Creeper","30_VT","USA",54
"Brown Creeper","9_WY","USA",3
"Rock Wren","10_WY","USA",410000
"Rock Wren","9_NV","USA",400000
"Rock Wren","16_UT","USA",350000
"Rock Wren","9_OR","USA",300000
"Rock Wren","16_AZ","USA",180000
"Rock Wren","16_NM","USA",180000
"Rock Wren","9_ID","USA",180000
"Rock Wren","16_CO","USA",180000
"Rock Wren","10_MT","USA",130000
"Rock Wren","17_MT","USA",96000
"Rock Wren","9_CA","USA",94000
"Rock Wren","9_UT","USA",71000
"Rock Wren","33_CA","USA",71000
"Rock Wren","34_AZ","USA",67000
"Rock Wren","17_WY","USA",61000
"Rock Wren","9_WA","USA",59000
"Rock Wren","18_NM","USA",54000
"Rock Wren","10_OR","USA",52000
"Rock Wren","33_NV","USA",47000
"Rock Wren","16_WY","USA",39000
"Rock Wren","32_CA","USA",37000
"Rock Wren","35_NM","USA",34000
"Rock Wren","34_NM","USA",33000
"Rock Wren","33_AZ","USA",31000
"Rock Wren","17_SD","USA",30000
"Rock Wren","35_TX","USA",26000
"Rock Wren","10_ID","USA",22000
"Rock Wren","17_ND","USA",17000
"Rock Wren","18_CO","USA",14000
"Rock Wren","18_NE","USA",13000
"Rock Wren","10_CO","USA",12000
"Rock Wren","15_CA","USA",11000
"Rock Wren","10_WA","USA",7100
"Rock Wren","19_NE","USA",6700
"Rock Wren","11_AB","CAN",4600
"Rock Wren","18_TX","USA",4000
"Rock Wren","10_UT","USA",4000
"Rock Wren","11_MT","USA",2900
"Rock Wren","9_BC","CAN",2900
"Rock Wren","16_ID","USA",2400
"Rock Wren","20_TX","USA",1800
"Rock Wren","10_AB","CAN",1700
"Rock Wren","19_TX","USA",1500
"Rock Wren","5_CA","USA",1200
"Rock Wren","17_NE","USA",1200
"Rock Wren","5_OR","USA",1200
"Rock Wren","18_SD","USA",790
"Rock Wren","33_UT","USA",570
"Rock Wren","16_NV","USA",530
"Rock Wren","19_OK","USA",460
"Rock Wren","35_AZ","USA",450
"Rock Wren","19_KS","USA",350
"Rock Wren","18_WY","USA",280
"Rock Wren","15_NV","USA",270
"Rock Wren","9_WY","USA",200
"Rock Wren","19_SD","USA",21
"Canyon Wren","34_AZ","USA",50000
"Canyon Wren","16_UT","USA",47000
"Canyon Wren","35_TX","USA",40000
"Canyon Wren","32_CA","USA",34000
"Canyon Wren","33_AZ","USA",30000
"Canyon Wren","35_NM","USA",24000
"Canyon Wren","9_OR","USA",23000
"Canyon Wren","20_TX","USA",21000
"Canyon Wren","10_ID","USA",15000
"Canyon Wren","9_NV","USA",15000
"Canyon Wren","16_CO","USA",12000
"Canyon Wren","34_NM","USA",12000
"Canyon Wren","15_CA","USA",11000
"Canyon Wren","9_CA","USA",9700
"Canyon Wren","9_WA","USA",9700
"Canyon Wren","18_NM","USA",9600
"Canyon Wren","16_NM","USA",8900
"Canyon Wren","10_OR","USA",8500
"Canyon Wren","17_SD","USA",7900
"Canyon Wren","9_ID","USA",7600
"Canyon Wren","16_AZ","USA",5000
"Canyon Wren","33_CA","USA",4200
"Canyon Wren","19_OK","USA",3000
"Canyon Wren","10_WY","USA",2700
"Canyon Wren","19_TX","USA",2700
"Canyon Wren","17_WY","USA",2600
"Canyon Wren","9_BC","CAN",1800
"Canyon Wren","10_WA","USA",1400
"Canyon Wren","9_UT","USA",1100
"Canyon Wren","21_TX","USA",830
"Canyon Wren","18_CO","USA",340
"Canyon Wren","16_ID","USA",320
"Canyon Wren","15_NV","USA",310
"Canyon Wren","35_AZ","USA",310
"Canyon Wren","5_CA","USA",310
"Canyon Wren","16_NV","USA",15
"House Wren","6_AB","CAN",4000000
"House Wren","11_SK","CAN",2700000
"House Wren","11_AB","CAN",2200000
"House Wren","23_WI","USA",1800000
"House Wren","11_ND","USA",1500000
"House Wren","6_SK","CAN",1400000
"House Wren","22_IA","USA",1400000
"House Wren","22_IL","USA",1300000
"House Wren","19_KS","USA",1300000
"House Wren","19_NE","USA",1100000
"House Wren","17_MT","USA",1000000
"House Wren","16_CO","USA",980000
"House Wren","22_MO","USA",930000
"House Wren","28_PA","USA",930000
"House Wren","11_MB","CAN",900000
"House Wren","11_MN","USA",830000
"House Wren","10_MT","USA",760000
"House Wren","13_ON","CAN",740000
"House Wren","23_MN","USA",740000
"House Wren","32_CA","USA",690000
"House Wren","22_OH","USA",650000
"House Wren","23_MI","USA",650000
"House Wren","11_SD","USA",630000
"House Wren","22_IN","USA",620000
"House Wren","13_NY","USA",580000
"House Wren","6_MB","CAN",520000
"House Wren","9_ID","USA",430000
"House Wren","17_ND","USA",420000
"House Wren","9_WA","USA",410000
"House Wren","11_IA","USA",400000
"House Wren","6_BC","CAN",380000
"House Wren","34_AZ","USA",370000
"House Wren","28_NY","USA",370000
"House Wren","22_NE","USA",360000
"House Wren","12_MI","USA",310000
"House Wren","13_OH","USA",310000
"House Wren","17_SD","USA",300000
"House Wren","24_KY","USA",280000
"House Wren","16_UT","USA",270000
"House Wren","9_OR","USA",250000
"House Wren","28_WV","USA",250000
"House Wren","10_WY","USA",250000
"House Wren","11_NE","USA",240000
"House Wren","29_PA","USA",240000
"House Wren","16_NM","USA",220000
"House Wren","12_MN","USA",220000
"House Wren","22_MN","USA",220000
"House Wren","10_AB","CAN",210000
"House Wren","28_OH","USA",200000
"House Wren","22_KS","USA",190000
"House Wren","17_WY","USA",190000
"House Wren","10_OR","USA",190000
"House Wren","9_NV","USA",180000
"House Wren","11_MT","USA",170000
"House Wren","23_IN","USA",170000
"House Wren","9_BC","CAN",170000
"House Wren","9_CA","USA",160000
"House Wren","12_ON","CAN",160000
"House Wren","12_WI","USA",160000
"House Wren","18_NE","USA",160000
"House Wren","28_VA","USA",160000
"House Wren","10_WA","USA",140000
"House Wren","24_MO","USA",140000
"House Wren","30_CT","USA",140000
"House Wren","10_ID","USA",140000
"House Wren","24_IN","USA",130000
"House Wren","15_CA","USA",120000
"House Wren","29_MD","USA",120000
"House Wren","30_MA","USA",120000
"House Wren","16_AZ","USA",110000
"House Wren","13_PA","USA",110000
"House Wren","5_OR","USA",110000
"House Wren","30_NJ","USA",89000
"House Wren","35_NM","USA",87000
"House Wren","16_WY","USA",81000
"House Wren","29_VA","USA",80000
"House Wren","28_TN","USA",78000
"House Wren","23_IA","USA",78000
"House Wren","18_CO","USA",77000
"House Wren","28_NC","USA",71000
"House Wren","29_NJ","USA",67000
"House Wren","14_NY","USA",62000
"House Wren","28_NJ","USA",58000
"House Wren","5_CA","USA",57000
"House Wren","22_MI","USA",57000
"House Wren","14_VT","USA",53000
"House Wren","23_IL","USA",52000
"House Wren","34_NM","USA",46000
"House Wren","28_MD","USA",46000
"House Wren","14_NH","USA",41000
"House Wren","30_MD","USA",41000
"House Wren","30_NH","USA",39000
"House Wren","28_KY","USA",39000
"House Wren","24_IL","USA",38000
"House Wren","10_CO","USA",38000
"House Wren","14_ME","USA",37000
"House Wren","30_RI","USA",35000
"House Wren","13_QC","CAN",35000
"House Wren","5_BC","CAN",33000
"House Wren","12_MB","CAN",33000
"House Wren","10_BC","CAN",32000
"House Wren","12_QC","CAN",30000
"House Wren","29_NC","USA",29000
"House Wren","22_WI","USA",27000
"House Wren","10_UT","USA",23000
"House Wren","29_GA","USA",23000
"House Wren","13_VT","USA",23000
"House Wren","30_NY","USA",23000
"House Wren","14_MA","USA",22000
"House Wren","33_CA","USA",18000
"House Wren","14_QC","CAN",17000
"House Wren","5_WA","USA",15000
"House Wren","30_ME","USA",15000
"House Wren","26_MO","USA",15000
"House Wren","17_NE","USA",14000
"House Wren","28_GA","USA",14000
"House Wren","28_CT","USA",12000
"House Wren","8_ON","CAN",12000
"House Wren","24_AR","USA",12000
"House Wren","30_DE","USA",11000
"House Wren","19_OK","USA",11000
"House Wren","18_SD","USA",11000
"House Wren","19_SD","USA",10000
"House Wren","18_WY","USA",9800
"House Wren","28_MA","USA",9400
"House Wren","24_OH","USA",9300
"House Wren","25_AR","USA",7700
"House Wren","9_UT","USA",7400
"House Wren","18_KS","USA",6900
"House Wren","29_SC","USA",6700
"House Wren","8_MB","CAN",6000
"House Wren","24_TN","USA",5300
"House Wren","15_NV","USA",4500
"House Wren","29_DE","USA",4400
"House Wren","27_VA","USA",4300
"House Wren","14_CT","USA",4200
"House Wren","27_TN","USA",3700
"House Wren","27_NC","USA",3300
"House Wren","29_NY","USA",2800
"House Wren","30_PA","USA",2700
"House Wren","19_TX","USA",2700
"House Wren","21_OK","USA",2300
"House Wren","28_AL","USA",2100
"House Wren","16_ID","USA",1800
"House Wren","27_MS","USA",1500
"House Wren","18_TX","USA",1400
"House Wren","23_OH","USA",1400
"House Wren","18_OK","USA",1300
"House Wren","33_AZ","USA",930
"House Wren","25_TX","USA",910
"House Wren","20_TX","USA",830
"House Wren","27_KY","USA",750
"House Wren","30_VT","USA",510
"House Wren","9_WY","USA",480
"House Wren","18_NM","USA",470
"House Wren","16_NV","USA",360
"House Wren","27_SC","USA",320
"House Wren","29_AL","USA",290
"House Wren","27_AL","USA",280
"House Wren","22_OK","USA",260
"House Wren","14_NB","CAN",240
"House Wren","26_IL","USA",230
"House Wren","27_GA","USA",200
"House Wren","35_AZ","USA",190
"House Wren","26_KY","USA",190
"House Wren","21_KS","USA",27
"Pacific Wren","5_AK","USA",2300000
"Pacific Wren","5_BC","CAN",2000000
"Pacific Wren","10_BC","CAN",680000
"Pacific Wren","2_AK","USA",660000
"Pacific Wren","5_WA","USA",590000
"Pacific Wren","5_OR","USA",510000
"Pacific Wren","10_ID","USA",270000
"Pacific Wren","9_WA","USA",240000
"Pacific Wren","9_BC","CAN",75000
"Pacific Wren","32_CA","USA",64000
"Pacific Wren","5_CA","USA",51000
"Pacific Wren","4_BC","CAN",50000
"Pacific Wren","10_MT","USA",48000
"Pacific Wren","10_WA","USA",23000
"Pacific Wren","15_CA","USA",18000
"Pacific Wren","10_OR","USA",11000
"Pacific Wren","10_AB","CAN",7100
"Pacific Wren","9_NV","USA",3700
"Pacific Wren","9_OR","USA",3700
"Winter Wren","8_ON","CAN",3000000
"Winter Wren","8_QC","CAN",2100000
"Winter Wren","7_ON","CAN",980000
"Winter Wren","12_QC","CAN",960000
"Winter Wren","12_ON","CAN",880000
"Winter Wren","8_MB","CAN",620000
"Winter Wren","8_SK","CAN",310000
"Winter Wren","7_QC","CAN",310000
"Winter Wren","14_ME","USA",300000
"Winter Wren","14_QC","CAN",250000
"Winter Wren","14_NB","CAN",200000
"Winter Wren","6_SK","CAN",180000
"Winter Wren","12_MN","USA",180000
"Winter Wren","12_MI","USA",130000
"Winter Wren","6_MB","CAN",110000
"Winter Wren","14_NY","USA",100000
"Winter Wren","6_AB","CAN",55000
"Winter Wren","12_WI","USA",54000
"Winter Wren","14_NS","CAN",49000
"Winter Wren","8_NL","CAN",45000
"Winter Wren","14_NH","USA",45000
"Winter Wren","7_NL","CAN",44000
"Winter Wren","14_VT","USA",43000
"Winter Wren","13_ON","CAN",26000
"Winter Wren","6_BC","CAN",19000
"Winter Wren","12_MB","CAN",19000
"Winter Wren","28_PA","USA",17000
"Winter Wren","13_QC","CAN",10000
"Winter Wren","28_NY","USA",9100
"Winter Wren","14_MA","USA",7800
"Winter Wren","28_WV","USA",7200
"Winter Wren","10_BC","CAN",6600
"Winter Wren","13_NY","USA",6200
"Winter Wren","28_NC","USA",3000
"Winter Wren","23_WI","USA",2900
"Winter Wren","14_PE","CAN",2500
"Winter Wren","6_NT","CAN",870
"Winter Wren","28_TN","USA",520
"Winter Wren","23_MI","USA",490
"Winter Wren","30_NH","USA",450
"Winter Wren","30_MA","USA",360
"Winter Wren","28_CT","USA",200
"Winter Wren","11_MN","USA",160
"Winter Wren","13_PA","USA",150
"Winter Wren","13_VT","USA",130
"Winter Wren","14_CT","USA",120
"Winter Wren","30_CT","USA",100
"Winter Wren","28_MA","USA",89
"Winter Wren","28_MD","USA",57
"Winter Wren","30_VT","USA",9
"Sedge Wren","11_ND","USA",810000
"Sedge Wren","12_MN","USA",750000
"Sedge Wren","6_MB","CAN",630000
"Sedge Wren","11_SD","USA",550000
"Sedge Wren","11_MN","USA",530000
"Sedge Wren","23_WI","USA",350000
"Sedge Wren","11_MB","CAN",320000
"Sedge Wren","23_MN","USA",310000
"Sedge Wren","12_WI","USA",130000
"Sedge Wren","11_SK","CAN",97000
"Sedge Wren","12_ON","CAN",75000
"Sedge Wren","6_SK","CAN",71000
"Sedge Wren","12_MB","CAN",63000
"Sedge Wren","11_IA","USA",59000
"Sedge Wren","22_IA","USA",49000
"Sedge Wren","8_ON","CAN",44000
"Sedge Wren","12_MI","USA",34000
"Sedge Wren","17_ND","USA",27000
"Sedge Wren","22_MN","USA",23000
"Sedge Wren","22_IL","USA",16000
"Sedge Wren","8_MB","CAN",15000
"Sedge Wren","22_MO","USA",12000
"Sedge Wren","11_NE","USA",8800
"Sedge Wren","23_MI","USA",7700
"Sedge Wren","22_NE","USA",6100
"Sedge Wren","19_NE","USA",5700
"Sedge Wren","17_SD","USA",5400
"Sedge Wren","6_AB","CAN",5100
"Sedge Wren","13_ON","CAN",3700
"Sedge Wren","22_KS","USA",3000
"Sedge Wren","23_IN","USA",2600
"Sedge Wren","22_OH","USA",1900
"Sedge Wren","11_MT","USA",1400
"Sedge Wren","22_IN","USA",1300
"Sedge Wren","19_KS","USA",1300
"Sedge Wren","23_IL","USA",790
"Sedge Wren","22_WI","USA",540
"Sedge Wren","13_OH","USA",510
"Sedge Wren","13_NY","USA",470
"Sedge Wren","14_NH","USA",140
"Sedge Wren","23_OH","USA",22
"Marsh Wren","11_ND","USA",4200000
"Marsh Wren","11_SD","USA",1100000
"Marsh Wren","10_WY","USA",460000
"Marsh Wren","9_UT","USA",420000
"Marsh Wren","10_BC","CAN",380000
"Marsh Wren","9_OR","USA",370000
"Marsh Wren","11_MB","CAN",350000
"Marsh Wren","9_CA","USA",330000
"Marsh Wren","19_NE","USA",310000
"Marsh Wren","6_MB","CAN",250000
"Marsh Wren","11_MN","USA",240000
"Marsh Wren","32_CA","USA",210000
"Marsh Wren","6_AB","CAN",210000
"Marsh Wren","8_SK","CAN",180000
"Marsh Wren","23_MN","USA",170000
"Marsh Wren","5_WA","USA",140000
"Marsh Wren","11_SK","CAN",140000
"Marsh Wren","10_MT","USA",110000
"Marsh Wren","9_WA","USA",110000
"Marsh Wren","37_LA","USA",110000
"Marsh Wren","6_NT","CAN",100000
"Marsh Wren","5_OR","USA",90000
"Marsh Wren","6_SK","CAN",89000
"Marsh Wren","11_AB","CAN",78000
"Marsh Wren","9_NV","USA",68000
"Marsh Wren","23_WI","USA",57000
"Marsh Wren","13_ON","CAN",39000
"Marsh Wren","33_CA","USA",37000
"Marsh Wren","12_MN","USA",35000
"Marsh Wren","9_ID","USA",34000
"Marsh Wren","9_BC","CAN",30000
"Marsh Wren","17_ND","USA",30000
"Marsh Wren","11_MT","USA",28000
"Marsh Wren","10_AB","CAN",23000
"Marsh Wren","11_IA","USA",21000
"Marsh Wren","19_KS","USA",21000
"Marsh Wren","30_DE","USA",15000
"Marsh Wren","30_MA","USA",15000
"Marsh Wren","16_UT","USA",14000
"Marsh Wren","14_VT","USA",14000
"Marsh Wren","12_ON","CAN",13000
"Marsh Wren","5_BC","CAN",13000
"Marsh Wren","30_CT","USA",12000
"Marsh Wren","8_MB","CAN",10000
"Marsh Wren","33_AZ","USA",9900
"Marsh Wren","10_UT","USA",9800
"Marsh Wren","16_CO","USA",9700
"Marsh Wren","18_NE","USA",8500
"Marsh Wren","10_ID","USA",8000
"Marsh Wren","5_CA","USA",8000
"Marsh Wren","13_NY","USA",7800
"Marsh Wren","37_TX","USA",7000
"Marsh Wren","30_MD","USA",6200
"Marsh Wren","12_MB","CAN",6200
"Marsh Wren","22_MN","USA",6100
"Marsh Wren","14_ME","USA",5600
"Marsh Wren","12_QC","CAN",5300
"Marsh Wren","30_NJ","USA",4900
"Marsh Wren","10_CO","USA",4500
"Marsh Wren","30_NY","USA",4100
"Marsh Wren","22_IL","USA",4000
"Marsh Wren","17_SD","USA",3700
"Marsh Wren","10_WA","USA",2900
"Marsh Wren","23_MI","USA",2700
"Marsh Wren","30_NH","USA",2600
"Marsh Wren","10_OR","USA",2500
"Marsh Wren","19_SD","USA",2500
"Marsh Wren","12_WI","USA",2300
"Marsh Wren","12_MI","USA",2000
"Marsh Wren","18_CO","USA",1900
"Marsh Wren","22_IA","USA",1900
"Marsh Wren","33_NV","USA",1700
"Marsh Wren","17_MT","USA",1600
"Marsh Wren","27_GA","USA",1500
"Marsh Wren","14_QC","CAN",1100
"Marsh Wren","28_PA","USA",920
"Marsh Wren","14_NY","USA",900
"Marsh Wren","28_NY","USA",900
"Marsh Wren","13_QC","CAN",660
"Marsh Wren","31_FL","USA",390
"Marsh Wren","17_NE","USA",350
"Marsh Wren","23_IN","USA",300
"Marsh Wren","14_MA","USA",240
"Marsh Wren","13_PA","USA",240
"Marsh Wren","14_NH","USA",220
"Marsh Wren","13_VT","USA",180
"Marsh Wren","16_ID","USA",170
"Marsh Wren","30_PA","USA",150
"Marsh Wren","33_UT","USA",43
"Marsh Wren","18_SD","USA",41
"Marsh Wren","9_WY","USA",40
"Marsh Wren","30_VT","USA",34
"Marsh Wren","23_OH","USA",3
"Carolina Wren","27_GA","USA",1400000
"Carolina Wren","27_FL","USA",1200000
"Carolina Wren","27_NC","USA",890000
"Carolina Wren","27_MS","USA",890000
"Carolina Wren","25_TX","USA",800000
"Carolina Wren","27_AL","USA",710000
"Carolina Wren","31_FL","USA",670000
"Carolina Wren","21_TX","USA",660000
"Carolina Wren","27_SC","USA",600000
"Carolina Wren","29_NC","USA",510000
"Carolina Wren","26_LA","USA",500000
"Carolina Wren","29_GA","USA",500000
"Carolina Wren","24_TN","USA",460000
"Carolina Wren","28_TN","USA",450000
"Carolina Wren","25_AR","USA",450000
"Carolina Wren","24_KY","USA",440000
"Carolina Wren","25_LA","USA",430000
"Carolina Wren","28_KY","USA",400000
"Carolina Wren","29_VA","USA",360000
"Carolina Wren","28_WV","USA",350000
"Carolina Wren","24_MO","USA",330000
"Carolina Wren","26_AR","USA",320000
"Carolina Wren","29_SC","USA",310000
"Carolina Wren","28_AL","USA",270000
"Carolina Wren","28_VA","USA",230000
"Carolina Wren","24_AR","USA",200000
"Carolina Wren","27_TN","USA",190000
"Carolina Wren","27_VA","USA",180000
"Carolina Wren","21_OK","USA",170000
"Carolina Wren","28_GA","USA",160000
"Carolina Wren","25_OK","USA",160000
"Carolina Wren","28_NC","USA",150000
"Carolina Wren","30_MD","USA",140000
"Carolina Wren","28_PA","USA",130000
"Carolina Wren","24_IN","USA",130000
"Carolina Wren","26_MS","USA",130000
"Carolina Wren","37_LA","USA",130000
"Carolina Wren","24_IL","USA",120000
"Carolina Wren","20_TX","USA",110000
"Carolina Wren","28_OH","USA",110000
"Carolina Wren","27_LA","USA",110000
"Carolina Wren","22_IL","USA",100000
"Carolina Wren","22_KS","USA",100000
"Carolina Wren","22_MO","USA",98000
"Carolina Wren","24_AL","USA",93000
"Carolina Wren","37_TX","USA",67000
"Carolina Wren","30_NJ","USA",60000
"Carolina Wren","22_OH","USA",60000
"Carolina Wren","26_MO","USA",58000
"Carolina Wren","19_OK","USA",56000
"Carolina Wren","29_PA","USA",54000
"Carolina Wren","29_AL","USA",53000
"Carolina Wren","29_MD","USA",51000
"Carolina Wren","19_KS","USA",50000
"Carolina Wren","24_OK","USA",44000
"Carolina Wren","30_DE","USA",43000
"Carolina Wren","30_VA","USA",40000
"Carolina Wren","30_MA","USA",32000
"Carolina Wren","22_IN","USA",27000
"Carolina Wren","28_SC","USA",21000
"Carolina Wren","30_CT","USA",20000
"Carolina Wren","26_TN","USA",16000
"Carolina Wren","28_MD","USA",16000
"Carolina Wren","29_NJ","USA",14000
"Carolina Wren","24_OH","USA",14000
"Carolina Wren","22_OK","USA",14000
"Carolina Wren","13_OH","USA",13000
"Carolina Wren","13_NY","USA",12000
"Carolina Wren","30_NY","USA",11000
"Carolina Wren","28_NJ","USA",9000
"Carolina Wren","30_RI","USA",7100
"Carolina Wren","19_TX","USA",5900
"Carolina Wren","28_NY","USA",5300
"Carolina Wren","27_KY","USA",4900
"Carolina Wren","13_PA","USA",4800
"Carolina Wren","36_TX","USA",4100
"Carolina Wren","26_KY","USA",3600
"Carolina Wren","13_ON","CAN",3100
"Carolina Wren","23_MI","USA",2600
"Carolina Wren","26_IL","USA",2200
"Carolina Wren","30_PA","USA",1800
"Carolina Wren","23_IN","USA",1800
"Carolina Wren","22_NE","USA",1400
"Carolina Wren","21_KS","USA",990
"Carolina Wren","29_DE","USA",980
"Carolina Wren","22_MI","USA",880
"Carolina Wren","14_CT","USA",820
"Carolina Wren","30_NH","USA",770
"Carolina Wren","19_NE","USA",720
"Carolina Wren","28_CT","USA",700
"Carolina Wren","14_NH","USA",640
"Carolina Wren","24_KS","USA",610
"Carolina Wren","14_ME","USA",600
"Carolina Wren","29_NY","USA",590
"Carolina Wren","22_IA","USA",580
"Carolina Wren","30_ME","USA",560
"Carolina Wren","37_MS","USA",470
"Carolina Wren","13_VT","USA",370
"Carolina Wren","35_TX","USA",240
"Carolina Wren","12_MI","USA",170
"Carolina Wren","14_NY","USA",130
"Carolina Wren","23_WI","USA",130
"Carolina Wren","14_MA","USA",110
"Carolina Wren","14_VT","USA",57
"Carolina Wren","23_OH","USA",15
"Carolina Wren","28_MA","USA",6
"Bewick's Wren","20_TX","USA",960000
"Bewick's Wren","32_CA","USA",650000
"Bewick's Wren","34_AZ","USA",400000
"Bewick's Wren","36_TX","USA",380000
"Bewick's Wren","21_TX","USA",350000
"Bewick's Wren","19_TX","USA",300000
"Bewick's Wren","16_NM","USA",260000
"Bewick's Wren","35_TX","USA",150000
"Bewick's Wren","19_OK","USA",140000
"Bewick's Wren","35_NM","USA",140000
"Bewick's Wren","21_OK","USA",92000
"Bewick's Wren","5_OR","USA",89000
"Bewick's Wren","5_BC","CAN",57000
"Bewick's Wren","16_UT","USA",53000
"Bewick's Wren","16_AZ","USA",50000
"Bewick's Wren","5_WA","USA",47000
"Bewick's Wren","34_NM","USA",46000
"Bewick's Wren","33_CA","USA",40000
"Bewick's Wren","9_NV","USA",38000
"Bewick's Wren","16_CO","USA",33000
"Bewick's Wren","9_CA","USA",32000
"Bewick's Wren","15_CA","USA",31000
"Bewick's Wren","18_NM","USA",28000
"Bewick's Wren","5_CA","USA",25000
"Bewick's Wren","37_TX","USA",25000
"Bewick's Wren","24_MO","USA",18000
"Bewick's Wren","18_TX","USA",17000
"Bewick's Wren","33_AZ","USA",16000
"Bewick's Wren","25_OK","USA",16000
"Bewick's Wren","18_CO","USA",15000
"Bewick's Wren","9_WA","USA",7600
"Bewick's Wren","9_OR","USA",6700
"Bewick's Wren","10_CO","USA",6700
"Bewick's Wren","22_KS","USA",6600
"Bewick's Wren","9_ID","USA",6500
"Bewick's Wren","22_MO","USA",6500
"Bewick's Wren","9_UT","USA",5000
"Bewick's Wren","10_WY","USA",3800
"Bewick's Wren","35_AZ","USA",2200
"Bewick's Wren","33_NV","USA",1800
"Bewick's Wren","18_OK","USA",1100
"Bewick's Wren","9_BC","CAN",1100
"Bewick's Wren","19_KS","USA",1100
"Bewick's Wren","25_TX","USA",810
"Bewick's Wren","15_NV","USA",760
"Bewick's Wren","10_WA","USA",700
"Bewick's Wren","22_OK","USA",640
"Bewick's Wren","21_KS","USA",550
"Bewick's Wren","24_AR","USA",460
"Bewick's Wren","22_IA","USA",410
"Bewick's Wren","24_OK","USA",190
"Bewick's Wren","10_OR","USA",150
"Bewick's Wren","16_NV","USA",140
"Bewick's Wren","24_KY","USA",110
"Bewick's Wren","22_IL","USA",91
"Bewick's Wren","33_UT","USA",44
"Bewick's Wren","24_KS","USA",3
"Cactus Wren","33_AZ","USA",750000
"Cactus Wren","35_TX","USA",710000
"Cactus Wren","34_AZ","USA",410000
"Cactus Wren","36_TX","USA",310000
"Cactus Wren","33_CA","USA",220000
"Cactus Wren","35_NM","USA",210000
"Cactus Wren","18_TX","USA",130000
"Cactus Wren","9_NV","USA",67000
"Cactus Wren","18_NM","USA",41000
"Cactus Wren","33_NV","USA",38000
"Cactus Wren","16_NM","USA",32000
"Cactus Wren","34_NM","USA",22000
"Cactus Wren","32_CA","USA",22000
"Cactus Wren","19_TX","USA",17000
"Cactus Wren","20_TX","USA",17000
"Cactus Wren","16_AZ","USA",15000
"Cactus Wren","21_TX","USA",5000
"Cactus Wren","37_TX","USA",3300
"Cactus Wren","35_AZ","USA",3000
"Cactus Wren","33_UT","USA",570
"Cactus Wren","16_NV","USA",85
"Blue-gray Gnatcatcher","24_MO","USA",16000000
"Blue-gray Gnatcatcher","27_AL","USA",9800000
"Blue-gray Gnatcatcher","27_NC","USA",9200000
"Blue-gray Gnatcatcher","27_MS","USA",9200000
"Blue-gray Gnatcatcher","25_AR","USA",9200000
"Blue-gray Gnatcatcher","27_GA","USA",8400000
"Blue-gray Gnatcatcher","16_UT","USA",8000000
"Blue-gray Gnatcatcher","24_TN","USA",7800000
"Blue-gray Gnatcatcher","29_NC","USA",6600000
"Blue-gray Gnatcatcher","21_OK","USA",6500000
"Blue-gray Gnatcatcher","27_SC","USA",5700000
"Blue-gray Gnatcatcher","27_FL","USA",5600000
"Blue-gray Gnatcatcher","24_KY","USA",5200000
"Blue-gray Gnatcatcher","16_CO","USA",5100000
"Blue-gray Gnatcatcher","25_OK","USA",4700000
"Blue-gray Gnatcatcher","28_AL","USA",4600000
"Blue-gray Gnatcatcher","21_TX","USA",4500000
"Blue-gray Gnatcatcher","28_KY","USA",4400000
"Blue-gray Gnatcatcher","20_TX","USA",4200000
"Blue-gray Gnatcatcher","29_VA","USA",4200000
"Blue-gray Gnatcatcher","24_AR","USA",4100000
"Blue-gray Gnatcatcher","29_SC","USA",4100000
"Blue-gray Gnatcatcher","9_NV","USA",4100000
"Blue-gray Gnatcatcher","29_GA","USA",3700000
"Blue-gray Gnatcatcher","28_TN","USA",3700000
"Blue-gray Gnatcatcher","24_IN","USA",3300000
"Blue-gray Gnatcatcher","25_LA","USA",3200000
"Blue-gray Gnatcatcher","25_TX","USA",3200000
"Blue-gray Gnatcatcher","27_TN","USA",3200000
"Blue-gray Gnatcatcher","31_FL","USA",2900000
"Blue-gray Gnatcatcher","27_VA","USA",2900000
"Blue-gray Gnatcatcher","22_MO","USA",2900000
"Blue-gray Gnatcatcher","32_CA","USA",2900000
"Blue-gray Gnatcatcher","26_AR","USA",2800000
"Blue-gray Gnatcatcher","19_OK","USA",2300000
"Blue-gray Gnatcatcher","28_WV","USA",2300000
"Blue-gray Gnatcatcher","22_IL","USA",2000000
"Blue-gray Gnatcatcher","28_VA","USA",2000000
"Blue-gray Gnatcatcher","28_GA","USA",1900000
"Blue-gray Gnatcatcher","22_KS","USA",1700000
"Blue-gray Gnatcatcher","33_AZ","USA",1700000
"Blue-gray Gnatcatcher","26_LA","USA",1500000
"Blue-gray Gnatcatcher","24_IL","USA",1500000
"Blue-gray Gnatcatcher","28_PA","USA",1500000
"Blue-gray Gnatcatcher","30_MD","USA",1400000
"Blue-gray Gnatcatcher","24_OK","USA",1400000
"Blue-gray Gnatcatcher","24_AL","USA",1100000
"Blue-gray Gnatcatcher","28_OH","USA",1100000
"Blue-gray Gnatcatcher","23_WI","USA",1000000
"Blue-gray Gnatcatcher","29_AL","USA",900000
"Blue-gray Gnatcatcher","28_NC","USA",860000
"Blue-gray Gnatcatcher","34_AZ","USA",830000
"Blue-gray Gnatcatcher","16_AZ","USA",790000
"Blue-gray Gnatcatcher","16_NM","USA",780000
"Blue-gray Gnatcatcher","22_IN","USA",740000
"Blue-gray Gnatcatcher","22_OK","USA",690000
"Blue-gray Gnatcatcher","26_MS","USA",660000
"Blue-gray Gnatcatcher","23_MI","USA",630000
"Blue-gray Gnatcatcher","24_OH","USA",600000
"Blue-gray Gnatcatcher","15_CA","USA",590000
"Blue-gray Gnatcatcher","19_KS","USA",580000
"Blue-gray Gnatcatcher","19_TX","USA",560000
"Blue-gray Gnatcatcher","22_OH","USA",540000
"Blue-gray Gnatcatcher","9_UT","USA",540000
"Blue-gray Gnatcatcher","36_TX","USA",520000
"Blue-gray Gnatcatcher","34_NM","USA",500000
"Blue-gray Gnatcatcher","29_MD","USA",490000
"Blue-gray Gnatcatcher","10_CO","USA",480000
"Blue-gray Gnatcatcher","27_LA","USA",480000
"Blue-gray Gnatcatcher","35_TX","USA",390000
"Blue-gray Gnatcatcher","5_CA","USA",380000
"Blue-gray Gnatcatcher","30_NJ","USA",300000
"Blue-gray Gnatcatcher","22_IA","USA",300000
"Blue-gray Gnatcatcher","9_CA","USA",300000
"Blue-gray Gnatcatcher","26_MO","USA",290000
"Blue-gray Gnatcatcher","27_KY","USA",270000
"Blue-gray Gnatcatcher","33_CA","USA",270000
"Blue-gray Gnatcatcher","28_SC","USA",240000
"Blue-gray Gnatcatcher","29_PA","USA",230000
"Blue-gray Gnatcatcher","30_VA","USA",220000
"Blue-gray Gnatcatcher","28_MD","USA",210000
"Blue-gray Gnatcatcher","26_TN","USA",200000
"Blue-gray Gnatcatcher","28_NJ","USA",160000
"Blue-gray Gnatcatcher","13_NY","USA",160000
"Blue-gray Gnatcatcher","30_CT","USA",150000
"Blue-gray Gnatcatcher","23_MN","USA",150000
"Blue-gray Gnatcatcher","18_NM","USA",130000
"Blue-gray Gnatcatcher","10_WY","USA",130000
"Blue-gray Gnatcatcher","23_IN","USA",110000
"Blue-gray Gnatcatcher","30_DE","USA",110000
"Blue-gray Gnatcatcher","37_LA","USA",110000
"Blue-gray Gnatcatcher","13_OH","USA",100000
"Blue-gray Gnatcatcher","33_NV","USA",99000
"Blue-gray Gnatcatcher","13_ON","CAN",93000
"Blue-gray Gnatcatcher","29_NJ","USA",91000
"Blue-gray Gnatcatcher","30_MA","USA",82000
"Blue-gray Gnatcatcher","12_MI","USA",80000
"Blue-gray Gnatcatcher","9_ID","USA",71000
"Blue-gray Gnatcatcher","12_WI","USA",59000
"Blue-gray Gnatcatcher","23_IA","USA",57000
"Blue-gray Gnatcatcher","26_KY","USA",57000
"Blue-gray Gnatcatcher","22_MI","USA",55000
"Blue-gray Gnatcatcher","30_RI","USA",43000
"Blue-gray Gnatcatcher","21_KS","USA",39000
"Blue-gray Gnatcatcher","26_IL","USA",35000
"Blue-gray Gnatcatcher","5_OR","USA",34000
"Blue-gray Gnatcatcher","13_PA","USA",25000
"Blue-gray Gnatcatcher","23_IL","USA",23000
"Blue-gray Gnatcatcher","22_NE","USA",20000
"Blue-gray Gnatcatcher","24_KS","USA",19000
"Blue-gray Gnatcatcher","18_CO","USA",18000
"Blue-gray Gnatcatcher","9_OR","USA",18000
"Blue-gray Gnatcatcher","18_TX","USA",18000
"Blue-gray Gnatcatcher","37_TX","USA",17000
"Blue-gray Gnatcatcher","12_MN","USA",14000
"Blue-gray Gnatcatcher","30_NY","USA",14000
"Blue-gray Gnatcatcher","35_NM","USA",13000
"Blue-gray Gnatcatcher","28_CT","USA",13000
"Blue-gray Gnatcatcher","22_MN","USA",13000
"Blue-gray Gnatcatcher","28_MA","USA",10000
"Blue-gray Gnatcatcher","30_PA","USA",9300
"Blue-gray Gnatcatcher","16_ID","USA",8600
"Blue-gray Gnatcatcher","11_MN","USA",8400
"Blue-gray Gnatcatcher","22_WI","USA",8400
"Blue-gray Gnatcatcher","14_NY","USA",8200
"Blue-gray Gnatcatcher","30_NH","USA",5600
"Blue-gray Gnatcatcher","29_DE","USA",4200
"Blue-gray Gnatcatcher","29_NY","USA",3800
"Blue-gray Gnatcatcher","15_NV","USA",3000
"Blue-gray Gnatcatcher","16_NV","USA",2300
"Blue-gray Gnatcatcher","14_MA","USA",2100
"Blue-gray Gnatcatcher","28_NY","USA",1800
"Blue-gray Gnatcatcher","14_VT","USA",1700
"Blue-gray Gnatcatcher","33_UT","USA",1200
"Blue-gray Gnatcatcher","23_OH","USA",890
"Blue-gray Gnatcatcher","37_MS","USA",380
"Blue-gray Gnatcatcher","35_AZ","USA",180
"Blue-gray Gnatcatcher","30_VT","USA",72
"California Gnatcatcher","32_CA","USA",NA
"Black-tailed Gnatcatcher","33_AZ","USA",3300000
"Black-tailed Gnatcatcher","35_TX","USA",1300000
"Black-tailed Gnatcatcher","34_AZ","USA",1200000
"Black-tailed Gnatcatcher","33_CA","USA",260000
"Black-tailed Gnatcatcher","35_NM","USA",180000
"Black-tailed Gnatcatcher","33_NV","USA",170000
"Black-tailed Gnatcatcher","36_TX","USA",49000
"Black-tailed Gnatcatcher","9_NV","USA",20000
"Black-tailed Gnatcatcher","34_NM","USA",4300
"Black-tailed Gnatcatcher","18_NM","USA",3500
"Black-tailed Gnatcatcher","33_UT","USA",2800
"Black-tailed Gnatcatcher","18_TX","USA",1700
"Black-tailed Gnatcatcher","16_UT","USA",890
"American Dipper","10_ID","USA",40000
"American Dipper","10_MT","USA",13000
"American Dipper","16_CO","USA",10000
"American Dipper","5_WA","USA",10000
"American Dipper","5_CA","USA",9400
"American Dipper","15_CA","USA",8200
"American Dipper","16_UT","USA",7300
"American Dipper","16_NM","USA",6200
"American Dipper","5_AK","USA",5700
"American Dipper","10_AB","CAN",5400
"American Dipper","9_OR","USA",4900
"American Dipper","32_CA","USA",4500
"American Dipper","4_AK","USA",4400
"American Dipper","10_WY","USA",3700
"American Dipper","9_WA","USA",3700
"American Dipper","5_BC","CAN",2700
"American Dipper","5_OR","USA",2400
"American Dipper","6_AB","CAN",2000
"American Dipper","9_NV","USA",1800
"American Dipper","10_BC","CAN",1700
"American Dipper","10_OR","USA",1400
"American Dipper","9_ID","USA",1100
"American Dipper","9_BC","CAN",480
"American Dipper","10_WA","USA",390
"American Dipper","17_SD","USA",360
"American Dipper","15_NV","USA",240
"American Dipper","5_YT","CAN",140
"American Dipper","16_ID","USA",10
"Golden-crowned Kinglet","10_BC","CAN",19000000
"Golden-crowned Kinglet","8_QC","CAN",13000000
"Golden-crowned Kinglet","8_ON","CAN",13000000
"Golden-crowned Kinglet","5_BC","CAN",12000000
"Golden-crowned Kinglet","5_AK","USA",9600000
"Golden-crowned Kinglet","12_QC","CAN",7400000
"Golden-crowned Kinglet","5_WA","USA",5300000
"Golden-crowned Kinglet","12_ON","CAN",4500000
"Golden-crowned Kinglet","5_OR","USA",3900000
"Golden-crowned Kinglet","10_ID","USA",3700000
"Golden-crowned Kinglet","7_ON","CAN",3500000
"Golden-crowned Kinglet","15_CA","USA",3400000
"Golden-crowned Kinglet","8_SK","CAN",2700000
"Golden-crowned Kinglet","14_NB","CAN",2400000
"Golden-crowned Kinglet","14_QC","CAN",2200000
"Golden-crowned Kinglet","9_WA","USA",2000000
"Golden-crowned Kinglet","10_MT","USA",1800000
"Golden-crowned Kinglet","4_AK","USA",1800000
"Golden-crowned Kinglet","6_AB","CAN",1700000
"Golden-crowned Kinglet","10_OR","USA",1700000
"Golden-crowned Kinglet","9_BC","CAN",1400000
"Golden-crowned Kinglet","2_AK","USA",1400000
"Golden-crowned Kinglet","14_ME","USA",1300000
"Golden-crowned Kinglet","10_AB","CAN",1200000
"Golden-crowned Kinglet","32_CA","USA",960000
"Golden-crowned Kinglet","14_NS","CAN",950000
"Golden-crowned Kinglet","8_NL","CAN",910000
"Golden-crowned Kinglet","10_WA","USA",880000
"Golden-crowned Kinglet","5_CA","USA",810000
"Golden-crowned Kinglet","7_NL","CAN",800000
"Golden-crowned Kinglet","12_MN","USA",780000
"Golden-crowned Kinglet","12_MI","USA",750000
"Golden-crowned Kinglet","9_OR","USA",630000
"Golden-crowned Kinglet","17_SD","USA",620000
"Golden-crowned Kinglet","8_MB","CAN",620000
"Golden-crowned Kinglet","6_SK","CAN",470000
"Golden-crowned Kinglet","9_CA","USA",470000
"Golden-crowned Kinglet","14_NY","USA",450000
"Golden-crowned Kinglet","4_BC","CAN",340000
"Golden-crowned Kinglet","6_BC","CAN",320000
"Golden-crowned Kinglet","16_CO","USA",310000
"Golden-crowned Kinglet","6_MB","CAN",290000
"Golden-crowned Kinglet","14_NH","USA",240000
"Golden-crowned Kinglet","5_YT","CAN",240000
"Golden-crowned Kinglet","14_PE","CAN",180000
"Golden-crowned Kinglet","35_NM","USA",160000
"Golden-crowned Kinglet","6_NT","CAN",140000
"Golden-crowned Kinglet","10_WY","USA",130000
"Golden-crowned Kinglet","28_NC","USA",130000
"Golden-crowned Kinglet","16_UT","USA",120000
"Golden-crowned Kinglet","12_WI","USA",120000
"Golden-crowned Kinglet","15_NV","USA",110000
"Golden-crowned Kinglet","28_WV","USA",98000
"Golden-crowned Kinglet","34_AZ","USA",86000
"Golden-crowned Kinglet","28_NY","USA",85000
"Golden-crowned Kinglet","14_VT","USA",80000
"Golden-crowned Kinglet","16_AZ","USA",77000
"Golden-crowned Kinglet","4_YT","CAN",57000
"Golden-crowned Kinglet","13_QC","CAN",53000
"Golden-crowned Kinglet","7_AB","CAN",30000
"Golden-crowned Kinglet","13_NY","USA",30000
"Golden-crowned Kinglet","28_PA","USA",23000
"Golden-crowned Kinglet","9_ID","USA",22000
"Golden-crowned Kinglet","12_MB","CAN",21000
"Golden-crowned Kinglet","9_NV","USA",20000
"Golden-crowned Kinglet","16_WY","USA",15000
"Golden-crowned Kinglet","11_AB","CAN",14000
"Golden-crowned Kinglet","16_NM","USA",13000
"Golden-crowned Kinglet","13_ON","CAN",7600
"Golden-crowned Kinglet","28_MD","USA",4600
"Golden-crowned Kinglet","35_AZ","USA",3400
"Golden-crowned Kinglet","28_GA","USA",2800
"Golden-crowned Kinglet","14_MA","USA",1800
"Golden-crowned Kinglet","16_ID","USA",830
"Golden-crowned Kinglet","6_YT","CAN",160
"Golden-crowned Kinglet","9_WY","USA",48
"Ruby-crowned Kinglet","8_QC","CAN",9600000
"Ruby-crowned Kinglet","7_NL","CAN",9400000
"Ruby-crowned Kinglet","7_QC","CAN",9000000
"Ruby-crowned Kinglet","4_AK","USA",7300000
"Ruby-crowned Kinglet","8_SK","CAN",6900000
"Ruby-crowned Kinglet","10_BC","CAN",5900000
"Ruby-crowned Kinglet","7_ON","CAN",5700000
"Ruby-crowned Kinglet","8_ON","CAN",5700000
"Ruby-crowned Kinglet","8_MB","CAN",5100000
"Ruby-crowned Kinglet","4_YT","CAN",3900000
"Ruby-crowned Kinglet","6_NT","CAN",3600000
"Ruby-crowned Kinglet","8_NL","CAN",2800000
"Ruby-crowned Kinglet","4_BC","CAN",2500000
"Ruby-crowned Kinglet","7_NT","CAN",2500000
"Ruby-crowned Kinglet","6_AB","CAN",2300000
"Ruby-crowned Kinglet","5_AK","USA",1800000
"Ruby-crowned Kinglet","16_CO","USA",1600000
"Ruby-crowned Kinglet","12_QC","CAN",1300000
"Ruby-crowned Kinglet","6_SK","CAN",1100000
"Ruby-crowned Kinglet","10_MT","USA",1100000
"Ruby-crowned Kinglet","6_BC","CAN",940000
"Ruby-crowned Kinglet","4_NT","CAN",790000
"Ruby-crowned Kinglet","10_ID","USA",770000
"Ruby-crowned Kinglet","17_SD","USA",680000
"Ruby-crowned Kinglet","10_AB","CAN",630000
"Ruby-crowned Kinglet","12_ON","CAN",620000
"Ruby-crowned Kinglet","16_UT","USA",590000
"Ruby-crowned Kinglet","14_QC","CAN",590000
"Ruby-crowned Kinglet","10_WY","USA",580000
"Ruby-crowned Kinglet","7_NU","CAN",560000
"Ruby-crowned Kinglet","2_AK","USA",520000
"Ruby-crowned Kinglet","16_AZ","USA",350000
"Ruby-crowned Kinglet","6_MB","CAN",330000
"Ruby-crowned Kinglet","14_NS","CAN",310000
"Ruby-crowned Kinglet","9_BC","CAN",250000
"Ruby-crowned Kinglet","14_NB","CAN",240000
"Ruby-crowned Kinglet","9_ID","USA",230000
"Ruby-crowned Kinglet","10_OR","USA",200000
"Ruby-crowned Kinglet","7_MB","CAN",190000
"Ruby-crowned Kinglet","16_NM","USA",180000
"Ruby-crowned Kinglet","5_BC","CAN",160000
"Ruby-crowned Kinglet","16_WY","USA",150000
"Ruby-crowned Kinglet","10_WA","USA",140000
"Ruby-crowned Kinglet","34_AZ","USA",140000
"Ruby-crowned Kinglet","3_AK","USA",130000
"Ruby-crowned Kinglet","12_MN","USA",84000
"Ruby-crowned Kinglet","14_ME","USA",67000
"Ruby-crowned Kinglet","7_AB","CAN",46000
"Ruby-crowned Kinglet","5_YT","CAN",45000
"Ruby-crowned Kinglet","9_NV","USA",39000
"Ruby-crowned Kinglet","17_NE","USA",36000
"Ruby-crowned Kinglet","17_WY","USA",28000
"Ruby-crowned Kinglet","9_OR","USA",24000
"Ruby-crowned Kinglet","9_WA","USA",19000
"Ruby-crowned Kinglet","12_MI","USA",16000
"Ruby-crowned Kinglet","35_NM","USA",9600
"Ruby-crowned Kinglet","14_NH","USA",8500
"Ruby-crowned Kinglet","5_OR","USA",8400
"Ruby-crowned Kinglet","14_PE","CAN",7300
"Ruby-crowned Kinglet","13_QC","CAN",7100
"Ruby-crowned Kinglet","11_AB","CAN",6700
"Ruby-crowned Kinglet","16_ID","USA",6700
"Ruby-crowned Kinglet","12_MB","CAN",6400
"Ruby-crowned Kinglet","5_CA","USA",5600
"Ruby-crowned Kinglet","11_SK","CAN",4800
"Ruby-crowned Kinglet","3_YT","CAN",4700
"Ruby-crowned Kinglet","14_NY","USA",2800
"Ruby-crowned Kinglet","32_CA","USA",2400
"Ruby-crowned Kinglet","5_WA","USA",2100
"Ruby-crowned Kinglet","12_WI","USA",1500
"Ruby-crowned Kinglet","15_CA","USA",1500
"Ruby-crowned Kinglet","13_ON","CAN",1400
"Ruby-crowned Kinglet","9_UT","USA",1000
"Ruby-crowned Kinglet","9_WY","USA",500
"Ruby-crowned Kinglet","11_MB","CAN",480
"Ruby-crowned Kinglet","14_VT","USA",410
"Ruby-crowned Kinglet","3_NU","CAN",250
"Ruby-crowned Kinglet","35_AZ","USA",250
"Ruby-crowned Kinglet","28_NY","USA",150
"Ruby-crowned Kinglet","13_NY","USA",130
"Ruby-crowned Kinglet","3_QC","CAN",76
"Ruby-crowned Kinglet","3_NT","CAN",49
"Ruby-crowned Kinglet","15_NV","USA",36
"Arctic Warbler","2_AK","USA",5300000
"Arctic Warbler","4_AK","USA",2700000
"Arctic Warbler","3_AK","USA",170000
"Arctic Warbler","5_AK","USA",19000
"Wrentit","32_CA","USA",1300000
"Wrentit","5_CA","USA",200000
"Wrentit","5_OR","USA",120000
"Wrentit","15_CA","USA",120000
"Wrentit","9_CA","USA",7600
"Wrentit","33_CA","USA",1600
"Bluethroat","2_AK","USA",200000
"Bluethroat","3_AK","USA",20000
"Northern Wheatear","3_NU","CAN",150000
"Northern Wheatear","2_AK","USA",67000
"Northern Wheatear","3_NT","CAN",28000
"Northern Wheatear","3_QC","CAN",11000
"Northern Wheatear","3_AK","USA",7000
"Northern Wheatear","1_AK","USA",3300
"Northern Wheatear","3_YT","CAN",1200
"Northern Wheatear","4_AK","USA",850
"Eastern Bluebird","21_TX","USA",1100000
"Eastern Bluebird","24_MO","USA",940000
"Eastern Bluebird","22_MO","USA",810000
"Eastern Bluebird","29_NC","USA",800000
"Eastern Bluebird","27_GA","USA",770000
"Eastern Bluebird","22_KS","USA",730000
"Eastern Bluebird","27_MS","USA",700000
"Eastern Bluebird","21_OK","USA",630000
"Eastern Bluebird","27_NC","USA",620000
"Eastern Bluebird","25_TX","USA",600000
"Eastern Bluebird","27_AL","USA",590000
"Eastern Bluebird","24_KY","USA",580000
"Eastern Bluebird","27_FL","USA",510000
"Eastern Bluebird","24_TN","USA",500000
"Eastern Bluebird","28_AL","USA",490000
"Eastern Bluebird","29_VA","USA",490000
"Eastern Bluebird","29_GA","USA",430000
"Eastern Bluebird","23_WI","USA",400000
"Eastern Bluebird","25_AR","USA",400000
"Eastern Bluebird","27_TN","USA",400000
"Eastern Bluebird","19_KS","USA",390000
"Eastern Bluebird","28_TN","USA",380000
"Eastern Bluebird","19_OK","USA",340000
"Eastern Bluebird","22_IL","USA",320000
"Eastern Bluebird","29_SC","USA",310000
"Eastern Bluebird","24_AR","USA",300000
"Eastern Bluebird","25_OK","USA",300000
"Eastern Bluebird","28_WV","USA",290000
"Eastern Bluebird","28_PA","USA",280000
"Eastern Bluebird","27_SC","USA",260000
"Eastern Bluebird","28_VA","USA",250000
"Eastern Bluebird","22_IA","USA",250000
"Eastern Bluebird","25_LA","USA",250000
"Eastern Bluebird","28_KY","USA",200000
"Eastern Bluebird","31_FL","USA",200000
"Eastern Bluebird","23_MN","USA",190000
"Eastern Bluebird","24_IN","USA",190000
"Eastern Bluebird","24_IL","USA",190000
"Eastern Bluebird","20_TX","USA",170000
"Eastern Bluebird","28_GA","USA",170000
"Eastern Bluebird","22_OH","USA",160000
"Eastern Bluebird","23_MI","USA",160000
"Eastern Bluebird","26_AR","USA",160000
"Eastern Bluebird","12_MI","USA",160000
"Eastern Bluebird","28_OH","USA",150000
"Eastern Bluebird","22_OK","USA",150000
"Eastern Bluebird","19_NE","USA",150000
"Eastern Bluebird","27_VA","USA",140000
"Eastern Bluebird","22_IN","USA",130000
"Eastern Bluebird","13_NY","USA",110000
"Eastern Bluebird","26_LA","USA",100000
"Eastern Bluebird","13_OH","USA",100000
"Eastern Bluebird","12_MN","USA",100000
"Eastern Bluebird","19_TX","USA",98000
"Eastern Bluebird","12_WI","USA",98000
"Eastern Bluebird","24_AL","USA",87000
"Eastern Bluebird","30_MD","USA",86000
"Eastern Bluebird","24_OK","USA",84000
"Eastern Bluebird","37_TX","USA",79000
"Eastern Bluebird","28_NC","USA",78000
"Eastern Bluebird","23_IN","USA",75000
"Eastern Bluebird","13_ON","CAN",70000
"Eastern Bluebird","11_ND","USA",69000
"Eastern Bluebird","22_NE","USA",65000
"Eastern Bluebird","27_KY","USA",63000
"Eastern Bluebird","29_AL","USA",50000
"Eastern Bluebird","12_ON","CAN",46000
"Eastern Bluebird","29_PA","USA",44000
"Eastern Bluebird","11_MN","USA",42000
"Eastern Bluebird","12_QC","CAN",39000
"Eastern Bluebird","11_NE","USA",39000
"Eastern Bluebird","28_NY","USA",38000
"Eastern Bluebird","29_MD","USA",36000
"Eastern Bluebird","13_PA","USA",36000
"Eastern Bluebird","11_MB","CAN",36000
"Eastern Bluebird","27_LA","USA",33000
"Eastern Bluebird","14_ME","USA",30000
"Eastern Bluebird","26_MO","USA",30000
"Eastern Bluebird","26_MS","USA",25000
"Eastern Bluebird","11_SD","USA",25000
"Eastern Bluebird","17_SD","USA",25000
"Eastern Bluebird","37_LA","USA",25000
"Eastern Bluebird","30_VA","USA",23000
"Eastern Bluebird","30_CT","USA",21000
"Eastern Bluebird","24_OH","USA",21000
"Eastern Bluebird","11_IA","USA",20000
"Eastern Bluebird","17_ND","USA",19000
"Eastern Bluebird","28_SC","USA",18000
"Eastern Bluebird","6_MB","CAN",18000
"Eastern Bluebird","30_DE","USA",17000
"Eastern Bluebird","14_NY","USA",16000
"Eastern Bluebird","28_MD","USA",15000
"Eastern Bluebird","8_QC","CAN",15000
"Eastern Bluebird","34_AZ","USA",12000
"Eastern Bluebird","14_NH","USA",11000
"Eastern Bluebird","22_MN","USA",10000
"Eastern Bluebird","29_NJ","USA",10000
"Eastern Bluebird","30_MA","USA",10000
"Eastern Bluebird","26_TN","USA",9400
"Eastern Bluebird","12_MB","CAN",9400
"Eastern Bluebird","23_IL","USA",9300
"Eastern Bluebird","13_QC","CAN",9000
"Eastern Bluebird","14_NB","CAN",8400
"Eastern Bluebird","14_VT","USA",7600
"Eastern Bluebird","22_MI","USA",7300
"Eastern Bluebird","30_NJ","USA",7000
"Eastern Bluebird","28_NJ","USA",6900
"Eastern Bluebird","14_QC","CAN",6000
"Eastern Bluebird","26_KY","USA",5800
"Eastern Bluebird","30_NH","USA",5500
"Eastern Bluebird","22_WI","USA",5300
"Eastern Bluebird","23_IA","USA",4500
"Eastern Bluebird","30_RI","USA",4400
"Eastern Bluebird","13_VT","USA",4100
"Eastern Bluebird","8_ON","CAN",3800
"Eastern Bluebird","21_KS","USA",3700
"Eastern Bluebird","26_IL","USA",3600
"Eastern Bluebird","11_SK","CAN",3400
"Eastern Bluebird","28_CT","USA",3100
"Eastern Bluebird","28_MA","USA",2400
"Eastern Bluebird","14_MA","USA",2100
"Eastern Bluebird","30_ME","USA",1900
"Eastern Bluebird","30_NY","USA",1600
"Eastern Bluebird","24_KS","USA",1200
"Eastern Bluebird","18_OK","USA",1100
"Eastern Bluebird","18_TX","USA",1000
"Eastern Bluebird","29_DE","USA",810
"Eastern Bluebird","18_CO","USA",800
"Eastern Bluebird","16_NM","USA",780
"Eastern Bluebird","23_OH","USA",620
"Eastern Bluebird","14_CT","USA",600
"Eastern Bluebird","36_TX","USA",500
"Eastern Bluebird","6_SK","CAN",490
"Eastern Bluebird","17_WY","USA",430
"Eastern Bluebird","18_NE","USA",390
"Eastern Bluebird","18_KS","USA",380
"Eastern Bluebird","30_PA","USA",210
"Eastern Bluebird","11_AB","CAN",170
"Eastern Bluebird","17_NE","USA",140
"Eastern Bluebird","37_MS","USA",94
"Eastern Bluebird","19_SD","USA",72
"Eastern Bluebird","30_VT","USA",71
"Eastern Bluebird","18_SD","USA",54
"Eastern Bluebird","29_NY","USA",13
"Western Bluebird","32_CA","USA",1700000
"Western Bluebird","34_AZ","USA",990000
"Western Bluebird","16_NM","USA",820000
"Western Bluebird","16_AZ","USA",510000
"Western Bluebird","16_CO","USA",280000
"Western Bluebird","9_WA","USA",170000
"Western Bluebird","16_UT","USA",130000
"Western Bluebird","35_NM","USA",130000
"Western Bluebird","34_NM","USA",110000
"Western Bluebird","10_OR","USA",100000
"Western Bluebird","5_CA","USA",99000
"Western Bluebird","15_CA","USA",99000
"Western Bluebird","9_CA","USA",93000
"Western Bluebird","10_BC","CAN",77000
"Western Bluebird","18_CO","USA",61000
"Western Bluebird","9_BC","CAN",61000
"Western Bluebird","5_OR","USA",50000
"Western Bluebird","9_OR","USA",32000
"Western Bluebird","10_WA","USA",32000
"Western Bluebird","10_MT","USA",30000
"Western Bluebird","10_ID","USA",16000
"Western Bluebird","35_TX","USA",10000
"Western Bluebird","9_ID","USA",7700
"Western Bluebird","33_CA","USA",4700
"Western Bluebird","10_CO","USA",4400
"Western Bluebird","9_UT","USA",3900
"Western Bluebird","15_NV","USA",2900
"Western Bluebird","35_AZ","USA",1500
"Western Bluebird","17_WY","USA",790
"Western Bluebird","10_AB","CAN",630
"Western Bluebird","5_WA","USA",360
"Mountain Bluebird","16_CO","USA",820000
"Mountain Bluebird","10_MT","USA",520000
"Mountain Bluebird","10_WY","USA",510000
"Mountain Bluebird","9_NV","USA",470000
"Mountain Bluebird","16_UT","USA",400000
"Mountain Bluebird","16_NM","USA",320000
"Mountain Bluebird","9_OR","USA",320000
"Mountain Bluebird","10_BC","CAN",280000
"Mountain Bluebird","17_SD","USA",210000
"Mountain Bluebird","9_ID","USA",180000
"Mountain Bluebird","9_WA","USA",110000
"Mountain Bluebird","10_OR","USA",110000
"Mountain Bluebird","17_MT","USA",110000
"Mountain Bluebird","34_AZ","USA",94000
"Mountain Bluebird","10_ID","USA",88000
"Mountain Bluebird","9_CA","USA",84000
"Mountain Bluebird","11_AB","CAN",80000
"Mountain Bluebird","9_UT","USA",80000
"Mountain Bluebird","10_CO","USA",75000
"Mountain Bluebird","6_AB","CAN",69000
"Mountain Bluebird","10_AB","CAN",66000
"Mountain Bluebird","11_SK","CAN",66000
"Mountain Bluebird","16_AZ","USA",57000
"Mountain Bluebird","17_WY","USA",55000
"Mountain Bluebird","9_BC","CAN",54000
"Mountain Bluebird","6_SK","CAN",45000
"Mountain Bluebird","16_WY","USA",43000
"Mountain Bluebird","15_CA","USA",33000
"Mountain Bluebird","17_ND","USA",33000
"Mountain Bluebird","3_NU","CAN",31000
"Mountain Bluebird","10_WA","USA",30000
"Mountain Bluebird","4_YT","CAN",29000
"Mountain Bluebird","18_CO","USA",18000
"Mountain Bluebird","17_NE","USA",15000
"Mountain Bluebird","10_UT","USA",13000
"Mountain Bluebird","35_NM","USA",12000
"Mountain Bluebird","18_NE","USA",10000
"Mountain Bluebird","11_MB","CAN",8000
"Mountain Bluebird","11_MT","USA",7400
"Mountain Bluebird","3_NT","CAN",6100
"Mountain Bluebird","16_ID","USA",2700
"Mountain Bluebird","4_AK","USA",2500
"Mountain Bluebird","11_ND","USA",2400
"Mountain Bluebird","18_WY","USA",2400
"Mountain Bluebird","18_NM","USA",2000
"Mountain Bluebird","18_SD","USA",1400
"Mountain Bluebird","5_OR","USA",780
"Mountain Bluebird","15_NV","USA",720
"Mountain Bluebird","32_CA","USA",540
"Mountain Bluebird","5_CA","USA",430
"Mountain Bluebird","9_WY","USA",200
"Townsend's Solitaire","10_BC","CAN",120000
"Townsend's Solitaire","9_OR","USA",110000
"Townsend's Solitaire","4_YT","CAN",96000
"Townsend's Solitaire","10_MT","USA",78000
"Townsend's Solitaire","16_CO","USA",61000
"Townsend's Solitaire","17_SD","USA",45000
"Townsend's Solitaire","4_BC","CAN",45000
"Townsend's Solitaire","15_CA","USA",44000
"Townsend's Solitaire","10_OR","USA",41000
"Townsend's Solitaire","9_CA","USA",40000
"Townsend's Solitaire","10_ID","USA",37000
"Townsend's Solitaire","4_AK","USA",35000
"Townsend's Solitaire","3_AK","USA",30000
"Townsend's Solitaire","16_NM","USA",27000
"Townsend's Solitaire","9_BC","CAN",26000
"Townsend's Solitaire","10_AB","CAN",22000
"Townsend's Solitaire","4_NT","CAN",20000
"Townsend's Solitaire","5_AK","USA",20000
"Townsend's Solitaire","10_WA","USA",19000
"Townsend's Solitaire","5_CA","USA",14000
"Townsend's Solitaire","16_UT","USA",13000
"Townsend's Solitaire","9_WA","USA",13000
"Townsend's Solitaire","10_WY","USA",12000
"Townsend's Solitaire","17_WY","USA",12000
"Townsend's Solitaire","5_OR","USA",12000
"Townsend's Solitaire","32_CA","USA",9000
"Townsend's Solitaire","16_WY","USA",8100
"Townsend's Solitaire","34_AZ","USA",7300
"Townsend's Solitaire","9_ID","USA",5500
"Townsend's Solitaire","9_NV","USA",4600
"Townsend's Solitaire","16_AZ","USA",4100
"Townsend's Solitaire","5_BC","CAN",2900
"Townsend's Solitaire","5_WA","USA",2700
"Townsend's Solitaire","35_NM","USA",2600
"Townsend's Solitaire","17_MT","USA",2500
"Townsend's Solitaire","6_AB","CAN",2300
"Townsend's Solitaire","15_NV","USA",1100
"Townsend's Solitaire","5_YT","CAN",620
"Townsend's Solitaire","11_AB","CAN",120
"Townsend's Solitaire","10_CO","USA",100
"Townsend's Solitaire","35_AZ","USA",67
"Townsend's Solitaire","16_ID","USA",58
"Townsend's Solitaire","9_WY","USA",13
"Veery","12_ON","CAN",2100000
"Veery","12_QC","CAN",1200000
"Veery","8_QC","CAN",1200000
"Veery","12_MN","USA",1100000
"Veery","8_ON","CAN",690000
"Veery","14_QC","CAN",380000
"Veery","10_BC","CAN",380000
"Veery","14_NB","CAN",370000
"Veery","14_ME","USA",310000
"Veery","12_WI","USA",290000
"Veery","28_PA","USA",250000
"Veery","12_MI","USA",180000
"Veery","13_ON","CAN",180000
"Veery","23_WI","USA",140000
"Veery","28_NY","USA",140000
"Veery","13_NY","USA",130000
"Veery","9_BC","CAN",130000
"Veery","14_VT","USA",120000
"Veery","10_WA","USA",120000
"Veery","13_QC","CAN",120000
"Veery","10_MT","USA",120000
"Veery","5_BC","CAN",110000
"Veery","14_NH","USA",110000
"Veery","14_NY","USA",110000
"Veery","30_CT","USA",110000
"Veery","6_MB","CAN",100000
"Veery","10_ID","USA",85000
"Veery","23_MN","USA",78000
"Veery","11_MN","USA",76000
"Veery","28_NC","USA",65000
"Veery","9_WA","USA",65000
"Veery","12_MB","CAN",63000
"Veery","14_NS","CAN",62000
"Veery","28_WV","USA",59000
"Veery","14_MA","USA",58000
"Veery","8_MB","CAN",50000
"Veery","9_ID","USA",43000
"Veery","23_MI","USA",34000
"Veery","11_SK","CAN",31000
"Veery","17_WY","USA",27000
"Veery","30_MA","USA",26000
"Veery","11_ND","USA",26000
"Veery","11_MB","CAN",23000
"Veery","28_CT","USA",22000
"Veery","30_NH","USA",20000
"Veery","28_MA","USA",17000
"Veery","6_SK","CAN",17000
"Veery","13_VT","USA",17000
"Veery","28_NJ","USA",13000
"Veery","17_MT","USA",12000
"Veery","10_AB","CAN",12000
"Veery","7_ON","CAN",9500
"Veery","16_CO","USA",9200
"Veery","14_CT","USA",8900
"Veery","11_MT","USA",7300
"Veery","6_AB","CAN",6900
"Veery","13_PA","USA",6200
"Veery","30_RI","USA",4700
"Veery","28_VA","USA",4100
"Veery","28_MD","USA",3500
"Veery","13_OH","USA",3200
"Veery","16_WY","USA",2900
"Veery","30_NY","USA",2800
"Veery","8_NL","CAN",2800
"Veery","10_WY","USA",2700
"Veery","29_NJ","USA",2600
"Veery","29_MD","USA",2500
"Veery","17_SD","USA",2400
"Veery","11_AB","CAN",2200
"Veery","10_OR","USA",1400
"Veery","29_PA","USA",1300
"Veery","30_NJ","USA",1200
"Veery","30_ME","USA",1000
"Veery","14_PE","CAN",700
"Veery","23_IN","USA",620
"Veery","16_NM","USA",600
"Veery","9_OR","USA",420
"Veery","28_TN","USA",380
"Veery","30_VT","USA",250
"Veery","28_OH","USA",220
"Veery","29_NY","USA",110
"Veery","22_OH","USA",110
"Veery","17_NE","USA",90
"Veery","30_PA","USA",62
"Veery","30_DE","USA",31
"Veery","23_OH","USA",11
"Gray-cheeked Thrush","8_MB","CAN",11000000
"Gray-cheeked Thrush","2_AK","USA",11000000
"Gray-cheeked Thrush","4_AK","USA",6700000
"Gray-cheeked Thrush","7_QC","CAN",2600000
"Gray-cheeked Thrush","8_SK","CAN",2400000
"Gray-cheeked Thrush","4_YT","CAN",2100000
"Gray-cheeked Thrush","6_NT","CAN",1200000
"Gray-cheeked Thrush","7_NL","CAN",1100000
"Gray-cheeked Thrush","7_MB","CAN",910000
"Gray-cheeked Thrush","3_NU","CAN",520000
"Gray-cheeked Thrush","4_BC","CAN",490000
"Gray-cheeked Thrush","3_AK","USA",430000
"Gray-cheeked Thrush","5_AK","USA",420000
"Gray-cheeked Thrush","4_NT","CAN",410000
"Gray-cheeked Thrush","7_NT","CAN",280000
"Gray-cheeked Thrush","3_QC","CAN",160000
"Gray-cheeked Thrush","3_NT","CAN",100000
"Gray-cheeked Thrush","8_NL","CAN",54000
"Gray-cheeked Thrush","7_ON","CAN",48000
"Gray-cheeked Thrush","7_SK","CAN",39000
"Gray-cheeked Thrush","5_YT","CAN",16000
"Gray-cheeked Thrush","3_YT","CAN",13000
"Gray-cheeked Thrush","10_AB","CAN",3000
"Gray-cheeked Thrush","3_MB","CAN",1200
"Bicknell's Thrush","12_QC","CAN",NA
"Swainson's Thrush","4_AK","USA",26000000
"Swainson's Thrush","4_YT","CAN",13000000
"Swainson's Thrush","10_BC","CAN",11000000
"Swainson's Thrush","8_QC","CAN",8300000
"Swainson's Thrush","6_NT","CAN",7700000
"Swainson's Thrush","4_BC","CAN",6900000
"Swainson's Thrush","5_BC","CAN",6400000
"Swainson's Thrush","8_ON","CAN",5400000
"Swainson's Thrush","7_NT","CAN",3800000
"Swainson's Thrush","6_AB","CAN",2800000
"Swainson's Thrush","2_AK","USA",2300000
"Swainson's Thrush","7_ON","CAN",2100000
"Swainson's Thrush","12_QC","CAN",2000000
"Swainson's Thrush","8_MB","CAN",1900000
"Swainson's Thrush","5_AK","USA",1800000
"Swainson's Thrush","5_OR","USA",1800000
"Swainson's Thrush","10_ID","USA",1600000
"Swainson's Thrush","7_NL","CAN",1500000
"Swainson's Thrush","5_WA","USA",1400000
"Swainson's Thrush","10_MT","USA",1300000
"Swainson's Thrush","12_ON","CAN",1200000
"Swainson's Thrush","7_SK","CAN",1200000
"Swainson's Thrush","6_BC","CAN",1100000
"Swainson's Thrush","8_NL","CAN",1000000
"Swainson's Thrush","8_SK","CAN",920000
"Swainson's Thrush","6_SK","CAN",790000
"Swainson's Thrush","9_WA","USA",750000
"Swainson's Thrush","10_AB","CAN",710000
"Swainson's Thrush","3_AK","USA",650000
"Swainson's Thrush","14_QC","CAN",650000
"Swainson's Thrush","9_BC","CAN",620000
"Swainson's Thrush","14_NB","CAN",580000
"Swainson's Thrush","6_MB","CAN",440000
"Swainson's Thrush","7_QC","CAN",410000
"Swainson's Thrush","10_WA","USA",340000
"Swainson's Thrush","14_NS","CAN",260000
"Swainson's Thrush","5_CA","USA",260000
"Swainson's Thrush","14_ME","USA",210000
"Swainson's Thrush","17_SD","USA",180000
"Swainson's Thrush","32_CA","USA",160000
"Swainson's Thrush","12_MN","USA",110000
"Swainson's Thrush","10_WY","USA",72000
"Swainson's Thrush","7_MB","CAN",68000
"Swainson's Thrush","10_OR","USA",67000
"Swainson's Thrush","9_ID","USA",51000
"Swainson's Thrush","16_UT","USA",45000
"Swainson's Thrush","16_CO","USA",43000
"Swainson's Thrush","14_NY","USA",41000
"Swainson's Thrush","9_NV","USA",41000
"Swainson's Thrush","14_NH","USA",38000
"Swainson's Thrush","8_AB","CAN",28000
"Swainson's Thrush","12_MI","USA",27000
"Swainson's Thrush","12_MB","CAN",26000
"Swainson's Thrush","6_YT","CAN",18000
"Swainson's Thrush","9_OR","USA",15000
"Swainson's Thrush","11_AB","CAN",11000
"Swainson's Thrush","11_MB","CAN",8600
"Swainson's Thrush","16_WY","USA",8500
"Swainson's Thrush","14_PE","CAN",7200
"Swainson's Thrush","13_ON","CAN",6700
"Swainson's Thrush","17_WY","USA",5000
"Swainson's Thrush","28_PA","USA",3700
"Swainson's Thrush","12_WI","USA",3600
"Swainson's Thrush","16_NM","USA",3300
"Swainson's Thrush","3_YT","CAN",3200
"Swainson's Thrush","13_QC","CAN",2900
"Swainson's Thrush","15_CA","USA",2000
"Swainson's Thrush","14_VT","USA",1800
"Swainson's Thrush","17_MT","USA",920
"Swainson's Thrush","11_MT","USA",700
"Swainson's Thrush","13_NY","USA",650
"Swainson's Thrush","16_ID","USA",600
"Swainson's Thrush","28_NY","USA",560
"Swainson's Thrush","14_MA","USA",300
"Swainson's Thrush","22_IL","USA",130
"Swainson's Thrush","9_WY","USA",100
"Hermit Thrush","7_NT","CAN",19000000
"Hermit Thrush","8_ON","CAN",4100000
"Hermit Thrush","5_AK","USA",4000000
"Hermit Thrush","8_QC","CAN",3400000
"Hermit Thrush","6_NT","CAN",3200000
"Hermit Thrush","7_NU","CAN",3000000
"Hermit Thrush","8_SK","CAN",2600000
"Hermit Thrush","2_AK","USA",2500000
"Hermit Thrush","7_NL","CAN",2400000
"Hermit Thrush","7_QC","CAN",2100000
"Hermit Thrush","7_ON","CAN",2100000
"Hermit Thrush","6_AB","CAN",1900000
"Hermit Thrush","4_BC","CAN",1900000
"Hermit Thrush","4_AK","USA",1800000
"Hermit Thrush","8_MB","CAN",1500000
"Hermit Thrush","4_YT","CAN",1500000
"Hermit Thrush","12_ON","CAN",1300000
"Hermit Thrush","10_BC","CAN",1300000
"Hermit Thrush","12_QC","CAN",1100000
"Hermit Thrush","6_SK","CAN",1100000
"Hermit Thrush","6_BC","CAN",980000
"Hermit Thrush","8_NL","CAN",680000
"Hermit Thrush","16_CO","USA",600000
"Hermit Thrush","12_MI","USA",550000
"Hermit Thrush","5_BC","CAN",490000
"Hermit Thrush","14_NB","CAN",480000
"Hermit Thrush","14_ME","USA",430000
"Hermit Thrush","34_AZ","USA",390000
"Hermit Thrush","14_NS","CAN",390000
"Hermit Thrush","10_OR","USA",380000
"Hermit Thrush","5_OR","USA",360000
"Hermit Thrush","12_MN","USA",330000
"Hermit Thrush","16_AZ","USA",320000
"Hermit Thrush","16_UT","USA",310000
"Hermit Thrush","12_WI","USA",310000
"Hermit Thrush","9_OR","USA",310000
"Hermit Thrush","6_MB","CAN",300000
"Hermit Thrush","5_CA","USA",210000
"Hermit Thrush","16_NM","USA",210000
"Hermit Thrush","14_NY","USA",200000
"Hermit Thrush","14_QC","CAN",190000
"Hermit Thrush","9_WA","USA",150000
"Hermit Thrush","28_PA","USA",130000
"Hermit Thrush","10_AB","CAN",130000
"Hermit Thrush","10_ID","USA",120000
"Hermit Thrush","5_YT","CAN",100000
"Hermit Thrush","10_WY","USA",99000
"Hermit Thrush","15_CA","USA",99000
"Hermit Thrush","5_WA","USA",92000
"Hermit Thrush","3_AK","USA",89000
"Hermit Thrush","12_MB","CAN",88000
"Hermit Thrush","10_WA","USA",74000
"Hermit Thrush","9_BC","CAN",74000
"Hermit Thrush","16_WY","USA",73000
"Hermit Thrush","10_MT","USA",65000
"Hermit Thrush","9_CA","USA",59000
"Hermit Thrush","14_NH","USA",59000
"Hermit Thrush","14_VT","USA",50000
"Hermit Thrush","34_NM","USA",49000
"Hermit Thrush","32_CA","USA",49000
"Hermit Thrush","35_NM","USA",45000
"Hermit Thrush","7_AB","CAN",38000
"Hermit Thrush","9_ID","USA",34000
"Hermit Thrush","13_QC","CAN",33000
"Hermit Thrush","28_NY","USA",30000
"Hermit Thrush","13_NY","USA",27000
"Hermit Thrush","13_ON","CAN",25000
"Hermit Thrush","23_WI","USA",20000
"Hermit Thrush","7_MB","CAN",18000
"Hermit Thrush","14_MA","USA",13000
"Hermit Thrush","9_NV","USA",11000
"Hermit Thrush","1_AK","USA",10000
"Hermit Thrush","9_UT","USA",9100
"Hermit Thrush","11_AB","CAN",7300
"Hermit Thrush","14_PE","CAN",6800
"Hermit Thrush","28_WV","USA",6300
"Hermit Thrush","11_MB","CAN",5900
"Hermit Thrush","11_SK","CAN",5900
"Hermit Thrush","23_MI","USA",3900
"Hermit Thrush","6_YT","CAN",3900
"Hermit Thrush","30_CT","USA",2900
"Hermit Thrush","10_CO","USA",2700
"Hermit Thrush","30_NH","USA",2700
"Hermit Thrush","13_VT","USA",2200
"Hermit Thrush","16_ID","USA",2100
"Hermit Thrush","15_NV","USA",1900
"Hermit Thrush","14_CT","USA",1700
"Hermit Thrush","28_MD","USA",1500
"Hermit Thrush","30_MA","USA",1000
"Hermit Thrush","16_NV","USA",930
"Hermit Thrush","35_AZ","USA",820
"Hermit Thrush","23_MN","USA",650
"Hermit Thrush","35_TX","USA",530
"Hermit Thrush","10_UT","USA",400
"Hermit Thrush","28_CT","USA",300
"Hermit Thrush","13_PA","USA",260
"Hermit Thrush","17_SD","USA",240
"Hermit Thrush","28_MA","USA",240
"Hermit Thrush","30_ME","USA",200
"Hermit Thrush","28_NC","USA",98
"Hermit Thrush","9_WY","USA",76
"Hermit Thrush","28_NJ","USA",36
"Hermit Thrush","30_VT","USA",35
"Wood Thrush","28_WV","USA",1200000
"Wood Thrush","28_PA","USA",860000
"Wood Thrush","27_MS","USA",840000
"Wood Thrush","28_OH","USA",520000
"Wood Thrush","28_KY","USA",470000
"Wood Thrush","28_TN","USA",360000
"Wood Thrush","27_AL","USA",340000
"Wood Thrush","28_VA","USA",330000
"Wood Thrush","29_VA","USA",320000
"Wood Thrush","13_NY","USA",300000
"Wood Thrush","12_ON","CAN",260000
"Wood Thrush","28_AL","USA",250000
"Wood Thrush","29_NC","USA",250000
"Wood Thrush","24_KY","USA",240000
"Wood Thrush","24_MO","USA",230000
"Wood Thrush","29_GA","USA",220000
"Wood Thrush","24_IN","USA",220000
"Wood Thrush","25_LA","USA",210000
"Wood Thrush","24_TN","USA",210000
"Wood Thrush","28_NY","USA",200000
"Wood Thrush","27_NC","USA",190000
"Wood Thrush","13_ON","CAN",180000
"Wood Thrush","28_NC","USA",150000
"Wood Thrush","25_AR","USA",150000
"Wood Thrush","27_GA","USA",140000
"Wood Thrush","22_OH","USA",140000
"Wood Thrush","30_MD","USA",130000
"Wood Thrush","23_MI","USA",130000
"Wood Thrush","29_SC","USA",130000
"Wood Thrush","27_VA","USA",120000
"Wood Thrush","12_MI","USA",120000
"Wood Thrush","14_NY","USA",110000
"Wood Thrush","23_WI","USA",110000
"Wood Thrush","25_TX","USA",100000
"Wood Thrush","27_TN","USA",100000
"Wood Thrush","30_CT","USA",94000
"Wood Thrush","14_ME","USA",93000
"Wood Thrush","29_MD","USA",92000
"Wood Thrush","28_GA","USA",90000
"Wood Thrush","29_PA","USA",85000
"Wood Thrush","13_OH","USA",75000
"Wood Thrush","27_SC","USA",75000
"Wood Thrush","12_WI","USA",75000
"Wood Thrush","22_MO","USA",75000
"Wood Thrush","29_AL","USA",70000
"Wood Thrush","22_IN","USA",69000
"Wood Thrush","13_PA","USA",68000
"Wood Thrush","12_MN","USA",67000
"Wood Thrush","22_IL","USA",64000
"Wood Thrush","14_VT","USA",63000
"Wood Thrush","14_NH","USA",61000
"Wood Thrush","24_IL","USA",58000
"Wood Thrush","27_FL","USA",56000
"Wood Thrush","28_MD","USA",55000
"Wood Thrush","14_MA","USA",54000
"Wood Thrush","27_LA","USA",51000
"Wood Thrush","30_NJ","USA",51000
"Wood Thrush","30_MA","USA",47000
"Wood Thrush","12_QC","CAN",46000
"Wood Thrush","26_LA","USA",45000
"Wood Thrush","25_OK","USA",44000
"Wood Thrush","28_NJ","USA",43000
"Wood Thrush","24_AR","USA",41000
"Wood Thrush","23_MN","USA",39000
"Wood Thrush","13_VT","USA",39000
"Wood Thrush","24_AL","USA",36000
"Wood Thrush","24_OH","USA",35000
"Wood Thrush","30_DE","USA",33000
"Wood Thrush","29_NJ","USA",29000
"Wood Thrush","14_QC","CAN",25000
"Wood Thrush","30_NH","USA",25000
"Wood Thrush","30_RI","USA",20000
"Wood Thrush","28_SC","USA",20000
"Wood Thrush","26_AR","USA",19000
"Wood Thrush","26_MS","USA",18000
"Wood Thrush","27_KY","USA",15000
"Wood Thrush","23_IN","USA",14000
"Wood Thrush","13_QC","CAN",12000
"Wood Thrush","28_CT","USA",11000
"Wood Thrush","22_IA","USA",10000
"Wood Thrush","28_MA","USA",8500
"Wood Thrush","26_MO","USA",8100
"Wood Thrush","14_CT","USA",7800
"Wood Thrush","30_NY","USA",5800
"Wood Thrush","26_KY","USA",5700
"Wood Thrush","26_TN","USA",5600
"Wood Thrush","30_VA","USA",5500
"Wood Thrush","22_KS","USA",5000
"Wood Thrush","22_MI","USA",4700
"Wood Thrush","8_ON","CAN",4700
"Wood Thrush","14_NS","CAN",4100
"Wood Thrush","26_IL","USA",3500
"Wood Thrush","23_IL","USA",2800
"Wood Thrush","30_ME","USA",2800
"Wood Thrush","19_KS","USA",2700
"Wood Thrush","14_NB","CAN",2500
"Wood Thrush","24_OK","USA",2200
"Wood Thrush","29_DE","USA",1600
"Wood Thrush","30_PA","USA",1600
"Wood Thrush","22_MN","USA",1500
"Wood Thrush","37_LA","USA",1500
"Wood Thrush","29_NY","USA",1200
"Wood Thrush","22_NE","USA",1100
"Wood Thrush","19_NE","USA",800
"Wood Thrush","19_OK","USA",730
"Wood Thrush","11_IA","USA",680
"Wood Thrush","22_WI","USA",660
"Wood Thrush","11_MN","USA",590
"Wood Thrush","6_MB","CAN",350
"Wood Thrush","30_VT","USA",320
"Wood Thrush","22_OK","USA",310
"Wood Thrush","23_OH","USA",110
"Wood Thrush","24_KS","USA",31
"American Robin","4_AK","USA",18000000
"American Robin","10_BC","CAN",16000000
"American Robin","7_QC","CAN",15000000
"American Robin","5_BC","CAN",12000000
"American Robin","22_IL","USA",10000000
"American Robin","8_QC","CAN",10000000
"American Robin","6_AB","CAN",10000000
"American Robin","4_YT","CAN",9300000
"American Robin","6_NT","CAN",8300000
"American Robin","22_IA","USA",7300000
"American Robin","2_AK","USA",7300000
"American Robin","8_ON","CAN",7000000
"American Robin","7_NT","CAN",6700000
"American Robin","8_NL","CAN",6300000
"American Robin","28_PA","USA",5900000
"American Robin","23_WI","USA",5700000
"American Robin","16_CO","USA",4900000
"American Robin","13_ON","CAN",4800000
"American Robin","12_ON","CAN",4800000
"American Robin","22_OH","USA",4700000
"American Robin","10_MT","USA",4700000
"American Robin","22_IN","USA",4300000
"American Robin","12_QC","CAN",4000000
"American Robin","7_MB","CAN",3900000
"American Robin","7_NL","CAN",3800000
"American Robin","23_MI","USA",3800000
"American Robin","8_MB","CAN",3800000
"American Robin","5_AK","USA",3700000
"American Robin","19_NE","USA",3700000
"American Robin","14_QC","CAN",3600000
"American Robin","9_WA","USA",3500000
"American Robin","6_BC","CAN",3400000
"American Robin","24_KY","USA",3400000
"American Robin","13_NY","USA",3400000
"American Robin","12_MI","USA",3300000
"American Robin","14_NB","CAN",3200000
"American Robin","28_WV","USA",3100000
"American Robin","22_MO","USA",3100000
"American Robin","5_WA","USA",3000000
"American Robin","3_NU","CAN",3000000
"American Robin","10_ID","USA",2800000
"American Robin","11_SK","CAN",2800000
"American Robin","4_BC","CAN",2700000
"American Robin","9_ID","USA",2600000
"American Robin","14_NS","CAN",2400000
"American Robin","6_SK","CAN",2400000
"American Robin","16_UT","USA",2400000
"American Robin","14_ME","USA",2300000
"American Robin","10_WY","USA",2300000
"American Robin","7_ON","CAN",2300000
"American Robin","11_MN","USA",2200000
"American Robin","9_BC","CAN",2200000
"American Robin","11_IA","USA",2200000
"American Robin","3_AK","USA",2200000
"American Robin","11_ND","USA",2200000
"American Robin","11_AB","CAN",2200000
"American Robin","23_MN","USA",2100000
"American Robin","10_OR","USA",2000000
"American Robin","24_IN","USA",2000000
"American Robin","17_SD","USA",2000000
"American Robin","5_OR","USA",2000000
"American Robin","12_MN","USA",2000000
"American Robin","11_SD","USA",2000000
"American Robin","19_KS","USA",1900000
"American Robin","9_OR","USA",1800000
"American Robin","17_MT","USA",1800000
"American Robin","28_NY","USA",1700000
"American Robin","13_OH","USA",1700000
"American Robin","12_WI","USA",1700000
"American Robin","16_NM","USA",1700000
"American Robin","9_NV","USA",1700000
"American Robin","22_NE","USA",1600000
"American Robin","6_MB","CAN",1600000
"American Robin","28_VA","USA",1500000
"American Robin","28_OH","USA",1400000
"American Robin","13_QC","CAN",1400000
"American Robin","32_CA","USA",1400000
"American Robin","24_MO","USA",1300000
"American Robin","29_PA","USA",1300000
"American Robin","11_MB","CAN",1200000
"American Robin","8_SK","CAN",1100000
"American Robin","28_TN","USA",1100000
"American Robin","10_AB","CAN",1100000
"American Robin","15_CA","USA",1100000
"American Robin","10_WA","USA",1100000
"American Robin","29_NC","USA",1000000
"American Robin","23_IN","USA",1000000
"American Robin","7_SK","CAN",950000
"American Robin","17_ND","USA",950000
"American Robin","14_NY","USA",920000
"American Robin","34_AZ","USA",910000
"American Robin","30_NJ","USA",900000
"American Robin","3_QC","CAN",900000
"American Robin","16_AZ","USA",860000
"American Robin","28_KY","USA",850000
"American Robin","11_NE","USA",810000
"American Robin","30_MA","USA",790000
"American Robin","24_TN","USA",780000
"American Robin","18_CO","USA",760000
"American Robin","22_KS","USA",750000
"American Robin","9_CA","USA",670000
"American Robin","27_NC","USA",650000
"American Robin","13_PA","USA",630000
"American Robin","14_VT","USA",620000
"American Robin","11_MT","USA",620000
"American Robin","17_WY","USA",620000
"American Robin","18_NE","USA",610000
"American Robin","14_NH","USA",610000
"American Robin","30_MD","USA",600000
"American Robin","22_MN","USA",600000
"American Robin","5_CA","USA",590000
"American Robin","3_NT","CAN",580000
"American Robin","29_VA","USA",550000
"American Robin","29_GA","USA",530000
"American Robin","30_CT","USA",530000
"American Robin","24_IL","USA",510000
"American Robin","28_NC","USA",430000
"American Robin","14_PE","CAN",430000
"American Robin","6_YT","CAN",410000
"American Robin","26_MO","USA",390000
"American Robin","29_MD","USA",380000
"American Robin","28_AL","USA",370000
"American Robin","9_UT","USA",370000
"American Robin","24_AR","USA",370000
"American Robin","27_TN","USA",360000
"American Robin","30_NY","USA",350000
"American Robin","22_MI","USA",350000
"American Robin","16_WY","USA",340000
"American Robin","35_NM","USA",330000
"American Robin","28_GA","USA",320000
"American Robin","26_AR","USA",290000
"American Robin","30_DE","USA",290000
"American Robin","27_VA","USA",280000
"American Robin","29_SC","USA",260000
"American Robin","25_AR","USA",250000
"American Robin","23_IA","USA",220000
"American Robin","13_VT","USA",220000
"American Robin","28_MD","USA",220000
"American Robin","27_KY","USA",220000
"American Robin","23_IL","USA",210000
"American Robin","29_NJ","USA",210000
"American Robin","12_MB","CAN",210000
"American Robin","18_WY","USA",200000
"American Robin","14_MA","USA",190000
"American Robin","3_YT","CAN",180000
"American Robin","30_RI","USA",170000
"American Robin","34_NM","USA",160000
"American Robin","18_KS","USA",150000
"American Robin","28_NJ","USA",150000
"American Robin","10_CO","USA",150000
"American Robin","22_OK","USA",140000
"American Robin","30_NH","USA",140000
"American Robin","27_MS","USA",130000
"American Robin","25_OK","USA",120000
"American Robin","18_TX","USA",110000
"American Robin","27_AL","USA",110000
"American Robin","21_OK","USA",110000
"American Robin","24_AL","USA",110000
"American Robin","10_UT","USA",110000
"American Robin","8_AB","CAN",100000
"American Robin","17_NE","USA",94000
"American Robin","5_YT","CAN",93000
"American Robin","26_MS","USA",90000
"American Robin","22_WI","USA",87000
"American Robin","24_OH","USA",83000
"American Robin","27_SC","USA",74000
"American Robin","21_TX","USA",69000
"American Robin","24_OK","USA",63000
"American Robin","26_TN","USA",62000
"American Robin","30_VA","USA",60000
"American Robin","19_OK","USA",58000
"American Robin","30_ME","USA",52000
"American Robin","25_LA","USA",48000
"American Robin","25_TX","USA",47000
"American Robin","18_SD","USA",42000
"American Robin","14_CT","USA",38000
"American Robin","19_SD","USA",35000
"American Robin","29_AL","USA",35000
"American Robin","27_GA","USA",33000
"American Robin","18_NM","USA",32000
"American Robin","19_TX","USA",28000
"American Robin","30_PA","USA",27000
"American Robin","35_TX","USA",27000
"American Robin","26_KY","USA",25000
"American Robin","29_DE","USA",24000
"American Robin","28_CT","USA",24000
"American Robin","15_NV","USA",21000
"American Robin","33_CA","USA",20000
"American Robin","28_MA","USA",19000
"American Robin","16_ID","USA",16000
"American Robin","26_LA","USA",16000
"American Robin","26_IL","USA",15000
"American Robin","33_NV","USA",14000
"American Robin","28_SC","USA",14000
"American Robin","29_NY","USA",9000
"American Robin","23_OH","USA",8500
"American Robin","35_AZ","USA",8500
"American Robin","3_MB","CAN",6700
"American Robin","18_OK","USA",6000
"American Robin","9_WY","USA",2900
"American Robin","16_NV","USA",2500
"American Robin","30_VT","USA",1800
"American Robin","37_TX","USA",1800
"American Robin","27_FL","USA",1700
"American Robin","24_KS","USA",880
"American Robin","21_KS","USA",650
"American Robin","20_TX","USA",380
"American Robin","33_UT","USA",240
"American Robin","31_FL","USA",190
"Varied Thrush","4_AK","USA",9200000
"Varied Thrush","5_AK","USA",7100000
"Varied Thrush","2_AK","USA",6100000
"Varied Thrush","5_BC","CAN",3200000
"Varied Thrush","10_BC","CAN",2200000
"Varied Thrush","4_BC","CAN",1900000
"Varied Thrush","4_YT","CAN",1600000
"Varied Thrush","5_WA","USA",500000
"Varied Thrush","10_AB","CAN",460000
"Varied Thrush","10_ID","USA",450000
"Varied Thrush","3_AK","USA",450000
"Varied Thrush","5_OR","USA",370000
"Varied Thrush","9_WA","USA",220000
"Varied Thrush","5_YT","CAN",180000
"Varied Thrush","6_BC","CAN",140000
"Varied Thrush","9_BC","CAN",120000
"Varied Thrush","6_AB","CAN",85000
"Varied Thrush","6_YT","CAN",70000
"Varied Thrush","3_YT","CAN",68000
"Varied Thrush","10_MT","USA",53000
"Varied Thrush","6_NT","CAN",37000
"Varied Thrush","5_CA","USA",32000
"Varied Thrush","10_WA","USA",16000
"Varied Thrush","32_CA","USA",2600
"Varied Thrush","9_OR","USA",750
"Varied Thrush","3_NU","CAN",430
"Varied Thrush","15_CA","USA",230
"Varied Thrush","3_NT","CAN",85
"Gray Catbird","28_PA","USA",2700000
"Gray Catbird","23_WI","USA",1400000
"Gray Catbird","13_NY","USA",1200000
"Gray Catbird","22_IA","USA",1200000
"Gray Catbird","28_WV","USA",1100000
"Gray Catbird","23_MI","USA",800000
"Gray Catbird","28_NY","USA",780000
"Gray Catbird","22_IL","USA",730000
"Gray Catbird","11_SK","CAN",680000
"Gray Catbird","22_MO","USA",650000
"Gray Catbird","29_PA","USA",630000
"Gray Catbird","30_CT","USA",550000
"Gray Catbird","30_MA","USA",540000
"Gray Catbird","23_MN","USA",540000
"Gray Catbird","28_OH","USA",530000
"Gray Catbird","13_ON","CAN",510000
"Gray Catbird","11_MB","CAN",510000
"Gray Catbird","22_OH","USA",470000
"Gray Catbird","10_MT","USA",430000
"Gray Catbird","12_MN","USA",420000
"Gray Catbird","10_BC","CAN",380000
"Gray Catbird","6_MB","CAN",380000
"Gray Catbird","13_OH","USA",370000
"Gray Catbird","29_MD","USA",360000
"Gray Catbird","30_NJ","USA",360000
"Gray Catbird","28_VA","USA",360000
"Gray Catbird","22_IN","USA",360000
"Gray Catbird","14_ME","USA",330000
"Gray Catbird","11_ND","USA",300000
"Gray Catbird","11_MN","USA",300000
"Gray Catbird","29_VA","USA",280000
"Gray Catbird","17_MT","USA",280000
"Gray Catbird","12_MI","USA",260000
"Gray Catbird","12_WI","USA",250000
"Gray Catbird","19_NE","USA",250000
"Gray Catbird","27_NC","USA",250000
"Gray Catbird","12_ON","CAN",240000
"Gray Catbird","13_PA","USA",230000
"Gray Catbird","19_KS","USA",210000
"Gray Catbird","24_KY","USA",200000
"Gray Catbird","29_NJ","USA",200000
"Gray Catbird","24_IN","USA",200000
"Gray Catbird","28_NC","USA",180000
"Gray Catbird","28_NJ","USA",170000
"Gray Catbird","10_WA","USA",170000
"Gray Catbird","23_IN","USA",170000
"Gray Catbird","9_BC","CAN",160000
"Gray Catbird","30_NY","USA",160000
"Gray Catbird","14_NH","USA",160000
"Gray Catbird","29_GA","USA",150000
"Gray Catbird","24_MO","USA",130000
"Gray Catbird","14_VT","USA",130000
"Gray Catbird","9_WA","USA",130000
"Gray Catbird","10_WY","USA",130000
"Gray Catbird","27_MS","USA",130000
"Gray Catbird","9_ID","USA",120000
"Gray Catbird","27_GA","USA",120000
"Gray Catbird","14_NB","CAN",120000
"Gray Catbird","14_NY","USA",120000
"Gray Catbird","10_ID","USA",120000
"Gray Catbird","28_MD","USA",110000
"Gray Catbird","30_MD","USA",110000
"Gray Catbird","28_TN","USA",110000
"Gray Catbird","30_NH","USA",110000
"Gray Catbird","28_KY","USA",110000
"Gray Catbird","30_RI","USA",110000
"Gray Catbird","22_NE","USA",100000
"Gray Catbird","12_QC","CAN",98000
"Gray Catbird","23_IA","USA",92000
"Gray Catbird","22_KS","USA",90000
"Gray Catbird","29_NC","USA",86000
"Gray Catbird","11_IA","USA",86000
"Gray Catbird","11_AB","CAN",86000
"Gray Catbird","6_AB","CAN",84000
"Gray Catbird","22_MN","USA",83000
"Gray Catbird","13_QC","CAN",79000
"Gray Catbird","16_CO","USA",77000
"Gray Catbird","14_QC","CAN",75000
"Gray Catbird","17_ND","USA",73000
"Gray Catbird","6_SK","CAN",73000
"Gray Catbird","14_MA","USA",71000
"Gray Catbird","28_GA","USA",68000
"Gray Catbird","17_WY","USA",67000
"Gray Catbird","28_CT","USA",64000
"Gray Catbird","13_VT","USA",62000
"Gray Catbird","28_AL","USA",58000
"Gray Catbird","27_AL","USA",57000
"Gray Catbird","29_SC","USA",52000
"Gray Catbird","28_MA","USA",50000
"Gray Catbird","14_NS","CAN",50000
"Gray Catbird","27_VA","USA",49000
"Gray Catbird","24_TN","USA",47000
"Gray Catbird","16_UT","USA",47000
"Gray Catbird","11_NE","USA",46000
"Gray Catbird","30_DE","USA",41000
"Gray Catbird","11_MT","USA",41000
"Gray Catbird","25_AR","USA",35000
"Gray Catbird","23_IL","USA",35000
"Gray Catbird","30_ME","USA",31000
"Gray Catbird","11_SD","USA",31000
"Gray Catbird","22_MI","USA",30000
"Gray Catbird","8_QC","CAN",30000
"Gray Catbird","10_AB","CAN",27000
"Gray Catbird","24_IL","USA",26000
"Gray Catbird","27_SC","USA",26000
"Gray Catbird","12_MB","CAN",24000
"Gray Catbird","26_LA","USA",24000
"Gray Catbird","16_NM","USA",23000
"Gray Catbird","17_SD","USA",21000
"Gray Catbird","14_CT","USA",20000
"Gray Catbird","29_AL","USA",19000
"Gray Catbird","25_OK","USA",19000
"Gray Catbird","25_LA","USA",17000
"Gray Catbird","22_WI","USA",16000
"Gray Catbird","24_AR","USA",16000
"Gray Catbird","24_OH","USA",14000
"Gray Catbird","8_NL","CAN",12000
"Gray Catbird","27_LA","USA",12000
"Gray Catbird","25_TX","USA",12000
"Gray Catbird","29_DE","USA",12000
"Gray Catbird","30_PA","USA",11000
"Gray Catbird","8_ON","CAN",10000
"Gray Catbird","27_TN","USA",9500
"Gray Catbird","22_OK","USA",9000
"Gray Catbird","29_NY","USA",8500
"Gray Catbird","9_OR","USA",8000
"Gray Catbird","10_OR","USA",7300
"Gray Catbird","16_WY","USA",7000
"Gray Catbird","26_MS","USA",6500
"Gray Catbird","27_FL","USA",5600
"Gray Catbird","28_SC","USA",5200
"Gray Catbird","21_OK","USA",3900
"Gray Catbird","37_LA","USA",3800
"Gray Catbird","30_VA","USA",3300
"Gray Catbird","8_MB","CAN",3300
"Gray Catbird","24_AL","USA",3100
"Gray Catbird","14_PE","CAN",3000
"Gray Catbird","37_TX","USA",2800
"Gray Catbird","19_SD","USA",2400
"Gray Catbird","27_KY","USA",2400
"Gray Catbird","26_MO","USA",2400
"Gray Catbird","26_AR","USA",2200
"Gray Catbird","31_FL","USA",1900
"Gray Catbird","10_UT","USA",1800
"Gray Catbird","5_BC","CAN",1600
"Gray Catbird","19_OK","USA",1400
"Gray Catbird","23_OH","USA",1400
"Gray Catbird","30_VT","USA",1400
"Gray Catbird","35_NM","USA",1300
"Gray Catbird","17_NE","USA",1000
"Gray Catbird","26_KY","USA",1000
"Gray Catbird","24_OK","USA",850
"Gray Catbird","26_TN","USA",670
"Gray Catbird","18_WY","USA",620
"Gray Catbird","18_NE","USA",620
"Gray Catbird","26_IL","USA",620
"Gray Catbird","16_ID","USA",590
"Gray Catbird","21_TX","USA",430
"Gray Catbird","18_CO","USA",340
"Gray Catbird","10_CO","USA",270
"Gray Catbird","9_WY","USA",150
"Gray Catbird","18_SD","USA",43
"Gray Catbird","21_KS","USA",24
"Gray Catbird","24_KS","USA",12
"Curve-billed Thrasher","33_AZ","USA",360000
"Curve-billed Thrasher","34_AZ","USA",160000
"Curve-billed Thrasher","36_TX","USA",140000
"Curve-billed Thrasher","35_TX","USA",110000
"Curve-billed Thrasher","18_TX","USA",61000
"Curve-billed Thrasher","18_NM","USA",55000
"Curve-billed Thrasher","35_NM","USA",55000
"Curve-billed Thrasher","16_NM","USA",37000
"Curve-billed Thrasher","37_TX","USA",10000
"Curve-billed Thrasher","19_TX","USA",9800
"Curve-billed Thrasher","18_CO","USA",8100
"Curve-billed Thrasher","21_TX","USA",6100
"Curve-billed Thrasher","20_TX","USA",5900
"Curve-billed Thrasher","34_NM","USA",4400
"Curve-billed Thrasher","16_AZ","USA",2300
"Curve-billed Thrasher","18_OK","USA",1700
"Curve-billed Thrasher","19_KS","USA",380
"Curve-billed Thrasher","35_AZ","USA",15
"Brown Thrasher","19_NE","USA",370000
"Brown Thrasher","19_KS","USA",370000
"Brown Thrasher","22_IA","USA",270000
"Brown Thrasher","27_GA","USA",220000
"Brown Thrasher","22_MO","USA",220000
"Brown Thrasher","27_MS","USA",200000
"Brown Thrasher","27_FL","USA",180000
"Brown Thrasher","22_IL","USA",170000
"Brown Thrasher","27_NC","USA",160000
"Brown Thrasher","27_AL","USA",150000
"Brown Thrasher","24_KY","USA",150000
"Brown Thrasher","22_KS","USA",140000
"Brown Thrasher","29_GA","USA",140000
"Brown Thrasher","11_SK","CAN",130000
"Brown Thrasher","27_SC","USA",130000
"Brown Thrasher","28_AL","USA",110000
"Brown Thrasher","11_ND","USA",100000
"Brown Thrasher","24_MO","USA",100000
"Brown Thrasher","11_SD","USA",100000
"Brown Thrasher","23_WI","USA",100000
"Brown Thrasher","13_ON","CAN",97000
"Brown Thrasher","29_NC","USA",92000
"Brown Thrasher","29_SC","USA",77000
"Brown Thrasher","28_WV","USA",75000
"Brown Thrasher","24_TN","USA",74000
"Brown Thrasher","25_AR","USA",74000
"Brown Thrasher","11_MN","USA",71000
"Brown Thrasher","22_NE","USA",70000
"Brown Thrasher","17_SD","USA",66000
"Brown Thrasher","28_PA","USA",64000
"Brown Thrasher","29_VA","USA",63000
"Brown Thrasher","19_OK","USA",63000
"Brown Thrasher","17_MT","USA",61000
"Brown Thrasher","12_ON","CAN",59000
"Brown Thrasher","12_MI","USA",56000
"Brown Thrasher","28_TN","USA",55000
"Brown Thrasher","17_ND","USA",54000
"Brown Thrasher","28_KY","USA",52000
"Brown Thrasher","24_IN","USA",51000
"Brown Thrasher","28_GA","USA",49000
"Brown Thrasher","11_IA","USA",49000
"Brown Thrasher","11_NE","USA",48000
"Brown Thrasher","31_FL","USA",47000
"Brown Thrasher","24_AR","USA",46000
"Brown Thrasher","22_IN","USA",45000
"Brown Thrasher","27_TN","USA",43000
"Brown Thrasher","11_MB","CAN",43000
"Brown Thrasher","28_VA","USA",43000
"Brown Thrasher","22_OH","USA",43000
"Brown Thrasher","26_LA","USA",40000
"Brown Thrasher","27_VA","USA",39000
"Brown Thrasher","28_OH","USA",39000
"Brown Thrasher","23_MN","USA",38000
"Brown Thrasher","12_QC","CAN",36000
"Brown Thrasher","25_LA","USA",36000
"Brown Thrasher","24_IL","USA",33000
"Brown Thrasher","18_NE","USA",32000
"Brown Thrasher","21_OK","USA",27000
"Brown Thrasher","23_MI","USA",26000
"Brown Thrasher","22_OK","USA",26000
"Brown Thrasher","27_LA","USA",25000
"Brown Thrasher","24_AL","USA",24000
"Brown Thrasher","11_AB","CAN",24000
"Brown Thrasher","18_CO","USA",24000
"Brown Thrasher","12_WI","USA",22000
"Brown Thrasher","25_OK","USA",22000
"Brown Thrasher","26_AR","USA",21000
"Brown Thrasher","25_TX","USA",20000
"Brown Thrasher","29_AL","USA",19000
"Brown Thrasher","30_MD","USA",19000
"Brown Thrasher","11_MT","USA",19000
"Brown Thrasher","28_NC","USA",18000
"Brown Thrasher","6_MB","CAN",18000
"Brown Thrasher","13_NY","USA",17000
"Brown Thrasher","26_MS","USA",17000
"Brown Thrasher","28_NY","USA",16000
"Brown Thrasher","22_MN","USA",15000
"Brown Thrasher","13_OH","USA",14000
"Brown Thrasher","37_LA","USA",13000
"Brown Thrasher","23_IN","USA",13000
"Brown Thrasher","12_MN","USA",12000
"Brown Thrasher","26_MO","USA",12000
"Brown Thrasher","18_KS","USA",11000
"Brown Thrasher","23_IA","USA",8200
"Brown Thrasher","27_KY","USA",7900
"Brown Thrasher","13_QC","CAN",7700
"Brown Thrasher","14_QC","CAN",7200
"Brown Thrasher","3_NU","CAN",7200
"Brown Thrasher","29_MD","USA",7100
"Brown Thrasher","10_MT","USA",6700
"Brown Thrasher","30_NJ","USA",6600
"Brown Thrasher","14_ME","USA",6000
"Brown Thrasher","29_PA","USA",5800
"Brown Thrasher","24_OK","USA",5700
"Brown Thrasher","24_OH","USA",5400
"Brown Thrasher","28_MD","USA",4900
"Brown Thrasher","23_IL","USA",4700
"Brown Thrasher","19_SD","USA",3600
"Brown Thrasher","13_PA","USA",3400
"Brown Thrasher","26_TN","USA",3300
"Brown Thrasher","17_NE","USA",3100
"Brown Thrasher","18_TX","USA",3100
"Brown Thrasher","30_VA","USA",3000
"Brown Thrasher","30_DE","USA",2900
"Brown Thrasher","17_WY","USA",2600
"Brown Thrasher","8_QC","CAN",2500
"Brown Thrasher","18_SD","USA",2200
"Brown Thrasher","14_NY","USA",2100
"Brown Thrasher","21_TX","USA",2100
"Brown Thrasher","22_MI","USA",2000
"Brown Thrasher","18_WY","USA",1800
"Brown Thrasher","7_ON","CAN",1700
"Brown Thrasher","19_TX","USA",1600
"Brown Thrasher","3_NT","CAN",1400
"Brown Thrasher","28_SC","USA",1300
"Brown Thrasher","14_NB","CAN",1200
"Brown Thrasher","30_NY","USA",1200
"Brown Thrasher","37_TX","USA",1200
"Brown Thrasher","12_MB","CAN",1100
"Brown Thrasher","30_MA","USA",1000
"Brown Thrasher","22_WI","USA",990
"Brown Thrasher","14_NH","USA",940
"Brown Thrasher","14_VT","USA",890
"Brown Thrasher","13_VT","USA",840
"Brown Thrasher","26_KY","USA",800
"Brown Thrasher","29_NJ","USA",730
"Brown Thrasher","26_IL","USA",490
"Brown Thrasher","28_NJ","USA",480
"Brown Thrasher","8_ON","CAN",440
"Brown Thrasher","30_CT","USA",290
"Brown Thrasher","6_SK","CAN",220
"Brown Thrasher","30_PA","USA",200
"Brown Thrasher","16_CO","USA",190
"Brown Thrasher","18_OK","USA",170
"Brown Thrasher","28_CT","USA",160
"Brown Thrasher","14_MA","USA",160
"Brown Thrasher","21_KS","USA",160
"Brown Thrasher","20_TX","USA",150
"Brown Thrasher","16_WY","USA",150
"Brown Thrasher","10_WY","USA",150
"Brown Thrasher","28_MA","USA",130
"Brown Thrasher","29_DE","USA",110
"Brown Thrasher","23_OH","USA",100
"Brown Thrasher","24_KS","USA",80
"Brown Thrasher","37_MS","USA",50
"Brown Thrasher","30_ME","USA",41
"Brown Thrasher","30_NH","USA",37
"Brown Thrasher","29_NY","USA",31
"Brown Thrasher","30_VT","USA",1
"Long-billed Thrasher","36_TX","USA",50000
"Long-billed Thrasher","37_TX","USA",20000
"Long-billed Thrasher","21_TX","USA",19000
"Long-billed Thrasher","20_TX","USA",3500
"Long-billed Thrasher","35_TX","USA",3400
"Bendire's Thrasher","33_AZ","USA",28000
"Bendire's Thrasher","16_AZ","USA",9100
"Bendire's Thrasher","16_NM","USA",4400
"Bendire's Thrasher","33_CA","USA",4400
"Bendire's Thrasher","34_AZ","USA",2400
"Bendire's Thrasher","33_NV","USA",2300
"Bendire's Thrasher","9_NV","USA",2000
"Bendire's Thrasher","34_NM","USA",1600
"Bendire's Thrasher","18_NM","USA",1200
"Bendire's Thrasher","16_UT","USA",730
"Bendire's Thrasher","9_UT","USA",140
"Bendire's Thrasher","33_UT","USA",37
"Bendire's Thrasher","16_NV","USA",26
"California Thrasher","32_CA","USA",140000
"California Thrasher","33_CA","USA",6000
"California Thrasher","15_CA","USA",3100
"California Thrasher","5_CA","USA",910
"California Thrasher","9_CA","USA",260
"LeConte's Thrasher","33_CA","USA",37000
"LeConte's Thrasher","33_AZ","USA",6000
"LeConte's Thrasher","33_NV","USA",2200
"LeConte's Thrasher","33_UT","USA",29
"Crissal Thrasher","34_AZ","USA",28000
"Crissal Thrasher","33_AZ","USA",23000
"Crissal Thrasher","35_NM","USA",12000
"Crissal Thrasher","16_AZ","USA",7800
"Crissal Thrasher","35_TX","USA",6500
"Crissal Thrasher","33_NV","USA",1400
"Crissal Thrasher","9_NV","USA",1400
"Crissal Thrasher","33_CA","USA",1100
"Crissal Thrasher","16_UT","USA",430
"Crissal Thrasher","34_NM","USA",260
"Crissal Thrasher","35_AZ","USA",210
"Crissal Thrasher","16_NV","USA",45
"Crissal Thrasher","33_UT","USA",13
"Sage Thrasher","9_NV","USA",2300000
"Sage Thrasher","10_WY","USA",1500000
"Sage Thrasher","9_OR","USA",760000
"Sage Thrasher","9_ID","USA",450000
"Sage Thrasher","9_UT","USA",290000
"Sage Thrasher","16_CO","USA",250000
"Sage Thrasher","9_CA","USA",220000
"Sage Thrasher","16_UT","USA",160000
"Sage Thrasher","10_CO","USA",120000
"Sage Thrasher","10_MT","USA",72000
"Sage Thrasher","9_WA","USA",69000
"Sage Thrasher","10_ID","USA",41000
"Sage Thrasher","17_WY","USA",38000
"Sage Thrasher","16_NM","USA",37000
"Sage Thrasher","16_AZ","USA",23000
"Sage Thrasher","10_OR","USA",21000
"Sage Thrasher","17_MT","USA",14000
"Sage Thrasher","10_UT","USA",11000
"Sage Thrasher","16_WY","USA",9900
"Sage Thrasher","15_CA","USA",5000
"Sage Thrasher","11_MT","USA",1900
"Sage Thrasher","16_ID","USA",1100
"Sage Thrasher","18_CO","USA",930
"Sage Thrasher","9_WY","USA",550
"Sage Thrasher","18_NM","USA",260
"Sage Thrasher","18_NE","USA",210
"Sage Thrasher","15_NV","USA",180
"Sage Thrasher","9_BC","CAN",120
"Sage Thrasher","16_NV","USA",6
"Northern Mockingbird","21_TX","USA",2800000
"Northern Mockingbird","35_TX","USA",1900000
"Northern Mockingbird","36_TX","USA",1500000
"Northern Mockingbird","19_TX","USA",1300000
"Northern Mockingbird","35_NM","USA",1300000
"Northern Mockingbird","27_GA","USA",1100000
"Northern Mockingbird","31_FL","USA",990000
"Northern Mockingbird","27_AL","USA",970000
"Northern Mockingbird","25_TX","USA",960000
"Northern Mockingbird","27_MS","USA",960000
"Northern Mockingbird","16_NM","USA",950000
"Northern Mockingbird","20_TX","USA",820000
"Northern Mockingbird","27_FL","USA",810000
"Northern Mockingbird","37_TX","USA",790000
"Northern Mockingbird","27_NC","USA",790000
"Northern Mockingbird","18_NM","USA",770000
"Northern Mockingbird","19_OK","USA",680000
"Northern Mockingbird","18_TX","USA",630000
"Northern Mockingbird","26_LA","USA",620000
"Northern Mockingbird","16_AZ","USA",580000
"Northern Mockingbird","27_SC","USA",520000
"Northern Mockingbird","29_GA","USA",510000
"Northern Mockingbird","29_NC","USA",480000
"Northern Mockingbird","32_CA","USA",480000
"Northern Mockingbird","21_OK","USA",470000
"Northern Mockingbird","25_AR","USA",460000
"Northern Mockingbird","22_KS","USA",430000
"Northern Mockingbird","34_AZ","USA",430000
"Northern Mockingbird","24_KY","USA",400000
"Northern Mockingbird","18_CO","USA",370000
"Northern Mockingbird","25_LA","USA",370000
"Northern Mockingbird","28_AL","USA",350000
"Northern Mockingbird","26_AR","USA",340000
"Northern Mockingbird","24_TN","USA",340000
"Northern Mockingbird","37_LA","USA",340000
"Northern Mockingbird","25_OK","USA",330000
"Northern Mockingbird","24_MO","USA",330000
"Northern Mockingbird","19_KS","USA",320000
"Northern Mockingbird","29_VA","USA",310000
"Northern Mockingbird","28_TN","USA",270000
"Northern Mockingbird","27_TN","USA",260000
"Northern Mockingbird","29_SC","USA",230000
"Northern Mockingbird","24_AR","USA",220000
"Northern Mockingbird","34_NM","USA",210000
"Northern Mockingbird","22_OK","USA",200000
"Northern Mockingbird","22_MO","USA",200000
"Northern Mockingbird","26_MS","USA",200000
"Northern Mockingbird","9_NV","USA",190000
"Northern Mockingbird","28_VA","USA",170000
"Northern Mockingbird","16_UT","USA",170000
"Northern Mockingbird","33_AZ","USA",150000
"Northern Mockingbird","33_CA","USA",140000
"Northern Mockingbird","28_GA","USA",140000
"Northern Mockingbird","24_IN","USA",130000
"Northern Mockingbird","27_VA","USA",120000
"Northern Mockingbird","28_PA","USA",120000
"Northern Mockingbird","28_WV","USA",120000
"Northern Mockingbird","30_MD","USA",110000
"Northern Mockingbird","24_AL","USA",93000
"Northern Mockingbird","27_LA","USA",91000
"Northern Mockingbird","22_IL","USA",88000
"Northern Mockingbird","26_MO","USA",82000
"Northern Mockingbird","28_KY","USA",79000
"Northern Mockingbird","29_PA","USA",76000
"Northern Mockingbird","28_OH","USA",69000
"Northern Mockingbird","29_MD","USA",67000
"Northern Mockingbird","30_NJ","USA",64000
"Northern Mockingbird","9_UT","USA",60000
"Northern Mockingbird","22_OH","USA",54000
"Northern Mockingbird","18_OK","USA",53000
"Northern Mockingbird","16_CO","USA",53000
"Northern Mockingbird","24_OK","USA",53000
"Northern Mockingbird","29_AL","USA",46000
"Northern Mockingbird","30_DE","USA",45000
"Northern Mockingbird","24_IL","USA",43000
"Northern Mockingbird","18_KS","USA",42000
"Northern Mockingbird","22_IN","USA",36000
"Northern Mockingbird","13_NY","USA",34000
"Northern Mockingbird","33_NV","USA",34000
"Northern Mockingbird","28_NC","USA",33000
"Northern Mockingbird","27_KY","USA",31000
"Northern Mockingbird","30_NY","USA",22000
"Northern Mockingbird","30_VA","USA",20000
"Northern Mockingbird","19_NE","USA",18000
"Northern Mockingbird","35_AZ","USA",17000
"Northern Mockingbird","26_TN","USA",16000
"Northern Mockingbird","28_MD","USA",15000
"Northern Mockingbird","13_OH","USA",14000
"Northern Mockingbird","29_NJ","USA",11000
"Northern Mockingbird","30_MA","USA",11000
"Northern Mockingbird","22_NE","USA",10000
"Northern Mockingbird","30_CT","USA",9800
"Northern Mockingbird","22_IA","USA",8900
"Northern Mockingbird","28_NY","USA",7100
"Northern Mockingbird","13_ON","CAN",7000
"Northern Mockingbird","28_NJ","USA",5700
"Northern Mockingbird","23_IN","USA",4000
"Northern Mockingbird","24_OH","USA",3200
"Northern Mockingbird","26_KY","USA",3100
"Northern Mockingbird","30_RI","USA",2800
"Northern Mockingbird","21_KS","USA",2800
"Northern Mockingbird","18_NE","USA",2700
"Northern Mockingbird","30_NH","USA",2400
"Northern Mockingbird","9_CA","USA",2300
"Northern Mockingbird","17_MT","USA",2200
"Northern Mockingbird","14_NH","USA",2200
"Northern Mockingbird","13_PA","USA",2100
"Northern Mockingbird","30_PA","USA",2000
"Northern Mockingbird","26_IL","USA",1900
"Northern Mockingbird","14_ME","USA",1700
"Northern Mockingbird","16_NV","USA",1700
"Northern Mockingbird","29_DE","USA",1400
"Northern Mockingbird","10_CO","USA",1300
"Northern Mockingbird","37_MS","USA",1200
"Northern Mockingbird","8_QC","CAN",1100
"Northern Mockingbird","16_ID","USA",1100
"Northern Mockingbird","8_ON","CAN",980
"Northern Mockingbird","18_WY","USA",830
"Northern Mockingbird","14_QC","CAN",780
"Northern Mockingbird","24_KS","USA",730
"Northern Mockingbird","17_ND","USA",730
"Northern Mockingbird","14_NB","CAN",680
"Northern Mockingbird","9_OR","USA",670
"Northern Mockingbird","17_WY","USA",640
"Northern Mockingbird","28_SC","USA",620
"Northern Mockingbird","12_QC","CAN",610
"Northern Mockingbird","10_MT","USA",550
"Northern Mockingbird","11_SD","USA",540
"Northern Mockingbird","17_SD","USA",490
"Northern Mockingbird","29_NY","USA",480
"Northern Mockingbird","15_CA","USA",460
"Northern Mockingbird","5_CA","USA",460
"Northern Mockingbird","23_MI","USA",440
"Northern Mockingbird","33_UT","USA",410
"Northern Mockingbird","28_CT","USA",370
"Northern Mockingbird","11_AB","CAN",340
"Northern Mockingbird","22_MI","USA",290
"Northern Mockingbird","30_ME","USA",290
"Northern Mockingbird","28_MA","USA",280
"Northern Mockingbird","13_QC","CAN",280
"Northern Mockingbird","18_SD","USA",190
"Northern Mockingbird","19_SD","USA",180
"Northern Mockingbird","12_MI","USA",130
"Northern Mockingbird","10_WY","USA",130
"Northern Mockingbird","10_UT","USA",130
"Northern Mockingbird","12_MB","CAN",120
"Northern Mockingbird","23_MN","USA",110
"Northern Mockingbird","23_WI","USA",110
"Northern Mockingbird","14_MA","USA",94
"Northern Mockingbird","9_WA","USA",93
"Northern Mockingbird","11_MB","CAN",68
"Northern Mockingbird","14_NY","USA",68
"Northern Mockingbird","14_NS","CAN",62
"Northern Mockingbird","13_VT","USA",61
"Northern Mockingbird","14_VT","USA",51
"Northern Mockingbird","14_CT","USA",36
"Northern Mockingbird","23_OH","USA",34
"Northern Mockingbird","30_VT","USA",31
"Northern Mockingbird","17_NE","USA",23
"Northern Mockingbird","15_NV","USA",9
"European Starling","22_IL","USA",4200000
"European Starling","6_AB","CAN",3100000
"European Starling","32_CA","USA",2900000
"European Starling","24_KY","USA",2800000
"European Starling","22_OH","USA",2700000
"European Starling","13_ON","CAN",2400000
"European Starling","8_QC","CAN",2400000
"European Starling","22_IN","USA",2400000
"European Starling","23_WI","USA",2300000
"European Starling","22_IA","USA",2200000
"European Starling","11_AB","CAN",2100000
"European Starling","28_PA","USA",2100000
"European Starling","9_ID","USA",2000000
"European Starling","23_MI","USA",1700000
"European Starling","13_NY","USA",1700000
"European Starling","10_MT","USA",1700000
"European Starling","9_WA","USA",1600000
"European Starling","24_IN","USA",1500000
"European Starling","5_BC","CAN",1400000
"European Starling","12_MI","USA",1300000
"European Starling","28_WV","USA",1000000
"European Starling","22_MO","USA",1000000
"European Starling","12_QC","CAN",990000
"European Starling","27_NC","USA",970000
"European Starling","24_TN","USA",970000
"European Starling","17_MT","USA",950000
"European Starling","5_WA","USA",950000
"European Starling","28_VA","USA",940000
"European Starling","5_OR","USA",940000
"European Starling","28_TN","USA",920000
"European Starling","13_QC","CAN",890000
"European Starling","13_OH","USA",890000
"European Starling","18_CO","USA",850000
"European Starling","19_NE","USA",830000
"European Starling","19_KS","USA",820000
"European Starling","24_MO","USA",790000
"European Starling","9_OR","USA",740000
"European Starling","14_QC","CAN",700000
"European Starling","28_OH","USA",690000
"European Starling","12_ON","CAN",690000
"European Starling","29_PA","USA",670000
"European Starling","14_NS","CAN",660000
"European Starling","29_NC","USA",660000
"European Starling","11_MT","USA",650000
"European Starling","28_NY","USA",620000
"European Starling","22_KS","USA",620000
"European Starling","9_NV","USA",600000
"European Starling","10_BC","CAN",590000
"European Starling","21_TX","USA",570000
"European Starling","9_CA","USA",560000
"European Starling","37_LA","USA",560000
"European Starling","23_IN","USA",550000
"European Starling","8_NL","CAN",540000
"European Starling","14_NB","CAN",530000
"European Starling","11_MN","USA",520000
"European Starling","11_SK","CAN",510000
"European Starling","24_AR","USA",510000
"European Starling","29_VA","USA",500000
"European Starling","33_CA","USA",480000
"European Starling","30_NJ","USA",470000
"European Starling","9_UT","USA",460000
"European Starling","10_WY","USA",460000
"European Starling","9_BC","CAN",460000
"European Starling","11_ND","USA",450000
"European Starling","16_CO","USA",440000
"European Starling","11_IA","USA",420000
"European Starling","28_KY","USA",410000
"European Starling","18_NE","USA",410000
"European Starling","23_MN","USA",410000
"European Starling","17_WY","USA",400000
"European Starling","26_AR","USA",390000
"European Starling","14_ME","USA",390000
"European Starling","11_SD","USA",390000
"European Starling","30_MD","USA",380000
"European Starling","26_LA","USA",360000
"European Starling","24_IL","USA",350000
"European Starling","11_MB","CAN",340000
"European Starling","27_VA","USA",330000
"European Starling","27_TN","USA",320000
"European Starling","37_TX","USA",320000
"European Starling","25_AR","USA",320000
"European Starling","26_MO","USA",310000
"European Starling","16_UT","USA",290000
"European Starling","22_NE","USA",290000
"European Starling","22_MN","USA",290000
"European Starling","18_TX","USA",280000
"European Starling","22_OK","USA",280000
"European Starling","21_OK","USA",270000
"European Starling","28_AL","USA",270000
"European Starling","6_BC","CAN",270000
"European Starling","13_PA","USA",270000
"European Starling","30_DE","USA",260000
"European Starling","22_MI","USA",260000
"European Starling","29_GA","USA",250000
"European Starling","31_FL","USA",250000
"European Starling","8_ON","CAN",250000
"European Starling","28_GA","USA",250000
"European Starling","12_WI","USA",240000
"European Starling","16_NM","USA",220000
"European Starling","27_AL","USA",220000
"European Starling","17_ND","USA",210000
"European Starling","27_SC","USA",210000
"European Starling","18_WY","USA",210000
"European Starling","14_NY","USA",210000
"European Starling","33_AZ","USA",200000
"European Starling","29_MD","USA",200000
"European Starling","17_SD","USA",200000
"European Starling","25_OK","USA",190000
"European Starling","6_SK","CAN",190000
"European Starling","27_GA","USA",190000
"European Starling","27_KY","USA",180000
"European Starling","27_MS","USA",180000
"European Starling","6_MB","CAN",180000
"European Starling","12_MN","USA",170000
"European Starling","5_CA","USA",170000
"European Starling","27_FL","USA",170000
"European Starling","10_ID","USA",150000
"European Starling","19_OK","USA",150000
"European Starling","14_VT","USA",150000
"European Starling","26_MS","USA",140000
"European Starling","18_KS","USA",140000
"European Starling","14_PE","CAN",130000
"European Starling","30_NY","USA",130000
"European Starling","36_TX","USA",120000
"European Starling","19_TX","USA",120000
"European Starling","25_TX","USA",120000
"European Starling","28_MD","USA",100000
"European Starling","10_OR","USA",98000
"European Starling","14_NH","USA",97000
"European Starling","28_NC","USA",95000
"European Starling","30_MA","USA",94000
"European Starling","10_AB","CAN",92000
"European Starling","18_NM","USA",90000
"European Starling","10_WA","USA",89000
"European Starling","30_CT","USA",82000
"European Starling","20_TX","USA",80000
"European Starling","29_SC","USA",76000
"European Starling","24_AL","USA",75000
"European Starling","26_TN","USA",69000
"European Starling","11_NE","USA",69000
"European Starling","23_IL","USA",68000
"European Starling","25_LA","USA",67000
"European Starling","5_AK","USA",57000
"European Starling","13_VT","USA",55000
"European Starling","24_OK","USA",53000
"European Starling","29_NJ","USA",49000
"European Starling","15_CA","USA",47000
"European Starling","30_VA","USA",47000
"European Starling","12_MB","CAN",47000
"European Starling","23_IA","USA",46000
"European Starling","28_NJ","USA",41000
"European Starling","16_AZ","USA",40000
"European Starling","14_MA","USA",40000
"European Starling","10_CO","USA",38000
"European Starling","35_NM","USA",36000
"European Starling","8_AB","CAN",33000
"European Starling","18_OK","USA",30000
"European Starling","18_SD","USA",28000
"European Starling","24_OH","USA",28000
"European Starling","34_AZ","USA",26000
"European Starling","27_LA","USA",20000
"European Starling","16_WY","USA",20000
"European Starling","22_WI","USA",19000
"European Starling","30_RI","USA",18000
"European Starling","29_AL","USA",18000
"European Starling","10_UT","USA",18000
"European Starling","7_ON","CAN",16000
"European Starling","26_KY","USA",15000
"European Starling","30_PA","USA",14000
"European Starling","35_TX","USA",14000
"European Starling","30_ME","USA",13000
"European Starling","30_NH","USA",13000
"European Starling","29_DE","USA",12000
"European Starling","17_NE","USA",9200
"European Starling","26_IL","USA",9200
"European Starling","19_SD","USA",8000
"European Starling","8_MB","CAN",7800
"European Starling","8_SK","CAN",5900
"European Starling","23_OH","USA",4500
"European Starling","7_QC","CAN",3700
"European Starling","33_NV","USA",2400
"European Starling","5_YT","CAN",2400
"European Starling","28_CT","USA",2400
"European Starling","9_WY","USA",2200
"European Starling","29_NY","USA",2100
"European Starling","37_MS","USA",2000
"European Starling","16_ID","USA",2000
"European Starling","28_MA","USA",1800
"European Starling","7_NL","CAN",1800
"European Starling","21_KS","USA",1600
"European Starling","14_CT","USA",1300
"European Starling","15_NV","USA",910
"European Starling","24_KS","USA",740
"European Starling","35_AZ","USA",460
"European Starling","28_SC","USA",460
"European Starling","30_VT","USA",170
"European Starling","16_NV","USA",110
"European Starling","33_UT","USA",30
"Bohemian Waxwing","6_NT","CAN",730000
"Bohemian Waxwing","4_AK","USA",500000
"Bohemian Waxwing","4_YT","CAN",420000
"Bohemian Waxwing","7_NT","CAN",310000
"Bohemian Waxwing","4_BC","CAN",300000
"Bohemian Waxwing","7_MB","CAN",110000
"Bohemian Waxwing","7_SK","CAN",50000
"Bohemian Waxwing","3_AK","USA",33000
"Bohemian Waxwing","6_YT","CAN",18000
"Bohemian Waxwing","3_NU","CAN",12000
"Bohemian Waxwing","3_YT","CAN",6000
"Bohemian Waxwing","10_BC","CAN",5700
"Bohemian Waxwing","7_ON","CAN",4800
"Bohemian Waxwing","3_NT","CAN",2400
"Bohemian Waxwing","5_AK","USA",1900
"Bohemian Waxwing","6_AB","CAN",1800
"Bohemian Waxwing","10_AB","CAN",370
"Bohemian Waxwing","5_YT","CAN",87
"Bohemian Waxwing","3_MB","CAN",27
"Bohemian Waxwing","8_AB","CAN",20
"Cedar Waxwing","8_QC","CAN",4700000
"Cedar Waxwing","10_BC","CAN",3700000
"Cedar Waxwing","12_ON","CAN",3100000
"Cedar Waxwing","8_ON","CAN",3100000
"Cedar Waxwing","12_QC","CAN",2500000
"Cedar Waxwing","28_PA","USA",2000000
"Cedar Waxwing","12_MI","USA",1900000
"Cedar Waxwing","6_AB","CAN",1700000
"Cedar Waxwing","5_BC","CAN",1700000
"Cedar Waxwing","8_MB","CAN",1600000
"Cedar Waxwing","6_SK","CAN",1600000
"Cedar Waxwing","13_ON","CAN",1400000
"Cedar Waxwing","23_MI","USA",1400000
"Cedar Waxwing","14_NB","CAN",1400000
"Cedar Waxwing","23_WI","USA",1300000
"Cedar Waxwing","13_NY","USA",1300000
"Cedar Waxwing","8_SK","CAN",1300000
"Cedar Waxwing","5_WA","USA",1100000
"Cedar Waxwing","14_ME","USA",1100000
"Cedar Waxwing","22_IL","USA",1000000
"Cedar Waxwing","14_QC","CAN",1000000
"Cedar Waxwing","12_MN","USA",900000
"Cedar Waxwing","14_NS","CAN",840000
"Cedar Waxwing","13_QC","CAN",840000
"Cedar Waxwing","11_SK","CAN",800000
"Cedar Waxwing","6_MB","CAN",800000
"Cedar Waxwing","28_WV","USA",770000
"Cedar Waxwing","28_NY","USA",760000
"Cedar Waxwing","9_WA","USA",690000
"Cedar Waxwing","12_WI","USA",690000
"Cedar Waxwing","14_NY","USA",670000
"Cedar Waxwing","22_IA","USA",660000
"Cedar Waxwing","5_OR","USA",580000
"Cedar Waxwing","11_ND","USA",540000
"Cedar Waxwing","10_MT","USA",530000
"Cedar Waxwing","22_IN","USA",530000
"Cedar Waxwing","14_NH","USA",480000
"Cedar Waxwing","9_BC","CAN",480000
"Cedar Waxwing","22_OH","USA",470000
"Cedar Waxwing","7_ON","CAN",450000
"Cedar Waxwing","24_IN","USA",420000
"Cedar Waxwing","23_MN","USA",420000
"Cedar Waxwing","13_OH","USA",410000
"Cedar Waxwing","24_KY","USA",380000
"Cedar Waxwing","11_AB","CAN",370000
"Cedar Waxwing","14_VT","USA",350000
"Cedar Waxwing","28_VA","USA",350000
"Cedar Waxwing","10_ID","USA",340000
"Cedar Waxwing","6_BC","CAN",330000
"Cedar Waxwing","22_MO","USA",310000
"Cedar Waxwing","28_OH","USA",310000
"Cedar Waxwing","9_ID","USA",290000
"Cedar Waxwing","11_MB","CAN",290000
"Cedar Waxwing","10_WA","USA",280000
"Cedar Waxwing","13_PA","USA",260000
"Cedar Waxwing","29_NC","USA",250000
"Cedar Waxwing","17_MT","USA",240000
"Cedar Waxwing","23_IN","USA",230000
"Cedar Waxwing","30_CT","USA",230000
"Cedar Waxwing","28_TN","USA",220000
"Cedar Waxwing","29_VA","USA",210000
"Cedar Waxwing","30_MA","USA",200000
"Cedar Waxwing","10_AB","CAN",200000
"Cedar Waxwing","29_PA","USA",200000
"Cedar Waxwing","7_NL","CAN",190000
"Cedar Waxwing","30_NJ","USA",190000
"Cedar Waxwing","11_MN","USA",170000
"Cedar Waxwing","8_NL","CAN",170000
"Cedar Waxwing","28_NC","USA",170000
"Cedar Waxwing","12_MB","CAN",160000
"Cedar Waxwing","24_TN","USA",150000
"Cedar Waxwing","28_KY","USA",140000
"Cedar Waxwing","30_MD","USA",140000
"Cedar Waxwing","27_NC","USA",130000
"Cedar Waxwing","9_OR","USA",120000
"Cedar Waxwing","11_SD","USA",120000
"Cedar Waxwing","14_MA","USA",120000
"Cedar Waxwing","17_ND","USA",110000
"Cedar Waxwing","24_MO","USA",110000
"Cedar Waxwing","29_MD","USA",110000
"Cedar Waxwing","22_MI","USA",110000
"Cedar Waxwing","30_NH","USA",110000
"Cedar Waxwing","19_NE","USA",95000
"Cedar Waxwing","28_MD","USA",95000
"Cedar Waxwing","6_NT","CAN",87000
"Cedar Waxwing","4_BC","CAN",85000
"Cedar Waxwing","22_KS","USA",82000
"Cedar Waxwing","28_NJ","USA",76000
"Cedar Waxwing","14_PE","CAN",75000
"Cedar Waxwing","13_VT","USA",67000
"Cedar Waxwing","27_VA","USA",66000
"Cedar Waxwing","11_IA","USA",65000
"Cedar Waxwing","5_AK","USA",63000
"Cedar Waxwing","30_DE","USA",57000
"Cedar Waxwing","24_IL","USA",56000
"Cedar Waxwing","9_NV","USA",56000
"Cedar Waxwing","16_UT","USA",45000
"Cedar Waxwing","22_NE","USA",44000
"Cedar Waxwing","16_CO","USA",43000
"Cedar Waxwing","11_MT","USA",43000
"Cedar Waxwing","32_CA","USA",40000
"Cedar Waxwing","10_WY","USA",40000
"Cedar Waxwing","10_OR","USA",40000
"Cedar Waxwing","23_IL","USA",35000
"Cedar Waxwing","17_WY","USA",31000
"Cedar Waxwing","28_GA","USA",30000
"Cedar Waxwing","11_NE","USA",29000
"Cedar Waxwing","29_NJ","USA",29000
"Cedar Waxwing","30_RI","USA",23000
"Cedar Waxwing","5_CA","USA",20000
"Cedar Waxwing","17_SD","USA",20000
"Cedar Waxwing","22_MN","USA",20000
"Cedar Waxwing","30_NY","USA",20000
"Cedar Waxwing","24_OH","USA",19000
"Cedar Waxwing","8_AB","CAN",19000
"Cedar Waxwing","27_TN","USA",19000
"Cedar Waxwing","19_KS","USA",18000
"Cedar Waxwing","9_CA","USA",18000
"Cedar Waxwing","27_AL","USA",18000
"Cedar Waxwing","18_NE","USA",16000
"Cedar Waxwing","22_WI","USA",15000
"Cedar Waxwing","28_CT","USA",13000
"Cedar Waxwing","23_IA","USA",13000
"Cedar Waxwing","29_SC","USA",13000
"Cedar Waxwing","24_AL","USA",11000
"Cedar Waxwing","28_MA","USA",10000
"Cedar Waxwing","30_ME","USA",10000
"Cedar Waxwing","28_SC","USA",7600
"Cedar Waxwing","14_CT","USA",6500
"Cedar Waxwing","27_SC","USA",6400
"Cedar Waxwing","28_AL","USA",6100
"Cedar Waxwing","30_PA","USA",5800
"Cedar Waxwing","27_KY","USA",5500
"Cedar Waxwing","24_AR","USA",5300
"Cedar Waxwing","30_VA","USA",5100
"Cedar Waxwing","29_AL","USA",4500
"Cedar Waxwing","29_GA","USA",4000
"Cedar Waxwing","16_NM","USA",3800
"Cedar Waxwing","29_DE","USA",3600
"Cedar Waxwing","26_KY","USA",3500
"Cedar Waxwing","26_MO","USA",2400
"Cedar Waxwing","18_SD","USA",2200
"Cedar Waxwing","26_AR","USA",2100
"Cedar Waxwing","23_OH","USA",1900
"Cedar Waxwing","16_WY","USA",1900
"Cedar Waxwing","30_VT","USA",1400
"Cedar Waxwing","29_NY","USA",1200
"Cedar Waxwing","9_UT","USA",1000
"Cedar Waxwing","27_MS","USA",950
"Cedar Waxwing","26_TN","USA",670
"Cedar Waxwing","16_ID","USA",610
"Cedar Waxwing","17_NE","USA",600
"Cedar Waxwing","9_WY","USA",490
"Phainopepla","33_AZ","USA",430000
"Phainopepla","34_AZ","USA",410000
"Phainopepla","32_CA","USA",230000
"Phainopepla","33_CA","USA",57000
"Phainopepla","33_NV","USA",57000
"Phainopepla","35_NM","USA",36000
"Phainopepla","35_TX","USA",24000
"Phainopepla","16_AZ","USA",16000
"Phainopepla","15_CA","USA",11000
"Phainopepla","9_NV","USA",6800
"Phainopepla","16_UT","USA",4300
"Phainopepla","34_NM","USA",3100
"Phainopepla","5_CA","USA",440
"Phainopepla","35_AZ","USA",410
"Phainopepla","33_UT","USA",190
"Phainopepla","16_NV","USA",91
"Olive Warbler","34_AZ","USA",56000
"Olive Warbler","34_NM","USA",36000
"House Sparrow","22_IL","USA",5700000
"House Sparrow","22_IA","USA",5000000
"House Sparrow","11_AB","CAN",4800000
"House Sparrow","32_CA","USA",3500000
"House Sparrow","23_WI","USA",3200000
"House Sparrow","11_SK","CAN",3200000
"House Sparrow","22_IN","USA",3100000
"House Sparrow","18_TX","USA",2900000
"House Sparrow","22_OH","USA",2800000
"House Sparrow","9_ID","USA",2300000
"House Sparrow","18_CO","USA",2100000
"House Sparrow","33_CA","USA",1900000
"House Sparrow","36_TX","USA",1800000
"House Sparrow","19_KS","USA",1600000
"House Sparrow","21_TX","USA",1500000
"House Sparrow","9_WA","USA",1500000
"House Sparrow","33_AZ","USA",1400000
"House Sparrow","23_MI","USA",1400000
"House Sparrow","28_PA","USA",1300000
"House Sparrow","9_UT","USA",1100000
"House Sparrow","9_NV","USA",1100000
"House Sparrow","26_AR","USA",1000000
"House Sparrow","13_ON","CAN",960000
"House Sparrow","11_IA","USA",880000
"House Sparrow","5_BC","CAN",880000
"House Sparrow","22_MO","USA",860000
"House Sparrow","11_ND","USA",830000
"House Sparrow","11_SD","USA",790000
"House Sparrow","13_NY","USA",790000
"House Sparrow","19_TX","USA",760000
"House Sparrow","16_AZ","USA",750000
"House Sparrow","24_KY","USA",730000
"House Sparrow","13_OH","USA",710000
"House Sparrow","18_NM","USA",700000
"House Sparrow","10_MT","USA",700000
"House Sparrow","11_MN","USA",690000
"House Sparrow","11_MT","USA",680000
"House Sparrow","24_IN","USA",620000
"House Sparrow","6_AB","CAN",610000
"House Sparrow","23_MN","USA",600000
"House Sparrow","18_KS","USA",590000
"House Sparrow","16_CO","USA",580000
"House Sparrow","24_MO","USA",570000
"House Sparrow","23_IN","USA",570000
"House Sparrow","19_NE","USA",570000
"House Sparrow","16_NM","USA",560000
"House Sparrow","21_OK","USA",560000
"House Sparrow","26_LA","USA",510000
"House Sparrow","28_WV","USA",490000
"House Sparrow","35_NM","USA",480000
"House Sparrow","19_OK","USA",480000
"House Sparrow","22_KS","USA",480000
"House Sparrow","28_OH","USA",470000
"House Sparrow","11_MB","CAN",460000
"House Sparrow","34_AZ","USA",460000
"House Sparrow","35_TX","USA",460000
"House Sparrow","37_TX","USA",440000
"House Sparrow","12_MI","USA",430000
"House Sparrow","9_OR","USA",410000
"House Sparrow","37_LA","USA",410000
"House Sparrow","29_PA","USA",400000
"House Sparrow","27_NC","USA",390000
"House Sparrow","18_OK","USA",380000
"House Sparrow","22_OK","USA",380000
"House Sparrow","18_NE","USA",380000
"House Sparrow","33_NV","USA",370000
"House Sparrow","5_WA","USA",370000
"House Sparrow","26_MO","USA",370000
"House Sparrow","6_SK","CAN",360000
"House Sparrow","17_ND","USA",330000
"House Sparrow","16_UT","USA",330000
"House Sparrow","10_WY","USA",310000
"House Sparrow","25_AR","USA",310000
"House Sparrow","22_NE","USA",310000
"House Sparrow","25_TX","USA",310000
"House Sparrow","9_CA","USA",300000
"House Sparrow","13_QC","CAN",280000
"House Sparrow","25_OK","USA",270000
"House Sparrow","30_NJ","USA",260000
"House Sparrow","30_MA","USA",250000
"House Sparrow","20_TX","USA",250000
"House Sparrow","22_MN","USA",250000
"House Sparrow","28_NY","USA",240000
"House Sparrow","3_NU","CAN",240000
"House Sparrow","8_NL","CAN",240000
"House Sparrow","5_OR","USA",240000
"House Sparrow","30_NY","USA",220000
"House Sparrow","22_MI","USA",210000
"House Sparrow","13_PA","USA",210000
"House Sparrow","18_WY","USA",200000
"House Sparrow","30_MD","USA",200000
"House Sparrow","24_IL","USA",200000
"House Sparrow","24_TN","USA",190000
"House Sparrow","17_MT","USA",190000
"House Sparrow","8_QC","CAN",190000
"House Sparrow","27_MS","USA",190000
"House Sparrow","29_NC","USA",190000
"House Sparrow","27_GA","USA",180000
"House Sparrow","26_MS","USA",180000
"House Sparrow","31_FL","USA",180000
"House Sparrow","24_AR","USA",170000
"House Sparrow","23_IA","USA",160000
"House Sparrow","29_MD","USA",150000
"House Sparrow","27_FL","USA",150000
"House Sparrow","30_CT","USA",140000
"House Sparrow","17_SD","USA",140000
"House Sparrow","29_VA","USA",140000
"House Sparrow","6_MB","CAN",140000
"House Sparrow","23_IL","USA",140000
"House Sparrow","9_BC","CAN",130000
"House Sparrow","28_KY","USA",130000
"House Sparrow","10_BC","CAN",120000
"House Sparrow","28_AL","USA",120000
"House Sparrow","27_TN","USA",120000
"House Sparrow","28_VA","USA",110000
"House Sparrow","30_DE","USA",110000
"House Sparrow","27_AL","USA",100000
"House Sparrow","28_TN","USA",100000
"House Sparrow","17_WY","USA",88000
"House Sparrow","30_RI","USA",82000
"House Sparrow","12_WI","USA",77000
"House Sparrow","11_NE","USA",75000
"House Sparrow","27_KY","USA",74000
"House Sparrow","14_ME","USA",72000
"House Sparrow","28_NJ","USA",72000
"House Sparrow","25_LA","USA",67000
"House Sparrow","14_QC","CAN",67000
"House Sparrow","28_MD","USA",62000
"House Sparrow","6_BC","CAN",62000
"House Sparrow","29_GA","USA",61000
"House Sparrow","12_QC","CAN",54000
"House Sparrow","24_OK","USA",52000
"House Sparrow","27_SC","USA",51000
"House Sparrow","26_TN","USA",46000
"House Sparrow","27_VA","USA",44000
"House Sparrow","27_LA","USA",43000
"House Sparrow","5_CA","USA",43000
"House Sparrow","15_CA","USA",42000
"House Sparrow","14_VT","USA",39000
"House Sparrow","30_NH","USA",39000
"House Sparrow","29_NJ","USA",37000
"House Sparrow","22_WI","USA",37000
"House Sparrow","12_ON","CAN",37000
"House Sparrow","28_GA","USA",32000
"House Sparrow","13_VT","USA",31000
"House Sparrow","12_MN","USA",31000
"House Sparrow","24_AL","USA",29000
"House Sparrow","14_NH","USA",28000
"House Sparrow","18_SD","USA",26000
"House Sparrow","29_SC","USA",26000
"House Sparrow","14_NS","CAN",23000
"House Sparrow","14_NY","USA",21000
"House Sparrow","10_CO","USA",20000
"House Sparrow","10_WA","USA",19000
"House Sparrow","28_NC","USA",18000
"House Sparrow","10_OR","USA",17000
"House Sparrow","12_MB","CAN",17000
"House Sparrow","10_AB","CAN",17000
"House Sparrow","30_ME","USA",16000
"House Sparrow","10_UT","USA",16000
"House Sparrow","34_NM","USA",14000
"House Sparrow","14_NB","CAN",13000
"House Sparrow","14_MA","USA",13000
"House Sparrow","7_AB","CAN",12000
"House Sparrow","16_WY","USA",8600
"House Sparrow","30_PA","USA",7800
"House Sparrow","29_DE","USA",7300
"House Sparrow","17_NE","USA",6700
"House Sparrow","8_MB","CAN",6500
"House Sparrow","35_AZ","USA",6200
"House Sparrow","19_SD","USA",5500
"House Sparrow","29_AL","USA",5400
"House Sparrow","8_SK","CAN",5200
"House Sparrow","30_VA","USA",5100
"House Sparrow","24_OH","USA",4800
"House Sparrow","23_OH","USA",4700
"House Sparrow","33_UT","USA",4600
"House Sparrow","28_CT","USA",3700
"House Sparrow","21_KS","USA",3300
"House Sparrow","28_MA","USA",2900
"House Sparrow","10_ID","USA",2600
"House Sparrow","9_WY","USA",2500
"House Sparrow","26_KY","USA",2200
"House Sparrow","16_ID","USA",2200
"House Sparrow","14_PE","CAN",2200
"House Sparrow","16_NV","USA",2100
"House Sparrow","29_NY","USA",1600
"House Sparrow","37_MS","USA",1500
"House Sparrow","26_IL","USA",1400
"House Sparrow","14_CT","USA",940
"House Sparrow","15_NV","USA",810
"House Sparrow","24_KS","USA",730
"House Sparrow","30_VT","USA",490
"House Sparrow","5_AK","USA",430
"Eurasian Tree Sparrow","22_IL","USA",130000
"Eurasian Tree Sparrow","22_MO","USA",14000
"Eurasian Tree Sparrow","22_IA","USA",7500
"American Pipit","3_NU","CAN",12000000
"American Pipit","3_QC","CAN",3400000
"American Pipit","3_NT","CAN",2300000
"American Pipit","2_AK","USA",150000
"American Pipit","4_AK","USA",28000
"American Pipit","3_MB","CAN",25000
"American Pipit","7_MB","CAN",23000
"American Pipit","16_CO","USA",5100
"American Pipit","1_AK","USA",5100
"American Pipit","3_AK","USA",3600
"American Pipit","3_NL","CAN",3000
"American Pipit","16_WY","USA",2400
"American Pipit","11_SK","CAN",2000
"American Pipit","4_YT","CAN",900
"American Pipit","5_WA","USA",710
"American Pipit","16_NM","USA",460
"American Pipit","9_BC","CAN",420
"American Pipit","3_YT","CAN",370
"American Pipit","18_CO","USA",370
"American Pipit","17_WY","USA",290
"American Pipit","16_UT","USA",150
"American Pipit","6_YT","CAN",39
"Sprague's Pipit","11_AB","CAN",620000
"Sprague's Pipit","11_SK","CAN",410000
"Sprague's Pipit","11_MT","USA",200000
"Sprague's Pipit","11_ND","USA",40000
"Sprague's Pipit","17_MT","USA",35000
"Sprague's Pipit","17_ND","USA",23000
"Sprague's Pipit","6_SK","CAN",20000
"Sprague's Pipit","10_MT","USA",19000
"Sprague's Pipit","11_MB","CAN",15000
"Sprague's Pipit","6_AB","CAN",7400
"Sprague's Pipit","17_SD","USA",5800
"Sprague's Pipit","10_AB","CAN",4600
"Sprague's Pipit","6_MB","CAN",1300
"Sprague's Pipit","11_SD","USA",250
"Evening Grosbeak","9_WA","USA",570000
"Evening Grosbeak","10_BC","CAN",420000
"Evening Grosbeak","9_BC","CAN",400000
"Evening Grosbeak","5_OR","USA",330000
"Evening Grosbeak","10_MT","USA",150000
"Evening Grosbeak","5_WA","USA",140000
"Evening Grosbeak","6_AB","CAN",140000
"Evening Grosbeak","5_BC","CAN",130000
"Evening Grosbeak","8_QC","CAN",130000
"Evening Grosbeak","12_QC","CAN",120000
"Evening Grosbeak","10_ID","USA",110000
"Evening Grosbeak","14_QC","CAN",92000
"Evening Grosbeak","16_CO","USA",91000
"Evening Grosbeak","12_ON","CAN",90000
"Evening Grosbeak","8_SK","CAN",85000
"Evening Grosbeak","15_CA","USA",80000
"Evening Grosbeak","16_NM","USA",78000
"Evening Grosbeak","6_MB","CAN",76000
"Evening Grosbeak","8_ON","CAN",67000
"Evening Grosbeak","14_NS","CAN",65000
"Evening Grosbeak","6_SK","CAN",50000
"Evening Grosbeak","10_WA","USA",45000
"Evening Grosbeak","9_OR","USA",36000
"Evening Grosbeak","12_MI","USA",26000
"Evening Grosbeak","35_NM","USA",25000
"Evening Grosbeak","14_ME","USA",22000
"Evening Grosbeak","12_MN","USA",21000
"Evening Grosbeak","14_NB","CAN",20000
"Evening Grosbeak","9_CA","USA",19000
"Evening Grosbeak","7_NT","CAN",18000
"Evening Grosbeak","16_AZ","USA",17000
"Evening Grosbeak","10_OR","USA",16000
"Evening Grosbeak","12_WI","USA",14000
"Evening Grosbeak","8_MB","CAN",14000
"Evening Grosbeak","8_NL","CAN",13000
"Evening Grosbeak","6_BC","CAN",8000
"Evening Grosbeak","7_ON","CAN",6500
"Evening Grosbeak","14_NY","USA",5400
"Evening Grosbeak","5_CA","USA",5000
"Evening Grosbeak","13_QC","CAN",4800
"Evening Grosbeak","14_NH","USA",4500
"Evening Grosbeak","16_UT","USA",3700
"Evening Grosbeak","14_VT","USA",3300
"Evening Grosbeak","12_MB","CAN",2200
"Evening Grosbeak","15_NV","USA",2200
"Evening Grosbeak","9_ID","USA",2100
"Evening Grosbeak","6_NT","CAN",2000
"Evening Grosbeak","9_NV","USA",1700
"Evening Grosbeak","17_SD","USA",1500
"Evening Grosbeak","32_CA","USA",1400
"Evening Grosbeak","14_PE","CAN",750
"Evening Grosbeak","10_AB","CAN",720
"Evening Grosbeak","14_MA","USA",720
"Evening Grosbeak","30_NH","USA",710
"Evening Grosbeak","13_ON","CAN",620
"Evening Grosbeak","18_CO","USA",560
"Evening Grosbeak","13_VT","USA",460
"Evening Grosbeak","11_AB","CAN",240
"Evening Grosbeak","13_NY","USA",160
"Evening Grosbeak","8_AB","CAN",73
"Evening Grosbeak","16_ID","USA",51
"Evening Grosbeak","30_VT","USA",19
"Evening Grosbeak","9_WY","USA",5
"Pine Grosbeak","6_NT","CAN",710000
"Pine Grosbeak","7_QC","CAN",680000
"Pine Grosbeak","7_MB","CAN",640000
"Pine Grosbeak","2_AK","USA",580000
"Pine Grosbeak","4_YT","CAN",480000
"Pine Grosbeak","4_AK","USA",420000
"Pine Grosbeak","8_MB","CAN",380000
"Pine Grosbeak","8_NL","CAN",330000
"Pine Grosbeak","7_NL","CAN",330000
"Pine Grosbeak","8_SK","CAN",190000
"Pine Grosbeak","5_AK","USA",140000
"Pine Grosbeak","8_QC","CAN",130000
"Pine Grosbeak","4_NT","CAN",97000
"Pine Grosbeak","3_AK","USA",84000
"Pine Grosbeak","16_CO","USA",79000
"Pine Grosbeak","7_ON","CAN",57000
"Pine Grosbeak","10_BC","CAN",42000
"Pine Grosbeak","5_BC","CAN",22000
"Pine Grosbeak","10_WY","USA",18000
"Pine Grosbeak","8_ON","CAN",18000
"Pine Grosbeak","3_YT","CAN",12000
"Pine Grosbeak","6_AB","CAN",9400
"Pine Grosbeak","16_WY","USA",8500
"Pine Grosbeak","14_QC","CAN",7500
"Pine Grosbeak","10_MT","USA",6400
"Pine Grosbeak","4_BC","CAN",6300
"Pine Grosbeak","10_ID","USA",6000
"Pine Grosbeak","10_AB","CAN",5900
"Pine Grosbeak","16_UT","USA",5900
"Pine Grosbeak","14_NS","CAN",4800
"Pine Grosbeak","9_BC","CAN",3600
"Pine Grosbeak","5_YT","CAN",3500
"Pine Grosbeak","12_QC","CAN",2500
"Pine Grosbeak","9_NV","USA",1900
"Pine Grosbeak","12_WI","USA",1700
"Pine Grosbeak","5_WA","USA",1100
"Pine Grosbeak","7_AB","CAN",120
"Pine Grosbeak","16_ID","USA",80
"Gray-crowned Rosy-Finch","4_AK","USA",NA
"Gray-crowned Rosy-Finch","2_AK","USA",NA
"Gray-crowned Rosy-Finch","1_AK","USA",NA
"Black Rosy-Finch","10_WY","USA",NA
"House Finch","32_CA","USA",7500000
"House Finch","34_AZ","USA",1700000
"House Finch","33_AZ","USA",1600000
"House Finch","33_CA","USA",1300000
"House Finch","35_TX","USA",1200000
"House Finch","9_WA","USA",1100000
"House Finch","16_NM","USA",1000000
"House Finch","35_NM","USA",860000
"House Finch","16_AZ","USA",730000
"House Finch","9_NV","USA",670000
"House Finch","16_UT","USA",630000
"House Finch","9_CA","USA",550000
"House Finch","23_MI","USA",520000
"House Finch","28_PA","USA",480000
"House Finch","9_ID","USA",420000
"House Finch","33_NV","USA",410000
"House Finch","23_WI","USA",390000
"House Finch","5_OR","USA",390000
"House Finch","16_CO","USA",380000
"House Finch","22_IL","USA",370000
"House Finch","18_TX","USA",370000
"House Finch","29_NC","USA",370000
"House Finch","5_WA","USA",320000
"House Finch","22_OH","USA",300000
"House Finch","20_TX","USA",300000
"House Finch","22_IA","USA",290000
"House Finch","27_GA","USA",280000
"House Finch","29_PA","USA",260000
"House Finch","9_UT","USA",260000
"House Finch","13_NY","USA",260000
"House Finch","18_NM","USA",250000
"House Finch","18_CO","USA",250000
"House Finch","5_BC","CAN",240000
"House Finch","27_NC","USA",240000
"House Finch","9_BC","CAN",240000
"House Finch","10_MT","USA",240000
"House Finch","28_TN","USA",230000
"House Finch","19_TX","USA",230000
"House Finch","29_GA","USA",210000
"House Finch","27_AL","USA",200000
"House Finch","22_IN","USA",200000
"House Finch","29_SC","USA",200000
"House Finch","9_OR","USA",190000
"House Finch","13_OH","USA",180000
"House Finch","12_MI","USA",170000
"House Finch","19_NE","USA",170000
"House Finch","29_VA","USA",160000
"House Finch","27_FL","USA",160000
"House Finch","34_NM","USA",150000
"House Finch","21_TX","USA",130000
"House Finch","28_VA","USA",130000
"House Finch","28_WV","USA",120000
"House Finch","30_NJ","USA",120000
"House Finch","28_AL","USA",120000
"House Finch","24_KY","USA",120000
"House Finch","19_KS","USA",120000
"House Finch","15_CA","USA",110000
"House Finch","23_MN","USA",110000
"House Finch","24_TN","USA",100000
"House Finch","24_IN","USA",100000
"House Finch","13_ON","CAN",98000
"House Finch","30_MD","USA",98000
"House Finch","18_KS","USA",97000
"House Finch","29_MD","USA",92000
"House Finch","30_MA","USA",86000
"House Finch","5_CA","USA",82000
"House Finch","30_CT","USA",80000
"House Finch","28_KY","USA",79000
"House Finch","25_AR","USA",75000
"House Finch","28_OH","USA",68000
"House Finch","27_SC","USA",68000
"House Finch","27_MS","USA",67000
"House Finch","27_VA","USA",66000
"House Finch","10_BC","CAN",65000
"House Finch","24_MO","USA",64000
"House Finch","36_TX","USA",63000
"House Finch","28_GA","USA",62000
"House Finch","28_NY","USA",61000
"House Finch","23_IN","USA",60000
"House Finch","10_WY","USA",53000
"House Finch","22_KS","USA",47000
"House Finch","13_PA","USA",47000
"House Finch","24_AR","USA",45000
"House Finch","22_NE","USA",44000
"House Finch","28_NC","USA",43000
"House Finch","11_MT","USA",42000
"House Finch","27_TN","USA",40000
"House Finch","17_MT","USA",40000
"House Finch","21_OK","USA",38000
"House Finch","25_TX","USA",36000
"House Finch","11_ND","USA",34000
"House Finch","26_MO","USA",33000
"House Finch","22_MO","USA",33000
"House Finch","14_ME","USA",32000
"House Finch","11_MN","USA",31000
"House Finch","25_OK","USA",31000
"House Finch","30_NY","USA",27000
"House Finch","30_DE","USA",26000
"House Finch","26_AR","USA",24000
"House Finch","18_NE","USA",23000
"House Finch","11_IA","USA",23000
"House Finch","28_NJ","USA",23000
"House Finch","10_WA","USA",22000
"House Finch","22_MN","USA",22000
"House Finch","24_AL","USA",22000
"House Finch","10_OR","USA",21000
"House Finch","29_NJ","USA",21000
"House Finch","19_OK","USA",20000
"House Finch","28_MD","USA",20000
"House Finch","13_QC","CAN",20000
"House Finch","10_UT","USA",18000
"House Finch","24_IL","USA",17000
"House Finch","10_CO","USA",17000
"House Finch","10_ID","USA",16000
"House Finch","13_VT","USA",16000
"House Finch","22_MI","USA",15000
"House Finch","30_NH","USA",15000
"House Finch","29_AL","USA",15000
"House Finch","22_WI","USA",15000
"House Finch","25_LA","USA",14000
"House Finch","14_NH","USA",13000
"House Finch","12_WI","USA",13000
"House Finch","31_FL","USA",13000
"House Finch","18_OK","USA",11000
"House Finch","11_SD","USA",11000
"House Finch","35_AZ","USA",11000
"House Finch","6_SK","CAN",11000
"House Finch","30_RI","USA",10000
"House Finch","17_SD","USA",10000
"House Finch","18_WY","USA",10000
"House Finch","30_ME","USA",10000
"House Finch","27_KY","USA",9700
"House Finch","26_LA","USA",9600
"House Finch","23_IL","USA",8700
"House Finch","26_MS","USA",8200
"House Finch","14_VT","USA",7700
"House Finch","22_OK","USA",7600
"House Finch","24_OK","USA",7500
"House Finch","30_VA","USA",7400
"House Finch","12_QC","CAN",7300
"House Finch","17_ND","USA",6500
"House Finch","12_MN","USA",5500
"House Finch","28_CT","USA",5300
"House Finch","12_ON","CAN",5100
"House Finch","33_UT","USA",5000
"House Finch","26_TN","USA",4800
"House Finch","29_DE","USA",4700
"House Finch","11_AB","CAN",4500
"House Finch","16_ID","USA",4300
"House Finch","14_MA","USA",4100
"House Finch","28_MA","USA",4100
"House Finch","11_NE","USA",3700
"House Finch","30_PA","USA",3600
"House Finch","14_NY","USA",3600
"House Finch","14_CT","USA",3500
"House Finch","6_MB","CAN",3000
"House Finch","28_SC","USA",3000
"House Finch","17_WY","USA",2500
"House Finch","6_AB","CAN",2400
"House Finch","27_LA","USA",2400
"House Finch","15_NV","USA",2200
"House Finch","16_NV","USA",2100
"House Finch","11_SK","CAN",2100
"House Finch","14_NB","CAN",1800
"House Finch","11_MB","CAN",1700
"House Finch","14_QC","CAN",1700
"House Finch","12_MB","CAN",1300
"House Finch","23_IA","USA",1200
"House Finch","37_LA","USA",1100
"House Finch","17_NE","USA",960
"House Finch","29_NY","USA",890
"House Finch","24_OH","USA",640
"House Finch","10_AB","CAN",600
"House Finch","23_OH","USA",500
"House Finch","37_TX","USA",440
"House Finch","16_WY","USA",220
"House Finch","24_KS","USA",210
"House Finch","30_VT","USA",190
"House Finch","26_KY","USA",170
"House Finch","26_IL","USA",100
"House Finch","37_MS","USA",9
"Purple Finch","8_QC","CAN",800000
"Purple Finch","5_BC","CAN",700000
"Purple Finch","32_CA","USA",510000
"Purple Finch","14_NB","CAN",330000
"Purple Finch","12_QC","CAN",300000
"Purple Finch","5_WA","USA",280000
"Purple Finch","12_ON","CAN",250000
"Purple Finch","10_BC","CAN",250000
"Purple Finch","14_QC","CAN",230000
"Purple Finch","8_NL","CAN",220000
"Purple Finch","8_ON","CAN",200000
"Purple Finch","5_OR","USA",190000
"Purple Finch","14_NS","CAN",190000
"Purple Finch","14_ME","USA",180000
"Purple Finch","6_AB","CAN",170000
"Purple Finch","12_MI","USA",170000
"Purple Finch","15_CA","USA",150000
"Purple Finch","12_WI","USA",130000
"Purple Finch","5_CA","USA",100000
"Purple Finch","14_NY","USA",99000
"Purple Finch","7_NL","CAN",80000
"Purple Finch","7_ON","CAN",79000
"Purple Finch","8_MB","CAN",77000
"Purple Finch","12_MN","USA",73000
"Purple Finch","28_PA","USA",73000
"Purple Finch","9_WA","USA",63000
"Purple Finch","13_QC","CAN",62000
"Purple Finch","28_NY","USA",60000
"Purple Finch","4_YT","CAN",56000
"Purple Finch","9_OR","USA",52000
"Purple Finch","13_NY","USA",45000
"Purple Finch","6_BC","CAN",42000
"Purple Finch","14_NH","USA",40000
"Purple Finch","13_ON","CAN",34000
"Purple Finch","14_VT","USA",31000
"Purple Finch","4_BC","CAN",30000
"Purple Finch","6_MB","CAN",27000
"Purple Finch","9_CA","USA",24000
"Purple Finch","14_MA","USA",21000
"Purple Finch","14_PE","CAN",20000
"Purple Finch","6_SK","CAN",18000
"Purple Finch","11_MB","CAN",10000
"Purple Finch","11_AB","CAN",9000
"Purple Finch","23_WI","USA",8900
"Purple Finch","13_PA","USA",7000
"Purple Finch","30_CT","USA",6100
"Purple Finch","12_MB","CAN",5700
"Purple Finch","10_OR","USA",5400
"Purple Finch","23_MI","USA",4900
"Purple Finch","30_NH","USA",4100
"Purple Finch","13_OH","USA",3500
"Purple Finch","10_AB","CAN",3000
"Purple Finch","11_SK","CAN",2900
"Purple Finch","6_NT","CAN",2500
"Purple Finch","28_WV","USA",1500
"Purple Finch","28_MD","USA",1500
"Purple Finch","9_BC","CAN",1200
"Purple Finch","30_MA","USA",1100
"Purple Finch","11_ND","USA",810
"Purple Finch","23_MN","USA",630
"Purple Finch","7_AB","CAN",530
"Purple Finch","10_WA","USA",500
"Purple Finch","6_YT","CAN",370
"Purple Finch","14_CT","USA",350
"Purple Finch","13_VT","USA",200
"Purple Finch","28_CT","USA",190
"Purple Finch","28_MA","USA",140
"Purple Finch","30_ME","USA",120
"Purple Finch","30_VT","USA",53
"Cassin's Finch","10_ID","USA",500000
"Cassin's Finch","10_OR","USA",390000
"Cassin's Finch","9_NV","USA",290000
"Cassin's Finch","16_UT","USA",240000
"Cassin's Finch","9_ID","USA",220000
"Cassin's Finch","15_CA","USA",220000
"Cassin's Finch","9_CA","USA",210000
"Cassin's Finch","9_OR","USA",200000
"Cassin's Finch","16_CO","USA",200000
"Cassin's Finch","9_WA","USA",130000
"Cassin's Finch","9_BC","CAN",120000
"Cassin's Finch","10_WA","USA",100000
"Cassin's Finch","10_MT","USA",82000
"Cassin's Finch","10_WY","USA",56000
"Cassin's Finch","10_BC","CAN",48000
"Cassin's Finch","32_CA","USA",48000
"Cassin's Finch","16_AZ","USA",34000
"Cassin's Finch","16_WY","USA",25000
"Cassin's Finch","5_CA","USA",14000
"Cassin's Finch","15_NV","USA",8500
"Cassin's Finch","17_MT","USA",8300
"Cassin's Finch","5_WA","USA",7500
"Cassin's Finch","5_OR","USA",6600
"Cassin's Finch","10_AB","CAN",4900
"Cassin's Finch","16_NM","USA",3000
"Cassin's Finch","9_UT","USA",2800
"Cassin's Finch","16_ID","USA",1600
"Cassin's Finch","17_SD","USA",1000
"Cassin's Finch","17_WY","USA",950
"Cassin's Finch","9_WY","USA",490
"Cassin's Finch","10_CO","USA",460
"Cassin's Finch","10_UT","USA",410
"Common Redpoll","3_AK","USA",32000000
"Common Redpoll","4_AK","USA",11000000
"Common Redpoll","2_AK","USA",11000000
"Common Redpoll","3_NU","CAN",4700000
"Common Redpoll","6_NT","CAN",4400000
"Common Redpoll","4_YT","CAN",2300000
"Common Redpoll","7_MB","CAN",2000000
"Common Redpoll","3_QC","CAN",1300000
"Common Redpoll","7_QC","CAN",1200000
"Common Redpoll","3_NT","CAN",910000
"Common Redpoll","7_ON","CAN",900000
"Common Redpoll","5_AK","USA",860000
"Common Redpoll","7_NT","CAN",470000
"Common Redpoll","4_BC","CAN",460000
"Common Redpoll","4_NT","CAN",460000
"Common Redpoll","3_YT","CAN",340000
"Common Redpoll","7_NL","CAN",270000
"Common Redpoll","1_AK","USA",140000
"Common Redpoll","8_NL","CAN",87000
"Common Redpoll","8_QC","CAN",55000
"Common Redpoll","5_YT","CAN",27000
"Common Redpoll","7_SK","CAN",20000
"Common Redpoll","3_MB","CAN",9800
"Common Redpoll","8_MB","CAN",6800
"Hoary Redpoll","3_NU","CAN",8300000
"Hoary Redpoll","3_QC","CAN",2300000
"Hoary Redpoll","3_NT","CAN",1600000
"Hoary Redpoll","3_AK","USA",1000000
"Hoary Redpoll","2_AK","USA",470000
"Hoary Redpoll","7_MB","CAN",340000
"Hoary Redpoll","3_MB","CAN",17000
"Hoary Redpoll","3_YT","CAN",9400
"Hoary Redpoll","3_NL","CAN",1100
"Red Crossbill","5_BC","CAN",1700000
"Red Crossbill","10_BC","CAN",1200000
"Red Crossbill","5_AK","USA",1100000
"Red Crossbill","17_SD","USA",780000
"Red Crossbill","10_OR","USA",450000
"Red Crossbill","16_CO","USA",380000
"Red Crossbill","5_WA","USA",350000
"Red Crossbill","10_MT","USA",320000
"Red Crossbill","16_AZ","USA",300000
"Red Crossbill","9_OR","USA",290000
"Red Crossbill","4_BC","CAN",280000
"Red Crossbill","10_ID","USA",260000
"Red Crossbill","9_BC","CAN",240000
"Red Crossbill","10_WA","USA",220000
"Red Crossbill","16_NM","USA",180000
"Red Crossbill","9_WA","USA",160000
"Red Crossbill","5_OR","USA",140000
"Red Crossbill","8_ON","CAN",130000
"Red Crossbill","4_YT","CAN",87000
"Red Crossbill","17_WY","USA",75000
"Red Crossbill","17_MT","USA",74000
"Red Crossbill","17_NE","USA",73000
"Red Crossbill","2_AK","USA",72000
"Red Crossbill","34_AZ","USA",67000
"Red Crossbill","16_UT","USA",67000
"Red Crossbill","9_CA","USA",58000
"Red Crossbill","10_WY","USA",55000
"Red Crossbill","16_WY","USA",53000
"Red Crossbill","9_ID","USA",38000
"Red Crossbill","18_CO","USA",32000
"Red Crossbill","12_MN","USA",28000
"Red Crossbill","5_YT","CAN",28000
"Red Crossbill","6_AB","CAN",26000
"Red Crossbill","12_MI","USA",25000
"Red Crossbill","8_SK","CAN",25000
"Red Crossbill","15_CA","USA",23000
"Red Crossbill","4_AK","USA",22000
"Red Crossbill","10_AB","CAN",18000
"Red Crossbill","8_MB","CAN",17000
"Red Crossbill","4_NT","CAN",16000
"Red Crossbill","12_ON","CAN",13000
"Red Crossbill","6_MB","CAN",10000
"Red Crossbill","5_CA","USA",9800
"Red Crossbill","6_SK","CAN",9500
"Red Crossbill","34_NM","USA",8800
"Red Crossbill","32_CA","USA",8500
"Red Crossbill","12_QC","CAN",7600
"Red Crossbill","35_NM","USA",7300
"Red Crossbill","14_NY","USA",6300
"Red Crossbill","14_NS","CAN",5600
"Red Crossbill","9_NV","USA",5400
"Red Crossbill","12_WI","USA",4800
"Red Crossbill","14_QC","CAN",4600
"Red Crossbill","14_NB","CAN",3900
"Red Crossbill","12_MB","CAN",3900
"Red Crossbill","14_ME","USA",3700
"Red Crossbill","18_NE","USA",2400
"Red Crossbill","8_NL","CAN",970
"Red Crossbill","14_NH","USA",880
"Red Crossbill","17_ND","USA",700
"Red Crossbill","28_AL","USA",570
"Red Crossbill","11_AB","CAN",560
"Red Crossbill","15_NV","USA",540
"Red Crossbill","28_NC","USA",500
"Red Crossbill","16_ID","USA",450
"Red Crossbill","28_GA","USA",420
"Red Crossbill","8_AB","CAN",270
"Red Crossbill","35_AZ","USA",130
"Red Crossbill","9_WY","USA",77
"White-winged Crossbill","6_NT","CAN",7600000
"White-winged Crossbill","7_NT","CAN",6500000
"White-winged Crossbill","4_YT","CAN",4800000
"White-winged Crossbill","7_QC","CAN",3900000
"White-winged Crossbill","4_AK","USA",2800000
"White-winged Crossbill","7_NL","CAN",2300000
"White-winged Crossbill","8_QC","CAN",1700000
"White-winged Crossbill","7_ON","CAN",1500000
"White-winged Crossbill","4_BC","CAN",1400000
"White-winged Crossbill","8_ON","CAN",1200000
"White-winged Crossbill","4_NT","CAN",1000000
"White-winged Crossbill","7_SK","CAN",950000
"White-winged Crossbill","6_MB","CAN",700000
"White-winged Crossbill","8_MB","CAN",590000
"White-winged Crossbill","3_AK","USA",490000
"White-winged Crossbill","6_BC","CAN",440000
"White-winged Crossbill","8_NL","CAN",430000
"White-winged Crossbill","6_AB","CAN",300000
"White-winged Crossbill","10_BC","CAN",210000
"White-winged Crossbill","12_QC","CAN",170000
"White-winged Crossbill","8_SK","CAN",140000
"White-winged Crossbill","5_AK","USA",130000
"White-winged Crossbill","14_QC","CAN",68000
"White-winged Crossbill","10_AB","CAN",66000
"White-winged Crossbill","6_SK","CAN",65000
"White-winged Crossbill","7_MB","CAN",49000
"White-winged Crossbill","2_AK","USA",45000
"White-winged Crossbill","12_ON","CAN",31000
"White-winged Crossbill","13_QC","CAN",22000
"White-winged Crossbill","14_NB","CAN",20000
"White-winged Crossbill","12_MI","USA",11000
"White-winged Crossbill","5_BC","CAN",10000
"White-winged Crossbill","12_MN","USA",8800
"White-winged Crossbill","14_NS","CAN",7900
"White-winged Crossbill","7_AB","CAN",6100
"White-winged Crossbill","14_ME","USA",5800
"White-winged Crossbill","12_MB","CAN",3900
"White-winged Crossbill","5_YT","CAN",3700
"White-winged Crossbill","12_WI","USA",1700
"White-winged Crossbill","13_ON","CAN",1600
"White-winged Crossbill","14_NH","USA",1500
"White-winged Crossbill","9_BC","CAN",1500
"White-winged Crossbill","16_CO","USA",1400
"White-winged Crossbill","9_WA","USA",1200
"White-winged Crossbill","14_NY","USA",730
"White-winged Crossbill","14_PE","CAN",480
"White-winged Crossbill","10_WY","USA",440
"Pine Siskin","10_BC","CAN",6700000
"Pine Siskin","4_BC","CAN",4100000
"Pine Siskin","6_AB","CAN",3500000
"Pine Siskin","5_AK","USA",2700000
"Pine Siskin","6_NT","CAN",2300000
"Pine Siskin","16_CO","USA",2300000
"Pine Siskin","8_QC","CAN",1900000
"Pine Siskin","4_YT","CAN",1700000
"Pine Siskin","10_AB","CAN",1700000
"Pine Siskin","10_MT","USA",1700000
"Pine Siskin","5_BC","CAN",1300000
"Pine Siskin","9_BC","CAN",1200000
"Pine Siskin","4_AK","USA",1100000
"Pine Siskin","6_BC","CAN",990000
"Pine Siskin","10_ID","USA",890000
"Pine Siskin","16_UT","USA",840000
"Pine Siskin","8_ON","CAN",790000
"Pine Siskin","10_WY","USA",760000
"Pine Siskin","9_WA","USA",750000
"Pine Siskin","8_NL","CAN",550000
"Pine Siskin","16_NM","USA",470000
"Pine Siskin","16_AZ","USA",440000
"Pine Siskin","12_QC","CAN",430000
"Pine Siskin","8_SK","CAN",380000
"Pine Siskin","14_QC","CAN",370000
"Pine Siskin","7_NL","CAN",350000
"Pine Siskin","17_SD","USA",320000
"Pine Siskin","5_WA","USA",300000
"Pine Siskin","6_SK","CAN",300000
"Pine Siskin","10_WA","USA",260000
"Pine Siskin","2_AK","USA",250000
"Pine Siskin","10_OR","USA",240000
"Pine Siskin","9_ID","USA",240000
"Pine Siskin","6_MB","CAN",210000
"Pine Siskin","9_OR","USA",190000
"Pine Siskin","35_NM","USA",160000
"Pine Siskin","32_CA","USA",130000
"Pine Siskin","7_QC","CAN",120000
"Pine Siskin","9_NV","USA",120000
"Pine Siskin","8_MB","CAN",120000
"Pine Siskin","34_AZ","USA",120000
"Pine Siskin","12_ON","CAN",100000
"Pine Siskin","15_CA","USA",89000
"Pine Siskin","16_WY","USA",84000
"Pine Siskin","5_OR","USA",79000
"Pine Siskin","7_AB","CAN",71000
"Pine Siskin","14_NB","CAN",70000
"Pine Siskin","5_YT","CAN",69000
"Pine Siskin","5_CA","USA",68000
"Pine Siskin","7_ON","CAN",65000
"Pine Siskin","11_AB","CAN",63000
"Pine Siskin","14_NS","CAN",49000
"Pine Siskin","9_CA","USA",48000
"Pine Siskin","12_MI","USA",47000
"Pine Siskin","13_QC","CAN",46000
"Pine Siskin","17_WY","USA",44000
"Pine Siskin","18_CO","USA",41000
"Pine Siskin","17_MT","USA",33000
"Pine Siskin","12_MB","CAN",22000
"Pine Siskin","12_MN","USA",17000
"Pine Siskin","11_SK","CAN",17000
"Pine Siskin","14_ME","USA",14000
"Pine Siskin","12_WI","USA",13000
"Pine Siskin","14_NY","USA",7600
"Pine Siskin","11_MT","USA",6200
"Pine Siskin","16_ID","USA",5700
"Pine Siskin","9_UT","USA",5200
"Pine Siskin","13_ON","CAN",4000
"Pine Siskin","6_YT","CAN",4000
"Pine Siskin","11_ND","USA",3900
"Pine Siskin","14_NH","USA",3900
"Pine Siskin","34_NM","USA",3300
"Pine Siskin","11_MB","CAN",3100
"Pine Siskin","14_MA","USA",2900
"Pine Siskin","35_AZ","USA",2700
"Pine Siskin","23_WI","USA",2600
"Pine Siskin","15_NV","USA",1900
"Pine Siskin","28_NY","USA",1200
"Pine Siskin","11_MN","USA",820
"Pine Siskin","14_PE","CAN",790
"Pine Siskin","18_WY","USA",690
"Pine Siskin","9_WY","USA",520
"Pine Siskin","10_UT","USA",500
"Pine Siskin","13_NY","USA",470
"Pine Siskin","28_MD","USA",340
"Pine Siskin","30_NH","USA",300
"Pine Siskin","28_NC","USA",250
"Pine Siskin","28_PA","USA",210
"Lesser Goldfinch","32_CA","USA",2300000
"Lesser Goldfinch","34_AZ","USA",520000
"Lesser Goldfinch","20_TX","USA",520000
"Lesser Goldfinch","15_CA","USA",330000
"Lesser Goldfinch","16_NM","USA",300000
"Lesser Goldfinch","16_CO","USA",260000
"Lesser Goldfinch","5_CA","USA",210000
"Lesser Goldfinch","9_CA","USA",170000
"Lesser Goldfinch","5_OR","USA",160000
"Lesser Goldfinch","35_NM","USA",99000
"Lesser Goldfinch","33_AZ","USA",99000
"Lesser Goldfinch","9_NV","USA",88000
"Lesser Goldfinch","35_TX","USA",85000
"Lesser Goldfinch","9_ID","USA",78000
"Lesser Goldfinch","33_CA","USA",75000
"Lesser Goldfinch","36_TX","USA",56000
"Lesser Goldfinch","37_TX","USA",53000
"Lesser Goldfinch","16_UT","USA",50000
"Lesser Goldfinch","19_TX","USA",42000
"Lesser Goldfinch","16_AZ","USA",40000
"Lesser Goldfinch","18_NM","USA",38000
"Lesser Goldfinch","18_CO","USA",30000
"Lesser Goldfinch","34_NM","USA",22000
"Lesser Goldfinch","21_TX","USA",21000
"Lesser Goldfinch","18_TX","USA",11000
"Lesser Goldfinch","10_OR","USA",11000
"Lesser Goldfinch","9_UT","USA",11000
"Lesser Goldfinch","15_NV","USA",8400
"Lesser Goldfinch","9_OR","USA",8000
"Lesser Goldfinch","9_WA","USA",6600
"Lesser Goldfinch","33_NV","USA",3200
"Lesser Goldfinch","35_AZ","USA",1300
"Lesser Goldfinch","10_CO","USA",210
"Lesser Goldfinch","16_NV","USA",120
"Lesser Goldfinch","33_UT","USA",39
"Lawrence's Goldfinch","32_CA","USA",320000
"Lawrence's Goldfinch","15_CA","USA",15000
"Lawrence's Goldfinch","33_CA","USA",3800
"Lawrence's Goldfinch","9_CA","USA",2800
"Lawrence's Goldfinch","5_CA","USA",1300
"American Goldfinch","8_QC","CAN",1700000
"American Goldfinch","23_WI","USA",1600000
"American Goldfinch","13_ON","CAN",1400000
"American Goldfinch","22_IA","USA",1100000
"American Goldfinch","11_ND","USA",1100000
"American Goldfinch","22_IL","USA",1100000
"American Goldfinch","13_NY","USA",1100000
"American Goldfinch","12_QC","CAN",1000000
"American Goldfinch","11_SK","CAN",980000
"American Goldfinch","11_MB","CAN",980000
"American Goldfinch","12_MI","USA",970000
"American Goldfinch","22_OH","USA",910000
"American Goldfinch","6_AB","CAN",900000
"American Goldfinch","23_MN","USA",890000
"American Goldfinch","12_ON","CAN",860000
"American Goldfinch","14_QC","CAN",840000
"American Goldfinch","28_PA","USA",820000
"American Goldfinch","5_WA","USA",760000
"American Goldfinch","14_NS","CAN",750000
"American Goldfinch","23_MI","USA",720000
"American Goldfinch","28_WV","USA",710000
"American Goldfinch","6_SK","CAN",690000
"American Goldfinch","5_OR","USA",690000
"American Goldfinch","24_KY","USA",660000
"American Goldfinch","6_MB","CAN",660000
"American Goldfinch","11_MN","USA",640000
"American Goldfinch","14_ME","USA",630000
"American Goldfinch","12_MN","USA",620000
"American Goldfinch","14_NB","CAN",610000
"American Goldfinch","28_VA","USA",580000
"American Goldfinch","13_QC","CAN",580000
"American Goldfinch","24_MO","USA",550000
"American Goldfinch","19_NE","USA",520000
"American Goldfinch","11_SD","USA",510000
"American Goldfinch","32_CA","USA",500000
"American Goldfinch","22_IN","USA",480000
"American Goldfinch","22_MO","USA",470000
"American Goldfinch","12_WI","USA",440000
"American Goldfinch","29_VA","USA",420000
"American Goldfinch","29_NC","USA",420000
"American Goldfinch","9_WA","USA",390000
"American Goldfinch","28_KY","USA",370000
"American Goldfinch","28_NY","USA",360000
"American Goldfinch","28_TN","USA",350000
"American Goldfinch","28_OH","USA",350000
"American Goldfinch","22_KS","USA",340000
"American Goldfinch","24_TN","USA",340000
"American Goldfinch","5_BC","CAN",320000
"American Goldfinch","24_IN","USA",290000
"American Goldfinch","11_AB","CAN",290000
"American Goldfinch","13_OH","USA",290000
"American Goldfinch","8_NL","CAN",280000
"American Goldfinch","17_MT","USA",280000
"American Goldfinch","9_ID","USA",280000
"American Goldfinch","8_ON","CAN",260000
"American Goldfinch","10_MT","USA",260000
"American Goldfinch","11_IA","USA",250000
"American Goldfinch","30_MA","USA",250000
"American Goldfinch","28_NC","USA",240000
"American Goldfinch","19_KS","USA",220000
"American Goldfinch","17_ND","USA",200000
"American Goldfinch","22_NE","USA",180000
"American Goldfinch","14_VT","USA",180000
"American Goldfinch","24_AR","USA",180000
"American Goldfinch","17_SD","USA",170000
"American Goldfinch","22_MN","USA",170000
"American Goldfinch","14_NH","USA",160000
"American Goldfinch","30_CT","USA",160000
"American Goldfinch","29_GA","USA",160000
"American Goldfinch","11_MT","USA",150000
"American Goldfinch","5_CA","USA",150000
"American Goldfinch","14_NY","USA",150000
"American Goldfinch","24_IL","USA",150000
"American Goldfinch","9_OR","USA",140000
"American Goldfinch","8_SK","CAN",140000
"American Goldfinch","27_NC","USA",140000
"American Goldfinch","29_PA","USA",130000
"American Goldfinch","23_IN","USA",130000
"American Goldfinch","9_BC","CAN",130000
"American Goldfinch","30_MD","USA",130000
"American Goldfinch","10_WY","USA",120000
"American Goldfinch","13_PA","USA",120000
"American Goldfinch","16_CO","USA",110000
"American Goldfinch","11_NE","USA",110000
"American Goldfinch","28_AL","USA",100000
"American Goldfinch","16_UT","USA",100000
"American Goldfinch","27_VA","USA",95000
"American Goldfinch","27_TN","USA",95000
"American Goldfinch","29_SC","USA",93000
"American Goldfinch","17_WY","USA",92000
"American Goldfinch","30_NJ","USA",89000
"American Goldfinch","28_GA","USA",88000
"American Goldfinch","29_MD","USA",83000
"American Goldfinch","18_NE","USA",83000
"American Goldfinch","14_PE","CAN",81000
"American Goldfinch","12_MB","CAN",77000
"American Goldfinch","13_VT","USA",63000
"American Goldfinch","30_NH","USA",63000
"American Goldfinch","21_OK","USA",62000
"American Goldfinch","10_BC","CAN",53000
"American Goldfinch","19_OK","USA",53000
"American Goldfinch","30_DE","USA",48000
"American Goldfinch","23_IL","USA",48000
"American Goldfinch","26_MO","USA",48000
"American Goldfinch","10_WA","USA",47000
"American Goldfinch","28_MD","USA",46000
"American Goldfinch","24_OK","USA",46000
"American Goldfinch","29_NJ","USA",45000
"American Goldfinch","24_OH","USA",45000
"American Goldfinch","23_IA","USA",44000
"American Goldfinch","9_UT","USA",42000
"American Goldfinch","14_MA","USA",41000
"American Goldfinch","22_MI","USA",35000
"American Goldfinch","30_RI","USA",32000
"American Goldfinch","26_AR","USA",31000
"American Goldfinch","22_OK","USA",30000
"American Goldfinch","30_ME","USA",29000
"American Goldfinch","10_ID","USA",29000
"American Goldfinch","24_AL","USA",28000
"American Goldfinch","27_GA","USA",27000
"American Goldfinch","25_OK","USA",27000
"American Goldfinch","22_WI","USA",27000
"American Goldfinch","8_MB","CAN",26000
"American Goldfinch","16_WY","USA",26000
"American Goldfinch","18_CO","USA",24000
"American Goldfinch","27_AL","USA",23000
"American Goldfinch","10_OR","USA",22000
"American Goldfinch","28_NJ","USA",21000
"American Goldfinch","30_NY","USA",20000
"American Goldfinch","30_VA","USA",20000
"American Goldfinch","27_MS","USA",18000
"American Goldfinch","9_NV","USA",17000
"American Goldfinch","27_KY","USA",15000
"American Goldfinch","28_SC","USA",15000
"American Goldfinch","28_CT","USA",14000
"American Goldfinch","27_SC","USA",12000
"American Goldfinch","10_CO","USA",11000
"American Goldfinch","28_MA","USA",11000
"American Goldfinch","10_AB","CAN",11000
"American Goldfinch","25_AR","USA",10000
"American Goldfinch","29_AL","USA",9600
"American Goldfinch","18_WY","USA",8600
"American Goldfinch","17_NE","USA",8000
"American Goldfinch","9_CA","USA",7600
"American Goldfinch","16_NM","USA",7500
"American Goldfinch","7_ON","CAN",6200
"American Goldfinch","14_CT","USA",6000
"American Goldfinch","26_TN","USA",5800
"American Goldfinch","18_SD","USA",5700
"American Goldfinch","19_SD","USA",5000
"American Goldfinch","26_KY","USA",4600
"American Goldfinch","26_IL","USA",2800
"American Goldfinch","30_PA","USA",2700
"American Goldfinch","29_DE","USA",2400
"American Goldfinch","29_NY","USA",1900
"American Goldfinch","16_ID","USA",1400
"American Goldfinch","23_OH","USA",1100
"American Goldfinch","18_KS","USA",1100
"American Goldfinch","15_CA","USA",850
"American Goldfinch","30_VT","USA",810
"American Goldfinch","24_KS","USA",640
"American Goldfinch","21_KS","USA",390
"American Goldfinch","20_TX","USA",330
"American Goldfinch","9_WY","USA",300
"American Goldfinch","3_NU","CAN",130
"American Goldfinch","3_NT","CAN",25
"Lapland Longspur","3_NU","CAN",41000000
"Lapland Longspur","3_QC","CAN",8800000
"Lapland Longspur","3_NT","CAN",8000000
"Lapland Longspur","3_AK","USA",5100000
"Lapland Longspur","2_AK","USA",4400000
"Lapland Longspur","3_YT","CAN",390000
"Lapland Longspur","1_AK","USA",150000
"Lapland Longspur","3_MB","CAN",63000
"Lapland Longspur","3_NL","CAN",21000
"Lapland Longspur","4_YT","CAN",8700
"Lapland Longspur","4_AK","USA",5200
"Chestnut-collared Longspur","11_SK","CAN",770000
"Chestnut-collared Longspur","11_MT","USA",610000
"Chestnut-collared Longspur","11_AB","CAN",520000
"Chestnut-collared Longspur","17_MT","USA",330000
"Chestnut-collared Longspur","17_ND","USA",250000
"Chestnut-collared Longspur","11_ND","USA",220000
"Chestnut-collared Longspur","17_SD","USA",180000
"Chestnut-collared Longspur","11_SD","USA",160000
"Chestnut-collared Longspur","11_MB","CAN",16000
"Chestnut-collared Longspur","18_CO","USA",14000
"Chestnut-collared Longspur","17_WY","USA",9400
"Chestnut-collared Longspur","10_WY","USA",7100
"Chestnut-collared Longspur","17_NE","USA",5600
"Chestnut-collared Longspur","18_NE","USA",4900
"Chestnut-collared Longspur","10_MT","USA",1200
"Chestnut-collared Longspur","18_WY","USA",930
"Chestnut-collared Longspur","18_SD","USA",340
"Smith's Longspur","3_AK","USA",NA
"Smith's Longspur","7_MB","CAN",NA
"Smith's Longspur","3_NU","CAN",NA
"Smith's Longspur","3_YT","CAN",NA
"Smith's Longspur","3_NT","CAN",NA
"Smith's Longspur","4_YT","CAN",NA
"Smith's Longspur","3_MB","CAN",NA
"McCown's Longspur","11_MT","USA",220000
"McCown's Longspur","11_SK","CAN",210000
"McCown's Longspur","18_CO","USA",110000
"McCown's Longspur","10_WY","USA",80000
"McCown's Longspur","10_MT","USA",65000
"McCown's Longspur","11_AB","CAN",58000
"McCown's Longspur","17_MT","USA",54000
"McCown's Longspur","17_WY","USA",31000
"McCown's Longspur","18_WY","USA",24000
"McCown's Longspur","18_NE","USA",4600
"Snow Bunting","3_NU","CAN",10000000
"Snow Bunting","3_NT","CAN",2000000
"Snow Bunting","3_QC","CAN",1700000
"Snow Bunting","3_NL","CAN",56000
"Rufous-winged Sparrow","34_AZ","USA",64000
"Rufous-winged Sparrow","33_AZ","USA",3000
"Botteri's Sparrow","34_AZ","USA",25000
"Botteri's Sparrow","37_TX","USA",6800
"Botteri's Sparrow","36_TX","USA",1800
"Cassin's Sparrow","18_NM","USA",2400000
"Cassin's Sparrow","18_TX","USA",1500000
"Cassin's Sparrow","18_CO","USA",1300000
"Cassin's Sparrow","35_TX","USA",1000000
"Cassin's Sparrow","35_NM","USA",760000
"Cassin's Sparrow","19_TX","USA",710000
"Cassin's Sparrow","16_NM","USA",400000
"Cassin's Sparrow","36_TX","USA",380000
"Cassin's Sparrow","19_OK","USA",320000
"Cassin's Sparrow","18_OK","USA",220000
"Cassin's Sparrow","21_TX","USA",210000
"Cassin's Sparrow","20_TX","USA",110000
"Cassin's Sparrow","18_KS","USA",96000
"Cassin's Sparrow","19_KS","USA",70000
"Cassin's Sparrow","37_TX","USA",25000
"Cassin's Sparrow","34_AZ","USA",17000
"Cassin's Sparrow","34_NM","USA",15000
"Cassin's Sparrow","18_NE","USA",13000
"Cassin's Sparrow","35_AZ","USA",9800
"Cassin's Sparrow","19_NE","USA",6200
"Cassin's Sparrow","21_OK","USA",6100
"Cassin's Sparrow","16_CO","USA",5100
"Cassin's Sparrow","18_WY","USA",1600
"Cassin's Sparrow","25_AR","USA",490
"Cassin's Sparrow","22_KS","USA",170
"Bachman's Sparrow","27_FL","USA",57000
"Bachman's Sparrow","31_FL","USA",27000
"Bachman's Sparrow","25_OK","USA",27000
"Bachman's Sparrow","27_GA","USA",24000
"Bachman's Sparrow","27_AL","USA",11000
"Bachman's Sparrow","25_LA","USA",6000
"Bachman's Sparrow","27_SC","USA",6000
"Bachman's Sparrow","27_MS","USA",3500
"Bachman's Sparrow","25_AR","USA",2500
"Bachman's Sparrow","28_AL","USA",1700
"Bachman's Sparrow","26_LA","USA",770
"Bachman's Sparrow","27_NC","USA",760
"Bachman's Sparrow","37_LA","USA",440
"Bachman's Sparrow","25_TX","USA",260
"Bachman's Sparrow","37_MS","USA",2
"Grasshopper Sparrow","19_NE","USA",4100000
"Grasshopper Sparrow","17_SD","USA",2700000
"Grasshopper Sparrow","19_KS","USA",2700000
"Grasshopper Sparrow","17_MT","USA",2400000
"Grasshopper Sparrow","17_ND","USA",2000000
"Grasshopper Sparrow","11_SD","USA",1700000
"Grasshopper Sparrow","11_MT","USA",1600000
"Grasshopper Sparrow","18_TX","USA",1600000
"Grasshopper Sparrow","18_CO","USA",1600000
"Grasshopper Sparrow","18_KS","USA",1200000
"Grasshopper Sparrow","11_ND","USA",1100000
"Grasshopper Sparrow","19_OK","USA",990000
"Grasshopper Sparrow","22_MO","USA",890000
"Grasshopper Sparrow","22_KS","USA",730000
"Grasshopper Sparrow","18_OK","USA",580000
"Grasshopper Sparrow","18_NE","USA",550000
"Grasshopper Sparrow","11_SK","CAN",490000
"Grasshopper Sparrow","17_WY","USA",480000
"Grasshopper Sparrow","22_IA","USA",460000
"Grasshopper Sparrow","11_NE","USA",410000
"Grasshopper Sparrow","11_AB","CAN",290000
"Grasshopper Sparrow","19_TX","USA",290000
"Grasshopper Sparrow","24_MO","USA",270000
"Grasshopper Sparrow","9_WA","USA",250000
"Grasshopper Sparrow","21_TX","USA",230000
"Grasshopper Sparrow","22_IL","USA",210000
"Grasshopper Sparrow","24_KY","USA",190000
"Grasshopper Sparrow","22_OK","USA",180000
"Grasshopper Sparrow","29_VA","USA",150000
"Grasshopper Sparrow","10_MT","USA",140000
"Grasshopper Sparrow","17_NE","USA",130000
"Grasshopper Sparrow","18_NM","USA",130000
"Grasshopper Sparrow","21_OK","USA",120000
"Grasshopper Sparrow","29_NC","USA",110000
"Grasshopper Sparrow","10_WY","USA",110000
"Grasshopper Sparrow","30_MD","USA",91000
"Grasshopper Sparrow","12_MI","USA",87000
"Grasshopper Sparrow","28_PA","USA",87000
"Grasshopper Sparrow","13_ON","CAN",87000
"Grasshopper Sparrow","22_OH","USA",82000
"Grasshopper Sparrow","23_WI","USA",77000
"Grasshopper Sparrow","24_IN","USA",76000
"Grasshopper Sparrow","24_AR","USA",74000
"Grasshopper Sparrow","28_VA","USA",71000
"Grasshopper Sparrow","29_SC","USA",65000
"Grasshopper Sparrow","9_ID","USA",63000
"Grasshopper Sparrow","34_AZ","USA",61000
"Grasshopper Sparrow","9_UT","USA",60000
"Grasshopper Sparrow","22_NE","USA",59000
"Grasshopper Sparrow","11_MN","USA",58000
"Grasshopper Sparrow","27_VA","USA",58000
"Grasshopper Sparrow","24_IL","USA",57000
"Grasshopper Sparrow","32_CA","USA",56000
"Grasshopper Sparrow","36_TX","USA",54000
"Grasshopper Sparrow","29_GA","USA",51000
"Grasshopper Sparrow","12_MN","USA",50000
"Grasshopper Sparrow","11_MB","CAN",41000
"Grasshopper Sparrow","19_SD","USA",39000
"Grasshopper Sparrow","18_SD","USA",38000
"Grasshopper Sparrow","5_CA","USA",38000
"Grasshopper Sparrow","23_MN","USA",36000
"Grasshopper Sparrow","35_TX","USA",34000
"Grasshopper Sparrow","27_NC","USA",33000
"Grasshopper Sparrow","22_IN","USA",32000
"Grasshopper Sparrow","28_TN","USA",32000
"Grasshopper Sparrow","28_AL","USA",31000
"Grasshopper Sparrow","24_TN","USA",29000
"Grasshopper Sparrow","28_WV","USA",28000
"Grasshopper Sparrow","30_VA","USA",24000
"Grasshopper Sparrow","11_IA","USA",24000
"Grasshopper Sparrow","37_TX","USA",22000
"Grasshopper Sparrow","28_KY","USA",22000
"Grasshopper Sparrow","29_MD","USA",21000
"Grasshopper Sparrow","26_AR","USA",20000
"Grasshopper Sparrow","9_OR","USA",20000
"Grasshopper Sparrow","30_DE","USA",17000
"Grasshopper Sparrow","25_OK","USA",17000
"Grasshopper Sparrow","28_OH","USA",16000
"Grasshopper Sparrow","20_TX","USA",16000
"Grasshopper Sparrow","23_IN","USA",16000
"Grasshopper Sparrow","6_MB","CAN",15000
"Grasshopper Sparrow","28_MD","USA",14000
"Grasshopper Sparrow","9_NV","USA",13000
"Grasshopper Sparrow","10_WA","USA",13000
"Grasshopper Sparrow","26_MO","USA",13000
"Grasshopper Sparrow","13_NY","USA",12000
"Grasshopper Sparrow","18_WY","USA",12000
"Grasshopper Sparrow","13_OH","USA",12000
"Grasshopper Sparrow","29_PA","USA",11000
"Grasshopper Sparrow","12_WI","USA",11000
"Grasshopper Sparrow","27_GA","USA",11000
"Grasshopper Sparrow","10_ID","USA",10000
"Grasshopper Sparrow","23_MI","USA",7900
"Grasshopper Sparrow","29_NJ","USA",7500
"Grasshopper Sparrow","27_TN","USA",7500
"Grasshopper Sparrow","26_TN","USA",7400
"Grasshopper Sparrow","25_AR","USA",7200
"Grasshopper Sparrow","5_OR","USA",6100
"Grasshopper Sparrow","28_GA","USA",4800
"Grasshopper Sparrow","10_CO","USA",4800
"Grasshopper Sparrow","16_WY","USA",4700
"Grasshopper Sparrow","16_CO","USA",4500
"Grasshopper Sparrow","24_AL","USA",3700
"Grasshopper Sparrow","27_KY","USA",3400
"Grasshopper Sparrow","28_NY","USA",3100
"Grasshopper Sparrow","28_NC","USA",2700
"Grasshopper Sparrow","22_MN","USA",2700
"Grasshopper Sparrow","35_NM","USA",2500
"Grasshopper Sparrow","12_ON","CAN",2100
"Grasshopper Sparrow","27_AL","USA",1800
"Grasshopper Sparrow","28_SC","USA",1700
"Grasshopper Sparrow","30_NJ","USA",1400
"Grasshopper Sparrow","24_OH","USA",1400
"Grasshopper Sparrow","10_AB","CAN",1300
"Grasshopper Sparrow","29_AL","USA",1200
"Grasshopper Sparrow","9_BC","CAN",1000
"Grasshopper Sparrow","13_PA","USA",990
"Grasshopper Sparrow","23_IL","USA",870
"Grasshopper Sparrow","21_KS","USA",710
"Grasshopper Sparrow","16_NM","USA",700
"Grasshopper Sparrow","14_NH","USA",440
"Grasshopper Sparrow","15_CA","USA",430
"Grasshopper Sparrow","10_UT","USA",420
"Grasshopper Sparrow","14_NY","USA",400
"Grasshopper Sparrow","10_OR","USA",380
"Grasshopper Sparrow","16_UT","USA",360
"Grasshopper Sparrow","29_NY","USA",310
"Grasshopper Sparrow","13_VT","USA",240
"Grasshopper Sparrow","29_DE","USA",210
"Grasshopper Sparrow","14_ME","USA",190
"Grasshopper Sparrow","23_OH","USA",130
"Grasshopper Sparrow","28_NJ","USA",81
"Grasshopper Sparrow","30_PA","USA",44
"Grasshopper Sparrow","16_ID","USA",5
"Olive Sparrow","36_TX","USA",520000
"Olive Sparrow","21_TX","USA",130000
"Olive Sparrow","37_TX","USA",80000
"Olive Sparrow","20_TX","USA",53000
"Olive Sparrow","35_TX","USA",50000
"Black-throated Sparrow","9_NV","USA",5300000
"Black-throated Sparrow","35_TX","USA",4000000
"Black-throated Sparrow","35_NM","USA",3500000
"Black-throated Sparrow","34_AZ","USA",2700000
"Black-throated Sparrow","16_AZ","USA",2400000
"Black-throated Sparrow","33_CA","USA",2300000
"Black-throated Sparrow","33_AZ","USA",2200000
"Black-throated Sparrow","16_UT","USA",2000000
"Black-throated Sparrow","33_NV","USA",1900000
"Black-throated Sparrow","9_UT","USA",1300000
"Black-throated Sparrow","36_TX","USA",1100000
"Black-throated Sparrow","16_NM","USA",620000
"Black-throated Sparrow","34_NM","USA",400000
"Black-throated Sparrow","9_CA","USA",260000
"Black-throated Sparrow","9_OR","USA",220000
"Black-throated Sparrow","20_TX","USA",150000
"Black-throated Sparrow","18_TX","USA",140000
"Black-throated Sparrow","19_TX","USA",140000
"Black-throated Sparrow","32_CA","USA",94000
"Black-throated Sparrow","18_NM","USA",73000
"Black-throated Sparrow","35_AZ","USA",63000
"Black-throated Sparrow","21_TX","USA",31000
"Black-throated Sparrow","33_UT","USA",23000
"Black-throated Sparrow","16_CO","USA",21000
"Black-throated Sparrow","16_ID","USA",15000
"Black-throated Sparrow","9_ID","USA",9400
"Black-throated Sparrow","16_NV","USA",6900
"Black-throated Sparrow","10_OR","USA",1500
"Black-throated Sparrow","15_CA","USA",1200
"Black-throated Sparrow","37_TX","USA",780
"Black-throated Sparrow","10_CO","USA",720
"Black-throated Sparrow","15_NV","USA",2
"Lark Sparrow","19_OK","USA",710000
"Lark Sparrow","21_TX","USA",690000
"Lark Sparrow","17_MT","USA",680000
"Lark Sparrow","19_TX","USA",660000
"Lark Sparrow","18_NM","USA",610000
"Lark Sparrow","19_NE","USA",530000
"Lark Sparrow","18_TX","USA",510000
"Lark Sparrow","9_NV","USA",490000
"Lark Sparrow","9_UT","USA",470000
"Lark Sparrow","20_TX","USA",430000
"Lark Sparrow","18_CO","USA",420000
"Lark Sparrow","16_NM","USA",390000
"Lark Sparrow","19_KS","USA",350000
"Lark Sparrow","16_UT","USA",270000
"Lark Sparrow","36_TX","USA",220000
"Lark Sparrow","18_NE","USA",210000
"Lark Sparrow","32_CA","USA",200000
"Lark Sparrow","16_AZ","USA",190000
"Lark Sparrow","35_NM","USA",190000
"Lark Sparrow","18_OK","USA",180000
"Lark Sparrow","21_OK","USA",170000
"Lark Sparrow","10_WY","USA",170000
"Lark Sparrow","35_TX","USA",160000
"Lark Sparrow","17_WY","USA",150000
"Lark Sparrow","34_AZ","USA",150000
"Lark Sparrow","22_KS","USA",120000
"Lark Sparrow","16_CO","USA",91000
"Lark Sparrow","17_SD","USA",91000
"Lark Sparrow","9_ID","USA",82000
"Lark Sparrow","10_MT","USA",73000
"Lark Sparrow","9_OR","USA",66000
"Lark Sparrow","17_ND","USA",63000
"Lark Sparrow","25_OK","USA",61000
"Lark Sparrow","25_TX","USA",53000
"Lark Sparrow","11_MT","USA",52000
"Lark Sparrow","11_ND","USA",50000
"Lark Sparrow","22_IA","USA",46000
"Lark Sparrow","22_MO","USA",44000
"Lark Sparrow","18_KS","USA",39000
"Lark Sparrow","11_NE","USA",35000
"Lark Sparrow","9_WA","USA",33000
"Lark Sparrow","33_CA","USA",32000
"Lark Sparrow","18_WY","USA",31000
"Lark Sparrow","22_NE","USA",30000
"Lark Sparrow","10_CO","USA",30000
"Lark Sparrow","9_CA","USA",29000
"Lark Sparrow","11_SK","CAN",21000
"Lark Sparrow","24_AR","USA",19000
"Lark Sparrow","37_TX","USA",18000
"Lark Sparrow","10_ID","USA",16000
"Lark Sparrow","11_MB","CAN",16000
"Lark Sparrow","10_OR","USA",15000
"Lark Sparrow","18_SD","USA",15000
"Lark Sparrow","25_AR","USA",14000
"Lark Sparrow","26_AR","USA",12000
"Lark Sparrow","33_AZ","USA",12000
"Lark Sparrow","22_IL","USA",11000
"Lark Sparrow","16_WY","USA",9800
"Lark Sparrow","22_OK","USA",9400
"Lark Sparrow","34_NM","USA",9100
"Lark Sparrow","27_MS","USA",9000
"Lark Sparrow","11_AB","CAN",7300
"Lark Sparrow","5_CA","USA",6700
"Lark Sparrow","26_MO","USA",6100
"Lark Sparrow","19_SD","USA",5100
"Lark Sparrow","9_BC","CAN",4800
"Lark Sparrow","24_MO","USA",4600
"Lark Sparrow","24_AL","USA",4300
"Lark Sparrow","17_NE","USA",4300
"Lark Sparrow","11_IA","USA",4000
"Lark Sparrow","11_SD","USA",3900
"Lark Sparrow","24_OK","USA",3900
"Lark Sparrow","27_TN","USA",3800
"Lark Sparrow","23_WI","USA",2700
"Lark Sparrow","6_AB","CAN",2500
"Lark Sparrow","35_AZ","USA",2500
"Lark Sparrow","24_IN","USA",2000
"Lark Sparrow","12_WI","USA",2000
"Lark Sparrow","6_SK","CAN",1800
"Lark Sparrow","16_ID","USA",1800
"Lark Sparrow","33_NV","USA",1800
"Lark Sparrow","15_CA","USA",1800
"Lark Sparrow","10_UT","USA",1500
"Lark Sparrow","11_MN","USA",1300
"Lark Sparrow","21_KS","USA",1000
"Lark Sparrow","25_LA","USA",800
"Lark Sparrow","10_WA","USA",700
"Lark Sparrow","5_OR","USA",700
"Lark Sparrow","23_MN","USA",650
"Lark Sparrow","6_MB","CAN",570
"Lark Sparrow","22_OH","USA",560
"Lark Sparrow","27_AL","USA",550
"Lark Sparrow","24_IL","USA",530
"Lark Sparrow","22_MN","USA",310
"Lark Sparrow","24_TN","USA",260
"Lark Sparrow","27_KY","USA",140
"Lark Sparrow","26_LA","USA",130
"Lark Sparrow","9_WY","USA",100
"Lark Sparrow","22_IN","USA",66
"Lark Sparrow","12_MB","CAN",64
"Lark Sparrow","24_KS","USA",55
"Lark Sparrow","33_UT","USA",45
"Lark Bunting","17_MT","USA",2500000
"Lark Bunting","18_CO","USA",2200000
"Lark Bunting","17_WY","USA",1800000
"Lark Bunting","17_SD","USA",1200000
"Lark Bunting","11_MT","USA",750000
"Lark Bunting","18_NE","USA",620000
"Lark Bunting","11_SK","CAN",600000
"Lark Bunting","17_ND","USA",520000
"Lark Bunting","10_WY","USA",480000
"Lark Bunting","18_WY","USA",270000
"Lark Bunting","18_KS","USA",130000
"Lark Bunting","19_KS","USA",130000
"Lark Bunting","18_OK","USA",130000
"Lark Bunting","18_TX","USA",120000
"Lark Bunting","10_MT","USA",110000
"Lark Bunting","19_NE","USA",110000
"Lark Bunting","17_NE","USA",58000
"Lark Bunting","11_AB","CAN",55000
"Lark Bunting","18_NM","USA",47000
"Lark Bunting","18_SD","USA",42000
"Lark Bunting","11_SD","USA",33000
"Lark Bunting","11_ND","USA",23000
"Lark Bunting","16_WY","USA",13000
"Lark Bunting","16_CO","USA",2700
"Lark Bunting","16_NM","USA",2400
"Lark Bunting","19_SD","USA",1200
"Lark Bunting","10_CO","USA",1000
"Lark Bunting","19_TX","USA",630
"Lark Bunting","16_UT","USA",600
"Lark Bunting","35_NM","USA",590
"Lark Bunting","19_OK","USA",570
"Lark Bunting","35_TX","USA",220
"Lark Bunting","22_IA","USA",150
"Lark Bunting","9_ID","USA",120
"Lark Bunting","10_UT","USA",110
"Lark Bunting","9_UT","USA",95
"Chipping Sparrow","6_NT","CAN",24000000
"Chipping Sparrow","10_BC","CAN",13000000
"Chipping Sparrow","6_AB","CAN",9800000
"Chipping Sparrow","8_SK","CAN",8800000
"Chipping Sparrow","8_ON","CAN",8700000
"Chipping Sparrow","4_YT","CAN",8200000
"Chipping Sparrow","7_NT","CAN",7300000
"Chipping Sparrow","4_BC","CAN",5800000
"Chipping Sparrow","8_MB","CAN",5500000
"Chipping Sparrow","6_SK","CAN",5500000
"Chipping Sparrow","12_ON","CAN",4600000
"Chipping Sparrow","28_PA","USA",3900000
"Chipping Sparrow","23_WI","USA",3800000
"Chipping Sparrow","22_IL","USA",3700000
"Chipping Sparrow","8_QC","CAN",3700000
"Chipping Sparrow","12_MI","USA",3600000
"Chipping Sparrow","23_MI","USA",2900000
"Chipping Sparrow","22_IA","USA",2900000
"Chipping Sparrow","13_ON","CAN",2800000
"Chipping Sparrow","12_QC","CAN",2800000
"Chipping Sparrow","10_MT","USA",2700000
"Chipping Sparrow","22_OH","USA",2400000
"Chipping Sparrow","7_SK","CAN",2200000
"Chipping Sparrow","6_BC","CAN",2200000
"Chipping Sparrow","27_NC","USA",2100000
"Chipping Sparrow","6_MB","CAN",2100000
"Chipping Sparrow","13_NY","USA",2100000
"Chipping Sparrow","22_IN","USA",2100000
"Chipping Sparrow","10_ID","USA",2100000
"Chipping Sparrow","29_NC","USA",2000000
"Chipping Sparrow","16_NM","USA",1900000
"Chipping Sparrow","12_MN","USA",1900000
"Chipping Sparrow","16_CO","USA",1800000
"Chipping Sparrow","29_VA","USA",1800000
"Chipping Sparrow","4_NT","CAN",1800000
"Chipping Sparrow","9_OR","USA",1800000
"Chipping Sparrow","10_OR","USA",1700000
"Chipping Sparrow","24_KY","USA",1700000
"Chipping Sparrow","24_MO","USA",1700000
"Chipping Sparrow","16_UT","USA",1600000
"Chipping Sparrow","9_BC","CAN",1600000
"Chipping Sparrow","10_AB","CAN",1600000
"Chipping Sparrow","12_WI","USA",1600000
"Chipping Sparrow","23_MN","USA",1500000
"Chipping Sparrow","14_ME","USA",1500000
"Chipping Sparrow","28_WV","USA",1500000
"Chipping Sparrow","29_GA","USA",1300000
"Chipping Sparrow","14_QC","CAN",1300000
"Chipping Sparrow","17_SD","USA",1200000
"Chipping Sparrow","14_NB","CAN",1100000
"Chipping Sparrow","11_ND","USA",1000000
"Chipping Sparrow","24_IN","USA",1000000
"Chipping Sparrow","10_WA","USA",1000000
"Chipping Sparrow","22_MO","USA",980000
"Chipping Sparrow","28_KY","USA",970000
"Chipping Sparrow","24_TN","USA",960000
"Chipping Sparrow","16_AZ","USA",950000
"Chipping Sparrow","9_WA","USA",950000
"Chipping Sparrow","34_AZ","USA",930000
"Chipping Sparrow","10_WY","USA",890000
"Chipping Sparrow","28_AL","USA",880000
"Chipping Sparrow","28_NY","USA",880000
"Chipping Sparrow","14_NY","USA",860000
"Chipping Sparrow","7_ON","CAN",860000
"Chipping Sparrow","28_VA","USA",860000
"Chipping Sparrow","13_OH","USA",850000
"Chipping Sparrow","13_QC","CAN",850000
"Chipping Sparrow","11_MN","USA",830000
"Chipping Sparrow","28_OH","USA",820000
"Chipping Sparrow","27_VA","USA",790000
"Chipping Sparrow","19_NE","USA",780000
"Chipping Sparrow","30_MD","USA",740000
"Chipping Sparrow","29_SC","USA",730000
"Chipping Sparrow","30_MA","USA",720000
"Chipping Sparrow","28_TN","USA",710000
"Chipping Sparrow","14_NH","USA",660000
"Chipping Sparrow","4_AK","USA",640000
"Chipping Sparrow","30_CT","USA",620000
"Chipping Sparrow","9_CA","USA",620000
"Chipping Sparrow","9_ID","USA",620000
"Chipping Sparrow","11_IA","USA",620000
"Chipping Sparrow","23_IN","USA",600000
"Chipping Sparrow","15_CA","USA",580000
"Chipping Sparrow","27_TN","USA",550000
"Chipping Sparrow","5_BC","CAN",540000
"Chipping Sparrow","9_NV","USA",530000
"Chipping Sparrow","27_MS","USA",520000
"Chipping Sparrow","29_PA","USA",500000
"Chipping Sparrow","24_AR","USA",500000
"Chipping Sparrow","20_TX","USA",480000
"Chipping Sparrow","35_NM","USA",470000
"Chipping Sparrow","17_WY","USA",460000
"Chipping Sparrow","30_NJ","USA",460000
"Chipping Sparrow","22_NE","USA",440000
"Chipping Sparrow","11_MB","CAN",430000
"Chipping Sparrow","25_AR","USA",410000
"Chipping Sparrow","11_AB","CAN",400000
"Chipping Sparrow","11_SD","USA",400000
"Chipping Sparrow","22_KS","USA",390000
"Chipping Sparrow","29_MD","USA",390000
"Chipping Sparrow","11_SK","CAN",390000
"Chipping Sparrow","17_MT","USA",370000
"Chipping Sparrow","13_PA","USA",370000
"Chipping Sparrow","28_GA","USA",350000
"Chipping Sparrow","27_SC","USA",340000
"Chipping Sparrow","27_AL","USA",340000
"Chipping Sparrow","24_IL","USA",330000
"Chipping Sparrow","12_MB","CAN",310000
"Chipping Sparrow","22_MN","USA",300000
"Chipping Sparrow","14_VT","USA",290000
"Chipping Sparrow","17_ND","USA",280000
"Chipping Sparrow","22_MI","USA",280000
"Chipping Sparrow","5_OR","USA",260000
"Chipping Sparrow","32_CA","USA",230000
"Chipping Sparrow","25_TX","USA",230000
"Chipping Sparrow","28_NC","USA",230000
"Chipping Sparrow","30_NH","USA",230000
"Chipping Sparrow","5_CA","USA",230000
"Chipping Sparrow","25_OK","USA",220000
"Chipping Sparrow","27_GA","USA",220000
"Chipping Sparrow","28_MD","USA",210000
"Chipping Sparrow","14_MA","USA",200000
"Chipping Sparrow","29_AL","USA",200000
"Chipping Sparrow","7_AB","CAN",200000
"Chipping Sparrow","30_DE","USA",200000
"Chipping Sparrow","9_UT","USA",190000
"Chipping Sparrow","24_AL","USA",180000
"Chipping Sparrow","28_NJ","USA",170000
"Chipping Sparrow","14_NS","CAN",160000
"Chipping Sparrow","25_LA","USA",150000
"Chipping Sparrow","29_NJ","USA",150000
"Chipping Sparrow","23_IL","USA",140000
"Chipping Sparrow","30_VA","USA",130000
"Chipping Sparrow","30_RI","USA",120000
"Chipping Sparrow","24_OK","USA",120000
"Chipping Sparrow","11_NE","USA",110000
"Chipping Sparrow","16_WY","USA",110000
"Chipping Sparrow","19_KS","USA",96000
"Chipping Sparrow","13_VT","USA",92000
"Chipping Sparrow","34_NM","USA",84000
"Chipping Sparrow","26_AR","USA",84000
"Chipping Sparrow","30_NY","USA",83000
"Chipping Sparrow","18_CO","USA",76000
"Chipping Sparrow","27_KY","USA",76000
"Chipping Sparrow","5_WA","USA",71000
"Chipping Sparrow","18_NE","USA",68000
"Chipping Sparrow","14_CT","USA",64000
"Chipping Sparrow","30_ME","USA",63000
"Chipping Sparrow","17_NE","USA",59000
"Chipping Sparrow","23_IA","USA",59000
"Chipping Sparrow","10_CO","USA",56000
"Chipping Sparrow","22_WI","USA",55000
"Chipping Sparrow","24_OH","USA",49000
"Chipping Sparrow","26_MO","USA",48000
"Chipping Sparrow","35_TX","USA",47000
"Chipping Sparrow","8_NL","CAN",46000
"Chipping Sparrow","14_PE","CAN",44000
"Chipping Sparrow","5_AK","USA",40000
"Chipping Sparrow","28_CT","USA",36000
"Chipping Sparrow","19_TX","USA",34000
"Chipping Sparrow","28_SC","USA",32000
"Chipping Sparrow","28_MA","USA",28000
"Chipping Sparrow","27_LA","USA",22000
"Chipping Sparrow","21_TX","USA",17000
"Chipping Sparrow","26_TN","USA",17000
"Chipping Sparrow","33_CA","USA",17000
"Chipping Sparrow","30_PA","USA",14000
"Chipping Sparrow","26_KY","USA",13000
"Chipping Sparrow","21_OK","USA",12000
"Chipping Sparrow","15_NV","USA",11000
"Chipping Sparrow","16_ID","USA",11000
"Chipping Sparrow","29_DE","USA",9200
"Chipping Sparrow","11_MT","USA",9000
"Chipping Sparrow","19_SD","USA",8000
"Chipping Sparrow","26_IL","USA",7800
"Chipping Sparrow","36_TX","USA",7000
"Chipping Sparrow","35_AZ","USA",6200
"Chipping Sparrow","29_NY","USA",6100
"Chipping Sparrow","18_SD","USA",5800
"Chipping Sparrow","26_MS","USA",5500
"Chipping Sparrow","23_OH","USA",5000
"Chipping Sparrow","10_UT","USA",4100
"Chipping Sparrow","18_OK","USA",3900
"Chipping Sparrow","18_NM","USA",3800
"Chipping Sparrow","30_VT","USA",2900
"Chipping Sparrow","16_NV","USA",2700
"Chipping Sparrow","24_KS","USA",1700
"Chipping Sparrow","5_YT","CAN",1200
"Chipping Sparrow","22_OK","USA",870
"Chipping Sparrow","19_OK","USA",770
"Chipping Sparrow","9_WY","USA",680
"Chipping Sparrow","26_LA","USA",620
"Chipping Sparrow","27_FL","USA",290
"Chipping Sparrow","21_KS","USA",11
"Clay-colored Sparrow","6_AB","CAN",15000000
"Clay-colored Sparrow","11_SK","CAN",9200000
"Clay-colored Sparrow","6_SK","CAN",6700000
"Clay-colored Sparrow","11_AB","CAN",6400000
"Clay-colored Sparrow","6_BC","CAN",4200000
"Clay-colored Sparrow","11_ND","USA",4000000
"Clay-colored Sparrow","6_MB","CAN",3400000
"Clay-colored Sparrow","11_MB","CAN",2800000
"Clay-colored Sparrow","8_SK","CAN",1100000
"Clay-colored Sparrow","11_MT","USA",1000000
"Clay-colored Sparrow","11_MN","USA",710000
"Clay-colored Sparrow","12_MN","USA",690000
"Clay-colored Sparrow","10_BC","CAN",590000
"Clay-colored Sparrow","17_ND","USA",570000
"Clay-colored Sparrow","11_SD","USA",460000
"Clay-colored Sparrow","23_MN","USA",460000
"Clay-colored Sparrow","7_AB","CAN",310000
"Clay-colored Sparrow","10_AB","CAN",280000
"Clay-colored Sparrow","23_WI","USA",280000
"Clay-colored Sparrow","17_MT","USA",260000
"Clay-colored Sparrow","12_WI","USA",260000
"Clay-colored Sparrow","6_NT","CAN",180000
"Clay-colored Sparrow","10_MT","USA",180000
"Clay-colored Sparrow","12_MB","CAN",170000
"Clay-colored Sparrow","12_ON","CAN",150000
"Clay-colored Sparrow","12_MI","USA",110000
"Clay-colored Sparrow","10_WY","USA",60000
"Clay-colored Sparrow","8_ON","CAN",43000
"Clay-colored Sparrow","8_QC","CAN",33000
"Clay-colored Sparrow","17_SD","USA",31000
"Clay-colored Sparrow","13_ON","CAN",27000
"Clay-colored Sparrow","8_MB","CAN",23000
"Clay-colored Sparrow","9_BC","CAN",11000
"Clay-colored Sparrow","12_QC","CAN",8800
"Clay-colored Sparrow","7_ON","CAN",7300
"Clay-colored Sparrow","22_MN","USA",5500
"Clay-colored Sparrow","22_WI","USA",5100
"Clay-colored Sparrow","14_QC","CAN",3300
"Clay-colored Sparrow","4_YT","CAN",2500
"Clay-colored Sparrow","23_MI","USA",1600
"Clay-colored Sparrow","17_WY","USA",1500
"Clay-colored Sparrow","8_NL","CAN",910
"Clay-colored Sparrow","13_QC","CAN",850
"Clay-colored Sparrow","18_CO","USA",720
"Clay-colored Sparrow","14_ME","USA",180
"Clay-colored Sparrow","6_YT","CAN",110
"Black-chinned Sparrow","32_CA","USA",130000
"Black-chinned Sparrow","34_AZ","USA",76000
"Black-chinned Sparrow","35_NM","USA",35000
"Black-chinned Sparrow","35_TX","USA",12000
"Black-chinned Sparrow","34_NM","USA",12000
"Black-chinned Sparrow","16_AZ","USA",7600
"Black-chinned Sparrow","9_NV","USA",4700
"Black-chinned Sparrow","16_UT","USA",4000
"Black-chinned Sparrow","33_NV","USA",3600
"Black-chinned Sparrow","16_NM","USA",2700
"Black-chinned Sparrow","35_AZ","USA",780
"Black-chinned Sparrow","5_CA","USA",400
"Black-chinned Sparrow","33_CA","USA",330
"Black-chinned Sparrow","33_UT","USA",88
"Black-chinned Sparrow","16_NV","USA",44
"Field Sparrow","24_MO","USA",590000
"Field Sparrow","22_MO","USA",570000
"Field Sparrow","24_KY","USA",440000
"Field Sparrow","19_NE","USA",380000
"Field Sparrow","24_TN","USA",380000
"Field Sparrow","21_OK","USA",370000
"Field Sparrow","17_MT","USA",300000
"Field Sparrow","20_TX","USA",280000
"Field Sparrow","22_IA","USA",270000
"Field Sparrow","19_OK","USA",260000
"Field Sparrow","27_GA","USA",240000
"Field Sparrow","22_KS","USA",240000
"Field Sparrow","28_PA","USA",230000
"Field Sparrow","29_NC","USA",200000
"Field Sparrow","22_OH","USA",200000
"Field Sparrow","22_IL","USA",190000
"Field Sparrow","24_IN","USA",190000
"Field Sparrow","28_WV","USA",180000
"Field Sparrow","24_AR","USA",160000
"Field Sparrow","23_WI","USA",150000
"Field Sparrow","23_MI","USA",150000
"Field Sparrow","28_OH","USA",150000
"Field Sparrow","28_TN","USA",140000
"Field Sparrow","27_TN","USA",130000
"Field Sparrow","28_VA","USA",130000
"Field Sparrow","29_VA","USA",120000
"Field Sparrow","22_IN","USA",120000
"Field Sparrow","11_NE","USA",120000
"Field Sparrow","17_ND","USA",110000
"Field Sparrow","28_KY","USA",110000
"Field Sparrow","24_IL","USA",100000
"Field Sparrow","29_SC","USA",98000
"Field Sparrow","29_GA","USA",98000
"Field Sparrow","28_AL","USA",98000
"Field Sparrow","13_ON","CAN",89000
"Field Sparrow","27_NC","USA",89000
"Field Sparrow","22_NE","USA",86000
"Field Sparrow","25_OK","USA",84000
"Field Sparrow","19_KS","USA",81000
"Field Sparrow","23_MN","USA",81000
"Field Sparrow","13_NY","USA",75000
"Field Sparrow","19_TX","USA",74000
"Field Sparrow","27_AL","USA",66000
"Field Sparrow","17_SD","USA",64000
"Field Sparrow","24_AL","USA",48000
"Field Sparrow","12_MI","USA",47000
"Field Sparrow","24_OK","USA",47000
"Field Sparrow","28_GA","USA",47000
"Field Sparrow","25_AR","USA",46000
"Field Sparrow","28_NY","USA",45000
"Field Sparrow","28_NC","USA",45000
"Field Sparrow","27_VA","USA",44000
"Field Sparrow","13_OH","USA",43000
"Field Sparrow","27_MS","USA",41000
"Field Sparrow","21_TX","USA",35000
"Field Sparrow","23_IN","USA",35000
"Field Sparrow","22_OK","USA",33000
"Field Sparrow","27_SC","USA",28000
"Field Sparrow","26_MO","USA",27000
"Field Sparrow","27_KY","USA",23000
"Field Sparrow","12_ON","CAN",22000
"Field Sparrow","30_MD","USA",19000
"Field Sparrow","29_AL","USA",18000
"Field Sparrow","30_NJ","USA",18000
"Field Sparrow","11_SD","USA",18000
"Field Sparrow","11_MT","USA",17000
"Field Sparrow","29_PA","USA",17000
"Field Sparrow","11_ND","USA",16000
"Field Sparrow","24_OH","USA",15000
"Field Sparrow","26_AR","USA",14000
"Field Sparrow","13_PA","USA",13000
"Field Sparrow","11_MN","USA",13000
"Field Sparrow","28_MD","USA",13000
"Field Sparrow","29_MD","USA",13000
"Field Sparrow","23_IL","USA",12000
"Field Sparrow","12_WI","USA",12000
"Field Sparrow","30_DE","USA",11000
"Field Sparrow","29_NJ","USA",11000
"Field Sparrow","26_TN","USA",9900
"Field Sparrow","28_SC","USA",8700
"Field Sparrow","18_TX","USA",7800
"Field Sparrow","30_VA","USA",7600
"Field Sparrow","17_WY","USA",6700
"Field Sparrow","22_MN","USA",5500
"Field Sparrow","23_IA","USA",5500
"Field Sparrow","14_NY","USA",5300
"Field Sparrow","26_MS","USA",5300
"Field Sparrow","28_NJ","USA",3800
"Field Sparrow","10_WY","USA",3700
"Field Sparrow","19_SD","USA",3700
"Field Sparrow","17_NE","USA",3700
"Field Sparrow","30_MA","USA",3300
"Field Sparrow","26_KY","USA",3200
"Field Sparrow","25_TX","USA",3100
"Field Sparrow","11_IA","USA",2900
"Field Sparrow","37_TX","USA",2800
"Field Sparrow","22_WI","USA",2500
"Field Sparrow","13_VT","USA",2300
"Field Sparrow","22_MI","USA",2300
"Field Sparrow","21_KS","USA",2200
"Field Sparrow","14_ME","USA",2000
"Field Sparrow","26_IL","USA",1900
"Field Sparrow","36_TX","USA",1900
"Field Sparrow","10_MT","USA",1800
"Field Sparrow","12_QC","CAN",1700
"Field Sparrow","14_VT","USA",1500
"Field Sparrow","25_LA","USA",1400
"Field Sparrow","27_FL","USA",1400
"Field Sparrow","30_NY","USA",1200
"Field Sparrow","30_CT","USA",1100
"Field Sparrow","14_NH","USA",930
"Field Sparrow","14_MA","USA",920
"Field Sparrow","18_KS","USA",830
"Field Sparrow","24_KS","USA",660
"Field Sparrow","8_ON","CAN",650
"Field Sparrow","14_QC","CAN",600
"Field Sparrow","30_RI","USA",600
"Field Sparrow","30_PA","USA",550
"Field Sparrow","29_NY","USA",470
"Field Sparrow","12_MN","USA",450
"Field Sparrow","30_NH","USA",310
"Field Sparrow","14_NB","CAN",310
"Field Sparrow","29_DE","USA",300
"Field Sparrow","23_OH","USA",290
"Field Sparrow","28_CT","USA",200
"Field Sparrow","18_NE","USA",200
"Field Sparrow","14_CT","USA",180
"Field Sparrow","28_MA","USA",160
"Field Sparrow","13_QC","CAN",120
"Field Sparrow","18_CO","USA",100
"Field Sparrow","16_WY","USA",57
"Field Sparrow","18_SD","USA",15
"Field Sparrow","30_VT","USA",4
"Brewer's Sparrow","9_NV","USA",4900000
"Brewer's Sparrow","10_WY","USA",2800000
"Brewer's Sparrow","9_OR","USA",1600000
"Brewer's Sparrow","9_ID","USA",1500000
"Brewer's Sparrow","16_CO","USA",830000
"Brewer's Sparrow","9_UT","USA",750000
"Brewer's Sparrow","16_UT","USA",680000
"Brewer's Sparrow","10_MT","USA",600000
"Brewer's Sparrow","9_CA","USA",560000
"Brewer's Sparrow","10_ID","USA",470000
"Brewer's Sparrow","17_MT","USA",370000
"Brewer's Sparrow","17_WY","USA",310000
"Brewer's Sparrow","10_CO","USA",230000
"Brewer's Sparrow","10_OR","USA",230000
"Brewer's Sparrow","9_WA","USA",220000
"Brewer's Sparrow","16_NM","USA",130000
"Brewer's Sparrow","11_MT","USA",89000
"Brewer's Sparrow","15_CA","USA",87000
"Brewer's Sparrow","11_SK","CAN",78000
"Brewer's Sparrow","33_CA","USA",66000
"Brewer's Sparrow","16_WY","USA",45000
"Brewer's Sparrow","11_AB","CAN",34000
"Brewer's Sparrow","10_UT","USA",34000
"Brewer's Sparrow","18_CO","USA",31000
"Brewer's Sparrow","16_AZ","USA",27000
"Brewer's Sparrow","4_YT","CAN",19000
"Brewer's Sparrow","9_BC","CAN",17000
"Brewer's Sparrow","32_CA","USA",17000
"Brewer's Sparrow","17_SD","USA",5200
"Brewer's Sparrow","5_CA","USA",5000
"Brewer's Sparrow","16_ID","USA",4600
"Brewer's Sparrow","18_NM","USA",2300
"Brewer's Sparrow","34_AZ","USA",2100
"Brewer's Sparrow","10_WA","USA",2100
"Brewer's Sparrow","33_NV","USA",1900
"Brewer's Sparrow","10_AB","CAN",1900
"Brewer's Sparrow","9_WY","USA",1700
"Brewer's Sparrow","15_NV","USA",1700
"Brewer's Sparrow","33_AZ","USA",1200
"Brewer's Sparrow","10_BC","CAN",720
"Brewer's Sparrow","18_NE","USA",650
"Brewer's Sparrow","18_WY","USA",570
"Brewer's Sparrow","17_NE","USA",320
"Brewer's Sparrow","33_UT","USA",33
"Brewer's Sparrow","18_SD","USA",20
"Fox Sparrow","2_AK","USA",7900000
"Fox Sparrow","4_AK","USA",5300000
"Fox Sparrow","7_QC","CAN",3100000
"Fox Sparrow","7_NL","CAN",2900000
"Fox Sparrow","8_NL","CAN",2200000
"Fox Sparrow","7_MB","CAN",2000000
"Fox Sparrow","4_YT","CAN",1500000
"Fox Sparrow","5_AK","USA",1500000
"Fox Sparrow","7_ON","CAN",1200000
"Fox Sparrow","4_BC","CAN",1100000
"Fox Sparrow","8_QC","CAN",980000
"Fox Sparrow","3_AK","USA",860000
"Fox Sparrow","6_NT","CAN",650000
"Fox Sparrow","3_NU","CAN",540000
"Fox Sparrow","8_MB","CAN",370000
"Fox Sparrow","5_BC","CAN",300000
"Fox Sparrow","8_SK","CAN",290000
"Fox Sparrow","15_CA","USA",260000
"Fox Sparrow","10_BC","CAN",210000
"Fox Sparrow","7_NT","CAN",200000
"Fox Sparrow","3_QC","CAN",160000
"Fox Sparrow","3_NT","CAN",100000
"Fox Sparrow","8_ON","CAN",100000
"Fox Sparrow","12_QC","CAN",95000
"Fox Sparrow","3_YT","CAN",83000
"Fox Sparrow","9_OR","USA",78000
"Fox Sparrow","10_ID","USA",67000
"Fox Sparrow","6_YT","CAN",66000
"Fox Sparrow","14_QC","CAN",45000
"Fox Sparrow","16_CO","USA",43000
"Fox Sparrow","1_AK","USA",40000
"Fox Sparrow","5_YT","CAN",38000
"Fox Sparrow","32_CA","USA",34000
"Fox Sparrow","7_SK","CAN",32000
"Fox Sparrow","6_BC","CAN",30000
"Fox Sparrow","9_CA","USA",28000
"Fox Sparrow","5_CA","USA",27000
"Fox Sparrow","9_NV","USA",25000
"Fox Sparrow","9_ID","USA",24000
"Fox Sparrow","6_AB","CAN",22000
"Fox Sparrow","10_AB","CAN",20000
"Fox Sparrow","16_UT","USA",14000
"Fox Sparrow","5_OR","USA",14000
"Fox Sparrow","10_WY","USA",13000
"Fox Sparrow","14_NB","CAN",13000
"Fox Sparrow","10_MT","USA",12000
"Fox Sparrow","14_NS","CAN",7800
"Fox Sparrow","15_NV","USA",5000
"Fox Sparrow","5_WA","USA",4900
"Fox Sparrow","10_OR","USA",4800
"Fox Sparrow","10_WA","USA",3100
"Fox Sparrow","14_ME","USA",1800
"Fox Sparrow","9_WA","USA",1400
"Fox Sparrow","3_MB","CAN",1200
"Fox Sparrow","10_CO","USA",900
"Fox Sparrow","11_AB","CAN",530
"Fox Sparrow","7_AB","CAN",450
"Fox Sparrow","9_BC","CAN",260
"Fox Sparrow","16_ID","USA",190
"Fox Sparrow","10_UT","USA",150
"Fox Sparrow","18_CO","USA",120
"Fox Sparrow","9_WY","USA",27
"American Tree Sparrow","3_NU","CAN",7500000
"American Tree Sparrow","3_AK","USA",4300000
"American Tree Sparrow","4_AK","USA",3300000
"American Tree Sparrow","3_QC","CAN",2300000
"American Tree Sparrow","7_MB","CAN",2100000
"American Tree Sparrow","2_AK","USA",1900000
"American Tree Sparrow","3_NT","CAN",1500000
"American Tree Sparrow","4_YT","CAN",1200000
"American Tree Sparrow","6_NT","CAN",840000
"American Tree Sparrow","3_YT","CAN",500000
"American Tree Sparrow","4_BC","CAN",470000
"American Tree Sparrow","4_NT","CAN",240000
"American Tree Sparrow","7_ON","CAN",160000
"American Tree Sparrow","7_QC","CAN",61000
"American Tree Sparrow","5_AK","USA",58000
"American Tree Sparrow","7_NL","CAN",25000
"American Tree Sparrow","3_MB","CAN",17000
"Dark-eyed Junco","4_AK","USA",46000000
"Dark-eyed Junco","4_YT","CAN",22000000
"Dark-eyed Junco","7_QC","CAN",18000000
"Dark-eyed Junco","7_NT","CAN",14000000
"Dark-eyed Junco","10_BC","CAN",14000000
"Dark-eyed Junco","7_NL","CAN",11000000
"Dark-eyed Junco","4_BC","CAN",10000000
"Dark-eyed Junco","6_NT","CAN",10000000
"Dark-eyed Junco","7_ON","CAN",6800000
"Dark-eyed Junco","8_QC","CAN",6100000
"Dark-eyed Junco","3_AK","USA",4600000
"Dark-eyed Junco","5_AK","USA",4400000
"Dark-eyed Junco","8_NL","CAN",3300000
"Dark-eyed Junco","6_AB","CAN",3300000
"Dark-eyed Junco","5_BC","CAN",3100000
"Dark-eyed Junco","8_SK","CAN",2700000
"Dark-eyed Junco","8_ON","CAN",2500000
"Dark-eyed Junco","7_SK","CAN",2200000
"Dark-eyed Junco","10_MT","USA",1800000
"Dark-eyed Junco","10_OR","USA",1800000
"Dark-eyed Junco","2_AK","USA",1700000
"Dark-eyed Junco","8_MB","CAN",1700000
"Dark-eyed Junco","9_OR","USA",1600000
"Dark-eyed Junco","16_CO","USA",1600000
"Dark-eyed Junco","32_CA","USA",1500000
"Dark-eyed Junco","15_CA","USA",1500000
"Dark-eyed Junco","10_ID","USA",1400000
"Dark-eyed Junco","7_MB","CAN",1300000
"Dark-eyed Junco","3_YT","CAN",1300000
"Dark-eyed Junco","5_OR","USA",1300000
"Dark-eyed Junco","5_WA","USA",1100000
"Dark-eyed Junco","5_CA","USA",1100000
"Dark-eyed Junco","9_BC","CAN",1000000
"Dark-eyed Junco","34_AZ","USA",1000000
"Dark-eyed Junco","10_AB","CAN",1000000
"Dark-eyed Junco","6_YT","CAN",980000
"Dark-eyed Junco","12_QC","CAN",940000
"Dark-eyed Junco","16_UT","USA",940000
"Dark-eyed Junco","17_SD","USA",940000
"Dark-eyed Junco","14_NS","CAN",870000
"Dark-eyed Junco","6_SK","CAN",840000
"Dark-eyed Junco","6_BC","CAN",820000
"Dark-eyed Junco","9_WA","USA",800000
"Dark-eyed Junco","10_WY","USA",770000
"Dark-eyed Junco","14_NB","CAN",580000
"Dark-eyed Junco","16_AZ","USA",580000
"Dark-eyed Junco","9_CA","USA",520000
"Dark-eyed Junco","10_WA","USA",500000
"Dark-eyed Junco","16_NM","USA",480000
"Dark-eyed Junco","28_PA","USA",450000
"Dark-eyed Junco","14_QC","CAN",440000
"Dark-eyed Junco","12_ON","CAN",390000
"Dark-eyed Junco","35_NM","USA",350000
"Dark-eyed Junco","14_ME","USA",280000
"Dark-eyed Junco","28_NY","USA",280000
"Dark-eyed Junco","14_NY","USA",200000
"Dark-eyed Junco","28_NC","USA",200000
"Dark-eyed Junco","9_NV","USA",180000
"Dark-eyed Junco","16_WY","USA",160000
"Dark-eyed Junco","17_WY","USA",130000
"Dark-eyed Junco","9_ID","USA",120000
"Dark-eyed Junco","6_MB","CAN",110000
"Dark-eyed Junco","5_YT","CAN",110000
"Dark-eyed Junco","14_PE","CAN",87000
"Dark-eyed Junco","28_WV","USA",80000
"Dark-eyed Junco","13_NY","USA",80000
"Dark-eyed Junco","14_VT","USA",77000
"Dark-eyed Junco","7_AB","CAN",66000
"Dark-eyed Junco","34_NM","USA",61000
"Dark-eyed Junco","15_NV","USA",57000
"Dark-eyed Junco","14_NH","USA",55000
"Dark-eyed Junco","12_MI","USA",51000
"Dark-eyed Junco","14_MA","USA",43000
"Dark-eyed Junco","11_AB","CAN",41000
"Dark-eyed Junco","18_CO","USA",31000
"Dark-eyed Junco","12_MN","USA",22000
"Dark-eyed Junco","28_VA","USA",20000
"Dark-eyed Junco","28_TN","USA",20000
"Dark-eyed Junco","13_QC","CAN",16000
"Dark-eyed Junco","3_NU","CAN",9100
"Dark-eyed Junco","12_MB","CAN",8100
"Dark-eyed Junco","12_WI","USA",6500
"Dark-eyed Junco","16_ID","USA",4800
"Dark-eyed Junco","13_VT","USA",4200
"Dark-eyed Junco","18_NE","USA",3600
"Dark-eyed Junco","13_ON","CAN",3400
"Dark-eyed Junco","17_MT","USA",3100
"Dark-eyed Junco","13_PA","USA",2400
"Dark-eyed Junco","28_MD","USA",2200
"Dark-eyed Junco","30_CT","USA",1800
"Dark-eyed Junco","3_NT","CAN",1800
"Dark-eyed Junco","23_WI","USA",1500
"Dark-eyed Junco","28_GA","USA",1400
"Dark-eyed Junco","11_MB","CAN",930
"Dark-eyed Junco","14_CT","USA",640
"Dark-eyed Junco","13_OH","USA",310
"Dark-eyed Junco","30_NH","USA",300
"Dark-eyed Junco","10_CO","USA",300
"Dark-eyed Junco","3_MB","CAN",20
"Dark-eyed Junco","30_VT","USA",5
"Yellow-eyed Junco","34_AZ","USA",470000
"White-crowned Sparrow","4_AK","USA",19000000
"White-crowned Sparrow","3_AK","USA",9600000
"White-crowned Sparrow","3_NU","CAN",6700000
"White-crowned Sparrow","2_AK","USA",6300000
"White-crowned Sparrow","7_QC","CAN",6000000
"White-crowned Sparrow","7_MB","CAN",5700000
"White-crowned Sparrow","4_YT","CAN",5400000
"White-crowned Sparrow","6_NT","CAN",4900000
"White-crowned Sparrow","7_NL","CAN",2400000
"White-crowned Sparrow","3_QC","CAN",1800000
"White-crowned Sparrow","3_NT","CAN",1300000
"White-crowned Sparrow","5_BC","CAN",1200000
"White-crowned Sparrow","4_BC","CAN",1100000
"White-crowned Sparrow","7_ON","CAN",1100000
"White-crowned Sparrow","16_CO","USA",760000
"White-crowned Sparrow","10_MT","USA",610000
"White-crowned Sparrow","3_YT","CAN",590000
"White-crowned Sparrow","5_WA","USA",570000
"White-crowned Sparrow","5_OR","USA",510000
"White-crowned Sparrow","5_AK","USA",510000
"White-crowned Sparrow","10_BC","CAN",370000
"White-crowned Sparrow","10_AB","CAN",360000
"White-crowned Sparrow","16_UT","USA",320000
"White-crowned Sparrow","10_WY","USA",280000
"White-crowned Sparrow","8_NL","CAN",280000
"White-crowned Sparrow","9_WA","USA",240000
"White-crowned Sparrow","6_YT","CAN",240000
"White-crowned Sparrow","7_NT","CAN",200000
"White-crowned Sparrow","8_MB","CAN",180000
"White-crowned Sparrow","10_ID","USA",170000
"White-crowned Sparrow","8_QC","CAN",140000
"White-crowned Sparrow","5_CA","USA",140000
"White-crowned Sparrow","6_AB","CAN",130000
"White-crowned Sparrow","9_OR","USA",81000
"White-crowned Sparrow","9_NV","USA",64000
"White-crowned Sparrow","9_ID","USA",53000
"White-crowned Sparrow","9_BC","CAN",42000
"White-crowned Sparrow","16_WY","USA",33000
"White-crowned Sparrow","15_CA","USA",23000
"White-crowned Sparrow","5_YT","CAN",22000
"White-crowned Sparrow","32_CA","USA",19000
"White-crowned Sparrow","8_ON","CAN",19000
"White-crowned Sparrow","11_AB","CAN",19000
"White-crowned Sparrow","7_SK","CAN",17000
"White-crowned Sparrow","11_SK","CAN",15000
"White-crowned Sparrow","3_MB","CAN",13000
"White-crowned Sparrow","17_MT","USA",5100
"White-crowned Sparrow","7_AB","CAN",3100
"White-crowned Sparrow","16_ID","USA",2600
"White-crowned Sparrow","6_SK","CAN",1400
"White-crowned Sparrow","10_WA","USA",1200
"White-crowned Sparrow","9_UT","USA",1100
"White-crowned Sparrow","12_ON","CAN",540
"White-crowned Sparrow","15_NV","USA",530
"White-crowned Sparrow","17_WY","USA",530
"White-crowned Sparrow","10_UT","USA",270
"White-crowned Sparrow","9_WY","USA",120
"Golden-crowned Sparrow","2_AK","USA",5700000
"Golden-crowned Sparrow","4_BC","CAN",760000
"Golden-crowned Sparrow","4_AK","USA",650000
"Golden-crowned Sparrow","5_AK","USA",300000
"Golden-crowned Sparrow","4_YT","CAN",55000
"Golden-crowned Sparrow","10_BC","CAN",9700
"Golden-crowned Sparrow","5_YT","CAN",7700
"Golden-crowned Sparrow","10_AB","CAN",360
"Golden-crowned Sparrow","6_YT","CAN",75
"White-throated Sparrow","7_QC","CAN",26000000
"White-throated Sparrow","8_QC","CAN",24000000
"White-throated Sparrow","8_ON","CAN",20000000
"White-throated Sparrow","6_AB","CAN",10000000
"White-throated Sparrow","6_NT","CAN",9200000
"White-throated Sparrow","8_MB","CAN",7800000
"White-throated Sparrow","12_ON","CAN",6800000
"White-throated Sparrow","12_QC","CAN",6700000
"White-throated Sparrow","7_ON","CAN",6700000
"White-throated Sparrow","7_NT","CAN",5500000
"White-throated Sparrow","8_NL","CAN",5300000
"White-throated Sparrow","8_SK","CAN",4900000
"White-throated Sparrow","7_NL","CAN",4800000
"White-throated Sparrow","6_SK","CAN",3400000
"White-throated Sparrow","6_BC","CAN",3200000
"White-throated Sparrow","14_NB","CAN",2300000
"White-throated Sparrow","14_QC","CAN",2200000
"White-throated Sparrow","10_BC","CAN",2100000
"White-throated Sparrow","12_MN","USA",2000000
"White-throated Sparrow","6_MB","CAN",1700000
"White-throated Sparrow","14_ME","USA",1300000
"White-throated Sparrow","7_SK","CAN",1100000
"White-throated Sparrow","12_MI","USA",830000
"White-throated Sparrow","14_NS","CAN",830000
"White-throated Sparrow","4_BC","CAN",620000
"White-throated Sparrow","12_WI","USA",530000
"White-throated Sparrow","7_MB","CAN",460000
"White-throated Sparrow","14_NY","USA",440000
"White-throated Sparrow","12_MB","CAN",380000
"White-throated Sparrow","4_YT","CAN",320000
"White-throated Sparrow","13_ON","CAN",220000
"White-throated Sparrow","7_AB","CAN",200000
"White-throated Sparrow","13_QC","CAN",200000
"White-throated Sparrow","14_VT","USA",170000
"White-throated Sparrow","14_NH","USA",140000
"White-throated Sparrow","11_AB","CAN",110000
"White-throated Sparrow","4_NT","CAN",110000
"White-throated Sparrow","14_PE","CAN",92000
"White-throated Sparrow","10_AB","CAN",64000
"White-throated Sparrow","13_NY","USA",58000
"White-throated Sparrow","3_NU","CAN",44000
"White-throated Sparrow","28_NY","USA",41000
"White-throated Sparrow","23_WI","USA",33000
"White-throated Sparrow","11_MB","CAN",28000
"White-throated Sparrow","11_SK","CAN",11000
"White-throated Sparrow","28_PA","USA",10000
"White-throated Sparrow","3_NT","CAN",8600
"White-throated Sparrow","14_MA","USA",6300
"White-throated Sparrow","11_MN","USA",3900
"White-throated Sparrow","5_BC","CAN",3500
"White-throated Sparrow","23_MN","USA",2600
"White-throated Sparrow","11_ND","USA",720
"White-throated Sparrow","13_VT","USA",710
"White-throated Sparrow","30_NH","USA",540
"White-throated Sparrow","28_WV","USA",390
"White-throated Sparrow","30_MA","USA",250
"White-throated Sparrow","3_MB","CAN",33
"White-throated Sparrow","30_VT","USA",7
"Sagebrush Sparrow","9_NV","USA",3400000
"Sagebrush Sparrow","10_WY","USA",830000
"Sagebrush Sparrow","16_UT","USA",280000
"Sagebrush Sparrow","9_OR","USA",240000
"Sagebrush Sparrow","9_UT","USA",230000
"Sagebrush Sparrow","16_NM","USA",180000
"Sagebrush Sparrow","16_AZ","USA",68000
"Sagebrush Sparrow","9_ID","USA",57000
"Sagebrush Sparrow","16_CO","USA",36000
"Sagebrush Sparrow","10_CO","USA",35000
"Sagebrush Sparrow","9_WA","USA",29000
"Sagebrush Sparrow","9_CA","USA",13000
"Sagebrush Sparrow","17_WY","USA",13000
"Sagebrush Sparrow","10_OR","USA",2500
"Sagebrush Sparrow","16_ID","USA",1900
"Sagebrush Sparrow","16_WY","USA",1100
"Sagebrush Sparrow","17_MT","USA",870
"Sagebrush Sparrow","34_AZ","USA",680
"Bell's Sparrow","33_CA","USA",120000
"Bell's Sparrow","32_CA","USA",93000
"Bell's Sparrow","5_CA","USA",2100
"Vesper Sparrow","11_SK","CAN",4800000
"Vesper Sparrow","11_AB","CAN",3100000
"Vesper Sparrow","17_MT","USA",2700000
"Vesper Sparrow","10_MT","USA",2700000
"Vesper Sparrow","10_WY","USA",2000000
"Vesper Sparrow","11_MT","USA",1600000
"Vesper Sparrow","11_ND","USA",1600000
"Vesper Sparrow","6_AB","CAN",1400000
"Vesper Sparrow","9_NV","USA",1300000
"Vesper Sparrow","6_SK","CAN",1200000
"Vesper Sparrow","9_ID","USA",970000
"Vesper Sparrow","11_MN","USA",820000
"Vesper Sparrow","16_CO","USA",820000
"Vesper Sparrow","11_MB","CAN",760000
"Vesper Sparrow","10_BC","CAN",740000
"Vesper Sparrow","9_OR","USA",710000
"Vesper Sparrow","16_NM","USA",650000
"Vesper Sparrow","17_WY","USA",550000
"Vesper Sparrow","11_IA","USA",500000
"Vesper Sparrow","16_UT","USA",470000
"Vesper Sparrow","22_IL","USA",470000
"Vesper Sparrow","9_WA","USA",350000
"Vesper Sparrow","17_ND","USA",350000
"Vesper Sparrow","11_SD","USA",340000
"Vesper Sparrow","22_IA","USA",310000
"Vesper Sparrow","6_MB","CAN",290000
"Vesper Sparrow","9_BC","CAN",280000
"Vesper Sparrow","17_SD","USA",270000
"Vesper Sparrow","10_ID","USA",250000
"Vesper Sparrow","23_WI","USA",210000
"Vesper Sparrow","22_IN","USA",160000
"Vesper Sparrow","23_MN","USA",160000
"Vesper Sparrow","9_UT","USA",160000
"Vesper Sparrow","10_CO","USA",140000
"Vesper Sparrow","16_WY","USA",130000
"Vesper Sparrow","9_CA","USA",120000
"Vesper Sparrow","13_ON","CAN",120000
"Vesper Sparrow","6_BC","CAN",110000
"Vesper Sparrow","18_NM","USA",110000
"Vesper Sparrow","12_MI","USA",110000
"Vesper Sparrow","10_OR","USA",100000
"Vesper Sparrow","10_AB","CAN",98000
"Vesper Sparrow","34_AZ","USA",95000
"Vesper Sparrow","22_MN","USA",91000
"Vesper Sparrow","22_OH","USA",79000
"Vesper Sparrow","18_CO","USA",74000
"Vesper Sparrow","15_CA","USA",50000
"Vesper Sparrow","13_NY","USA",46000
"Vesper Sparrow","23_MI","USA",43000
"Vesper Sparrow","19_NE","USA",41000
"Vesper Sparrow","10_WA","USA",33000
"Vesper Sparrow","12_WI","USA",32000
"Vesper Sparrow","23_IN","USA",31000
"Vesper Sparrow","12_MN","USA",27000
"Vesper Sparrow","22_NE","USA",24000
"Vesper Sparrow","22_MO","USA",21000
"Vesper Sparrow","12_ON","CAN",21000
"Vesper Sparrow","16_AZ","USA",19000
"Vesper Sparrow","28_PA","USA",18000
"Vesper Sparrow","8_ON","CAN",16000
"Vesper Sparrow","13_QC","CAN",16000
"Vesper Sparrow","8_AB","CAN",15000
"Vesper Sparrow","8_QC","CAN",15000
"Vesper Sparrow","12_MB","CAN",14000
"Vesper Sparrow","22_KS","USA",14000
"Vesper Sparrow","17_NE","USA",13000
"Vesper Sparrow","14_QC","CAN",11000
"Vesper Sparrow","14_ME","USA",9600
"Vesper Sparrow","22_MI","USA",8500
"Vesper Sparrow","24_IL","USA",8300
"Vesper Sparrow","18_WY","USA",8300
"Vesper Sparrow","5_OR","USA",7300
"Vesper Sparrow","35_NM","USA",6800
"Vesper Sparrow","12_QC","CAN",6800
"Vesper Sparrow","10_UT","USA",5800
"Vesper Sparrow","18_NE","USA",5800
"Vesper Sparrow","11_NE","USA",5300
"Vesper Sparrow","13_OH","USA",4700
"Vesper Sparrow","24_IN","USA",4000
"Vesper Sparrow","22_WI","USA",3700
"Vesper Sparrow","16_ID","USA",3200
"Vesper Sparrow","30_MD","USA",1700
"Vesper Sparrow","23_IA","USA",1700
"Vesper Sparrow","29_MD","USA",1600
"Vesper Sparrow","29_PA","USA",1500
"Vesper Sparrow","28_VA","USA",1300
"Vesper Sparrow","18_KS","USA",1300
"Vesper Sparrow","28_WV","USA",1100
"Vesper Sparrow","9_WY","USA",1100
"Vesper Sparrow","23_IL","USA",940
"Vesper Sparrow","14_NB","CAN",910
"Vesper Sparrow","28_OH","USA",840
"Vesper Sparrow","14_MA","USA",720
"Vesper Sparrow","19_SD","USA",590
"Vesper Sparrow","28_MD","USA",550
"Vesper Sparrow","18_TX","USA",520
"Vesper Sparrow","18_SD","USA",490
"Vesper Sparrow","30_DE","USA",390
"Vesper Sparrow","23_OH","USA",250
"Vesper Sparrow","13_PA","USA",250
"Vesper Sparrow","5_BC","CAN",250
"Vesper Sparrow","28_NY","USA",240
"Vesper Sparrow","18_OK","USA",220
"Vesper Sparrow","19_KS","USA",190
"Vesper Sparrow","14_VT","USA",160
"Vesper Sparrow","14_NS","CAN",150
"Vesper Sparrow","13_VT","USA",110
"Vesper Sparrow","16_NV","USA",3
"LeConte's Sparrow","6_AB","CAN",1600000
"LeConte's Sparrow","6_SK","CAN",680000
"LeConte's Sparrow","6_MB","CAN",550000
"LeConte's Sparrow","11_SK","CAN",470000
"LeConte's Sparrow","7_ON","CAN",370000
"LeConte's Sparrow","11_AB","CAN",240000
"LeConte's Sparrow","11_MB","CAN",230000
"LeConte's Sparrow","11_MN","USA",180000
"LeConte's Sparrow","11_ND","USA",180000
"LeConte's Sparrow","6_NT","CAN",130000
"LeConte's Sparrow","12_MN","USA",110000
"LeConte's Sparrow","8_ON","CAN",80000
"LeConte's Sparrow","8_QC","CAN",60000
"LeConte's Sparrow","12_MB","CAN",44000
"LeConte's Sparrow","12_ON","CAN",41000
"LeConte's Sparrow","8_AB","CAN",17000
"LeConte's Sparrow","12_MI","USA",17000
"LeConte's Sparrow","8_SK","CAN",15000
"LeConte's Sparrow","8_MB","CAN",15000
"LeConte's Sparrow","23_WI","USA",14000
"LeConte's Sparrow","6_BC","CAN",12000
"LeConte's Sparrow","23_MN","USA",11000
"LeConte's Sparrow","12_QC","CAN",10000
"LeConte's Sparrow","10_AB","CAN",9200
"LeConte's Sparrow","12_WI","USA",6800
"LeConte's Sparrow","11_SD","USA",4900
"LeConte's Sparrow","11_MT","USA",2700
"LeConte's Sparrow","17_ND","USA",1200
"Seaside Sparrow","37_LA","USA",150000
"Seaside Sparrow","27_AL","USA",9100
"Seaside Sparrow","30_DE","USA",8900
"Seaside Sparrow","30_MD","USA",8100
"Seaside Sparrow","37_TX","USA",7000
"Seaside Sparrow","27_NC","USA",5200
"Seaside Sparrow","30_NJ","USA",1200
"Seaside Sparrow","31_FL","USA",950
"Seaside Sparrow","37_MS","USA",800
"Seaside Sparrow","27_FL","USA",480
"Seaside Sparrow","30_VA","USA",230
"Nelson's Sparrow","7_ON","CAN",400000
"Nelson's Sparrow","11_SK","CAN",180000
"Nelson's Sparrow","11_ND","USA",120000
"Nelson's Sparrow","6_AB","CAN",63000
"Nelson's Sparrow","6_SK","CAN",51000
"Nelson's Sparrow","11_MB","CAN",45000
"Nelson's Sparrow","11_AB","CAN",40000
"Nelson's Sparrow","6_MB","CAN",28000
"Nelson's Sparrow","7_MB","CAN",15000
"Nelson's Sparrow","12_MN","USA",13000
"Nelson's Sparrow","6_NT","CAN",12000
"Nelson's Sparrow","14_PE","CAN",11000
"Nelson's Sparrow","14_NB","CAN",10000
"Nelson's Sparrow","14_NS","CAN",10000
"Nelson's Sparrow","11_MT","USA",8000
"Nelson's Sparrow","17_ND","USA",3800
"Nelson's Sparrow","11_SD","USA",2300
"Nelson's Sparrow","14_ME","USA",2200
"Nelson's Sparrow","10_WY","USA",790
"Nelson's Sparrow","11_MN","USA",400
"Nelson's Sparrow","12_MB","CAN",260
"Nelson's Sparrow","7_AB","CAN",220
"Saltmarsh Sparrow","30_NY","USA",NA
"Saltmarsh Sparrow","30_MA","USA",NA
"Baird's Sparrow","11_SK","CAN",1700000
"Baird's Sparrow","11_AB","CAN",880000
"Baird's Sparrow","11_MT","USA",490000
"Baird's Sparrow","17_MT","USA",130000
"Baird's Sparrow","17_ND","USA",110000
"Baird's Sparrow","11_ND","USA",47000
"Baird's Sparrow","17_SD","USA",36000
"Baird's Sparrow","10_MT","USA",12000
"Baird's Sparrow","10_AB","CAN",11000
"Baird's Sparrow","17_WY","USA",9300
"Baird's Sparrow","11_MB","CAN",2900
"Baird's Sparrow","11_SD","USA",550
"Henslow's Sparrow","22_MO","USA",120000
"Henslow's Sparrow","24_IN","USA",48000
"Henslow's Sparrow","22_IA","USA",44000
"Henslow's Sparrow","24_MO","USA",39000
"Henslow's Sparrow","24_KY","USA",37000
"Henslow's Sparrow","23_WI","USA",25000
"Henslow's Sparrow","22_OK","USA",19000
"Henslow's Sparrow","19_KS","USA",19000
"Henslow's Sparrow","22_IL","USA",13000
"Henslow's Sparrow","22_OH","USA",7200
"Henslow's Sparrow","22_KS","USA",5600
"Henslow's Sparrow","23_MN","USA",5000
"Henslow's Sparrow","23_MI","USA",4100
"Henslow's Sparrow","28_PA","USA",3700
"Henslow's Sparrow","11_MN","USA",3200
"Henslow's Sparrow","21_OK","USA",3100
"Henslow's Sparrow","28_OH","USA",2600
"Henslow's Sparrow","23_IL","USA",2200
"Henslow's Sparrow","23_IN","USA",1600
"Henslow's Sparrow","22_MN","USA",1400
"Henslow's Sparrow","11_ND","USA",1200
"Henslow's Sparrow","28_WV","USA",1200
"Henslow's Sparrow","12_MI","USA",980
"Henslow's Sparrow","22_IN","USA",930
"Henslow's Sparrow","12_WI","USA",820
"Henslow's Sparrow","28_NY","USA",460
"Henslow's Sparrow","28_MD","USA",360
"Henslow's Sparrow","24_IL","USA",330
"Henslow's Sparrow","27_KY","USA",320
"Henslow's Sparrow","21_KS","USA",38
"Henslow's Sparrow","23_OH","USA",14
"Savannah Sparrow","3_AK","USA",17000000
"Savannah Sparrow","2_AK","USA",17000000
"Savannah Sparrow","3_NU","CAN",12000000
"Savannah Sparrow","6_AB","CAN",11000000
"Savannah Sparrow","11_SK","CAN",9800000
"Savannah Sparrow","11_AB","CAN",8200000
"Savannah Sparrow","7_ON","CAN",8100000
"Savannah Sparrow","7_MB","CAN",7000000
"Savannah Sparrow","4_AK","USA",5600000
"Savannah Sparrow","11_ND","USA",4500000
"Savannah Sparrow","6_SK","CAN",4300000
"Savannah Sparrow","11_MB","CAN",3400000
"Savannah Sparrow","3_QC","CAN",3300000
"Savannah Sparrow","6_BC","CAN",3000000
"Savannah Sparrow","10_MT","USA",2800000
"Savannah Sparrow","6_MB","CAN",2800000
"Savannah Sparrow","8_QC","CAN",2800000
"Savannah Sparrow","11_MT","USA",2600000
"Savannah Sparrow","3_NT","CAN",2300000
"Savannah Sparrow","13_ON","CAN",2300000
"Savannah Sparrow","6_NT","CAN",2200000
"Savannah Sparrow","11_MN","USA",2100000
"Savannah Sparrow","10_BC","CAN",2000000
"Savannah Sparrow","23_WI","USA",2000000
"Savannah Sparrow","4_YT","CAN",1900000
"Savannah Sparrow","8_NL","CAN",1700000
"Savannah Sparrow","3_YT","CAN",1600000
"Savannah Sparrow","7_QC","CAN",1400000
"Savannah Sparrow","4_BC","CAN",1300000
"Savannah Sparrow","7_NL","CAN",1200000
"Savannah Sparrow","12_ON","CAN",1000000
"Savannah Sparrow","12_MI","USA",1000000
"Savannah Sparrow","12_MN","USA",1000000
"Savannah Sparrow","17_MT","USA",980000
"Savannah Sparrow","14_QC","CAN",950000
"Savannah Sparrow","9_ID","USA",860000
"Savannah Sparrow","9_WA","USA",820000
"Savannah Sparrow","17_ND","USA",800000
"Savannah Sparrow","12_QC","CAN",730000
"Savannah Sparrow","11_SD","USA",680000
"Savannah Sparrow","10_WY","USA",660000
"Savannah Sparrow","1_AK","USA",590000
"Savannah Sparrow","16_CO","USA",550000
"Savannah Sparrow","5_AK","USA",550000
"Savannah Sparrow","5_WA","USA",490000
"Savannah Sparrow","5_OR","USA",480000
"Savannah Sparrow","13_NY","USA",460000
"Savannah Sparrow","23_MN","USA",440000
"Savannah Sparrow","13_QC","CAN",430000
"Savannah Sparrow","9_OR","USA",430000
"Savannah Sparrow","12_WI","USA",430000
"Savannah Sparrow","14_NB","CAN",420000
"Savannah Sparrow","4_NT","CAN",390000
"Savannah Sparrow","10_AB","CAN",360000
"Savannah Sparrow","5_BC","CAN",350000
"Savannah Sparrow","23_MI","USA",330000
"Savannah Sparrow","9_UT","USA",300000
"Savannah Sparrow","14_NS","CAN",280000
"Savannah Sparrow","8_ON","CAN",260000
"Savannah Sparrow","22_OH","USA",240000
"Savannah Sparrow","9_CA","USA",240000
"Savannah Sparrow","10_ID","USA",230000
"Savannah Sparrow","14_ME","USA",220000
"Savannah Sparrow","12_MB","CAN",210000
"Savannah Sparrow","14_PE","CAN",160000
"Savannah Sparrow","28_NY","USA",160000
"Savannah Sparrow","9_BC","CAN",150000
"Savannah Sparrow","28_PA","USA",150000
"Savannah Sparrow","8_MB","CAN",150000
"Savannah Sparrow","22_IN","USA",140000
"Savannah Sparrow","9_NV","USA",140000
"Savannah Sparrow","8_AB","CAN",120000
"Savannah Sparrow","8_SK","CAN",110000
"Savannah Sparrow","13_OH","USA",97000
"Savannah Sparrow","22_IA","USA",94000
"Savannah Sparrow","5_CA","USA",84000
"Savannah Sparrow","14_VT","USA",80000
"Savannah Sparrow","22_IL","USA",68000
"Savannah Sparrow","17_SD","USA",67000
"Savannah Sparrow","22_MN","USA",66000
"Savannah Sparrow","17_WY","USA",66000
"Savannah Sparrow","7_NT","CAN",66000
"Savannah Sparrow","10_OR","USA",62000
"Savannah Sparrow","22_MI","USA",57000
"Savannah Sparrow","10_WA","USA",54000
"Savannah Sparrow","16_UT","USA",48000
"Savannah Sparrow","15_CA","USA",44000
"Savannah Sparrow","13_PA","USA",44000
"Savannah Sparrow","23_IN","USA",39000
"Savannah Sparrow","23_IL","USA",39000
"Savannah Sparrow","14_NH","USA",30000
"Savannah Sparrow","14_NY","USA",30000
"Savannah Sparrow","16_NM","USA",27000
"Savannah Sparrow","11_IA","USA",27000
"Savannah Sparrow","3_MB","CAN",25000
"Savannah Sparrow","16_WY","USA",24000
"Savannah Sparrow","22_WI","USA",22000
"Savannah Sparrow","13_VT","USA",20000
"Savannah Sparrow","10_CO","USA",20000
"Savannah Sparrow","23_IA","USA",19000
"Savannah Sparrow","28_OH","USA",17000
"Savannah Sparrow","5_YT","CAN",17000
"Savannah Sparrow","32_CA","USA",13000
"Savannah Sparrow","14_MA","USA",10000
"Savannah Sparrow","7_SK","CAN",9300
"Savannah Sparrow","10_UT","USA",8400
"Savannah Sparrow","28_MD","USA",8300
"Savannah Sparrow","28_NC","USA",6400
"Savannah Sparrow","29_PA","USA",6100
"Savannah Sparrow","28_VA","USA",5400
"Savannah Sparrow","28_WV","USA",4300
"Savannah Sparrow","30_MA","USA",3800
"Savannah Sparrow","24_IN","USA",2800
"Savannah Sparrow","24_KY","USA",2700
"Savannah Sparrow","18_CO","USA",2700
"Savannah Sparrow","24_IL","USA",1900
"Savannah Sparrow","29_NJ","USA",1800
"Savannah Sparrow","17_NE","USA",1700
"Savannah Sparrow","29_MD","USA",1500
"Savannah Sparrow","22_MO","USA",1500
"Savannah Sparrow","30_CT","USA",1500
"Savannah Sparrow","9_WY","USA",950
"Savannah Sparrow","18_WY","USA",920
"Savannah Sparrow","15_NV","USA",850
"Savannah Sparrow","28_TN","USA",800
"Savannah Sparrow","11_NE","USA",620
"Savannah Sparrow","18_NM","USA",580
"Savannah Sparrow","16_ID","USA",350
"Savannah Sparrow","23_OH","USA",330
"Savannah Sparrow","30_MD","USA",210
"Savannah Sparrow","29_NC","USA",200
"Savannah Sparrow","30_NJ","USA",80
"Savannah Sparrow","29_NY","USA",74
"Savannah Sparrow","30_DE","USA",59
"Savannah Sparrow","29_DE","USA",45
"Savannah Sparrow","30_PA","USA",5
"Song Sparrow","6_AB","CAN",7700000
"Song Sparrow","23_WI","USA",4800000
"Song Sparrow","6_SK","CAN",4500000
"Song Sparrow","13_ON","CAN",4200000
"Song Sparrow","12_ON","CAN",3500000
"Song Sparrow","10_BC","CAN",3400000
"Song Sparrow","5_BC","CAN",3300000
"Song Sparrow","8_QC","CAN",3200000
"Song Sparrow","12_QC","CAN",3100000
"Song Sparrow","28_PA","USA",3000000
"Song Sparrow","6_MB","CAN",2900000
"Song Sparrow","22_IL","USA",2900000
"Song Sparrow","11_ND","USA",2700000
"Song Sparrow","13_NY","USA",2600000
"Song Sparrow","14_NS","CAN",2400000
"Song Sparrow","28_WV","USA",2200000
"Song Sparrow","23_MI","USA",2200000
"Song Sparrow","22_OH","USA",2200000
"Song Sparrow","22_IA","USA",2200000
"Song Sparrow","14_QC","CAN",2200000
"Song Sparrow","12_MI","USA",2100000
"Song Sparrow","12_MN","USA",2000000
"Song Sparrow","14_NB","CAN",1900000
"Song Sparrow","13_QC","CAN",1700000
"Song Sparrow","11_MB","CAN",1700000
"Song Sparrow","5_WA","USA",1600000
"Song Sparrow","5_OR","USA",1600000
"Song Sparrow","22_IN","USA",1600000
"Song Sparrow","23_MN","USA",1600000
"Song Sparrow","24_KY","USA",1500000
"Song Sparrow","28_NY","USA",1500000
"Song Sparrow","11_MN","USA",1500000
"Song Sparrow","24_IN","USA",1400000
"Song Sparrow","8_MB","CAN",1300000
"Song Sparrow","12_WI","USA",1300000
"Song Sparrow","10_MT","USA",1300000
"Song Sparrow","11_SK","CAN",1300000
"Song Sparrow","10_ID","USA",1200000
"Song Sparrow","8_ON","CAN",1200000
"Song Sparrow","11_SD","USA",1200000
"Song Sparrow","28_OH","USA",1200000
"Song Sparrow","28_TN","USA",1200000
"Song Sparrow","14_ME","USA",1100000
"Song Sparrow","11_AB","CAN",1100000
"Song Sparrow","28_KY","USA",1100000
"Song Sparrow","28_VA","USA",1100000
"Song Sparrow","32_CA","USA",1100000
"Song Sparrow","13_OH","USA",930000
"Song Sparrow","9_WA","USA",840000
"Song Sparrow","5_AK","USA",820000
"Song Sparrow","9_ID","USA",810000
"Song Sparrow","28_NC","USA",780000
"Song Sparrow","16_CO","USA",770000
"Song Sparrow","10_WY","USA",760000
"Song Sparrow","6_BC","CAN",740000
"Song Sparrow","11_IA","USA",650000
"Song Sparrow","14_VT","USA",590000
"Song Sparrow","9_BC","CAN",570000
"Song Sparrow","22_MO","USA",550000
"Song Sparrow","8_SK","CAN",540000
"Song Sparrow","14_PE","CAN",530000
"Song Sparrow","5_CA","USA",520000
"Song Sparrow","9_OR","USA",520000
"Song Sparrow","29_PA","USA",490000
"Song Sparrow","7_ON","CAN",440000
"Song Sparrow","23_IN","USA",430000
"Song Sparrow","14_NH","USA",400000
"Song Sparrow","10_OR","USA",360000
"Song Sparrow","14_NY","USA",360000
"Song Sparrow","13_PA","USA",360000
"Song Sparrow","16_UT","USA",350000
"Song Sparrow","10_WA","USA",310000
"Song Sparrow","30_CT","USA",300000
"Song Sparrow","12_MB","CAN",300000
"Song Sparrow","8_NL","CAN",300000
"Song Sparrow","19_NE","USA",290000
"Song Sparrow","22_MN","USA",290000
"Song Sparrow","30_MA","USA",280000
"Song Sparrow","17_SD","USA",260000
"Song Sparrow","28_GA","USA",240000
"Song Sparrow","29_MD","USA",230000
"Song Sparrow","9_CA","USA",210000
"Song Sparrow","9_NV","USA",210000
"Song Sparrow","24_IL","USA",200000
"Song Sparrow","15_CA","USA",200000
"Song Sparrow","24_TN","USA",190000
"Song Sparrow","30_NY","USA",180000
"Song Sparrow","23_IA","USA",180000
"Song Sparrow","30_NJ","USA",180000
"Song Sparrow","17_MT","USA",170000
"Song Sparrow","29_NC","USA",170000
"Song Sparrow","22_MI","USA",170000
"Song Sparrow","7_AB","CAN",160000
"Song Sparrow","13_VT","USA",150000
"Song Sparrow","29_VA","USA",150000
"Song Sparrow","14_MA","USA",150000
"Song Sparrow","29_NJ","USA",140000
"Song Sparrow","30_MD","USA",140000
"Song Sparrow","23_IL","USA",140000
"Song Sparrow","16_NM","USA",130000
"Song Sparrow","29_GA","USA",130000
"Song Sparrow","7_MB","CAN",130000
"Song Sparrow","9_UT","USA",120000
"Song Sparrow","33_CA","USA",110000
"Song Sparrow","28_MD","USA",110000
"Song Sparrow","33_AZ","USA",87000
"Song Sparrow","30_DE","USA",81000
"Song Sparrow","27_VA","USA",80000
"Song Sparrow","17_ND","USA",78000
"Song Sparrow","28_NJ","USA",72000
"Song Sparrow","2_AK","USA",69000
"Song Sparrow","10_CO","USA",67000
"Song Sparrow","30_NH","USA",62000
"Song Sparrow","11_NE","USA",61000
"Song Sparrow","24_OH","USA",60000
"Song Sparrow","22_NE","USA",56000
"Song Sparrow","22_WI","USA",53000
"Song Sparrow","24_MO","USA",53000
"Song Sparrow","4_BC","CAN",50000
"Song Sparrow","17_WY","USA",50000
"Song Sparrow","26_MO","USA",49000
"Song Sparrow","11_MT","USA",48000
"Song Sparrow","30_RI","USA",48000
"Song Sparrow","16_WY","USA",44000
"Song Sparrow","10_AB","CAN",43000
"Song Sparrow","34_AZ","USA",35000
"Song Sparrow","29_SC","USA",34000
"Song Sparrow","30_ME","USA",33000
"Song Sparrow","28_CT","USA",33000
"Song Sparrow","28_AL","USA",27000
"Song Sparrow","3_NU","CAN",27000
"Song Sparrow","28_MA","USA",25000
"Song Sparrow","5_YT","CAN",21000
"Song Sparrow","4_AK","USA",20000
"Song Sparrow","19_KS","USA",14000
"Song Sparrow","18_CO","USA",12000
"Song Sparrow","17_NE","USA",12000
"Song Sparrow","29_DE","USA",9000
"Song Sparrow","1_AK","USA",8200
"Song Sparrow","16_AZ","USA",7900
"Song Sparrow","14_CT","USA",7300
"Song Sparrow","7_NL","CAN",6600
"Song Sparrow","22_KS","USA",6500
"Song Sparrow","27_NC","USA",6300
"Song Sparrow","30_VA","USA",6300
"Song Sparrow","4_YT","CAN",5900
"Song Sparrow","29_NY","USA",5900
"Song Sparrow","30_PA","USA",5400
"Song Sparrow","3_NT","CAN",5200
"Song Sparrow","19_SD","USA",5100
"Song Sparrow","18_NE","USA",4700
"Song Sparrow","15_NV","USA",4200
"Song Sparrow","23_OH","USA",3600
"Song Sparrow","10_UT","USA",3400
"Song Sparrow","24_AL","USA",3400
"Song Sparrow","27_AL","USA",2900
"Song Sparrow","16_ID","USA",2400
"Song Sparrow","27_KY","USA",1900
"Song Sparrow","18_WY","USA",1800
"Song Sparrow","28_SC","USA",1700
"Song Sparrow","27_GA","USA",1300
"Song Sparrow","26_AR","USA",1000
"Song Sparrow","26_KY","USA",950
"Song Sparrow","9_WY","USA",900
"Song Sparrow","27_TN","USA",800
"Song Sparrow","30_VT","USA",790
"Song Sparrow","26_IL","USA",590
"Song Sparrow","18_SD","USA",420
"Song Sparrow","4_NT","CAN",140
"Song Sparrow","16_NV","USA",45
"Lincoln's Sparrow","7_NT","CAN",11000000
"Lincoln's Sparrow","6_AB","CAN",9300000
"Lincoln's Sparrow","4_AK","USA",8200000
"Lincoln's Sparrow","6_NT","CAN",7400000
"Lincoln's Sparrow","7_ON","CAN",5200000
"Lincoln's Sparrow","6_BC","CAN",5100000
"Lincoln's Sparrow","10_BC","CAN",4600000
"Lincoln's Sparrow","7_SK","CAN",3200000
"Lincoln's Sparrow","8_QC","CAN",3100000
"Lincoln's Sparrow","7_NL","CAN",2900000
"Lincoln's Sparrow","8_ON","CAN",2900000
"Lincoln's Sparrow","4_YT","CAN",2800000
"Lincoln's Sparrow","7_QC","CAN",2500000
"Lincoln's Sparrow","8_NL","CAN",2500000
"Lincoln's Sparrow","5_AK","USA",2100000
"Lincoln's Sparrow","7_MB","CAN",1900000
"Lincoln's Sparrow","4_BC","CAN",1700000
"Lincoln's Sparrow","8_MB","CAN",1600000
"Lincoln's Sparrow","16_CO","USA",1400000
"Lincoln's Sparrow","8_SK","CAN",990000
"Lincoln's Sparrow","3_AK","USA",950000
"Lincoln's Sparrow","2_AK","USA",860000
"Lincoln's Sparrow","6_SK","CAN",640000
"Lincoln's Sparrow","10_MT","USA",480000
"Lincoln's Sparrow","10_ID","USA",460000
"Lincoln's Sparrow","10_AB","CAN",430000
"Lincoln's Sparrow","6_MB","CAN",350000
"Lincoln's Sparrow","5_BC","CAN",350000
"Lincoln's Sparrow","16_UT","USA",350000
"Lincoln's Sparrow","10_WY","USA",320000
"Lincoln's Sparrow","12_ON","CAN",250000
"Lincoln's Sparrow","14_QC","CAN",190000
"Lincoln's Sparrow","7_AB","CAN",190000
"Lincoln's Sparrow","12_QC","CAN",190000
"Lincoln's Sparrow","11_AB","CAN",160000
"Lincoln's Sparrow","14_NS","CAN",130000
"Lincoln's Sparrow","16_WY","USA",110000
"Lincoln's Sparrow","10_OR","USA",93000
"Lincoln's Sparrow","3_NT","CAN",87000
"Lincoln's Sparrow","9_BC","CAN",82000
"Lincoln's Sparrow","12_MN","USA",70000
"Lincoln's Sparrow","16_NM","USA",57000
"Lincoln's Sparrow","5_YT","CAN",53000
"Lincoln's Sparrow","9_OR","USA",47000
"Lincoln's Sparrow","14_NB","CAN",40000
"Lincoln's Sparrow","35_NM","USA",33000
"Lincoln's Sparrow","9_WA","USA",31000
"Lincoln's Sparrow","15_CA","USA",28000
"Lincoln's Sparrow","12_WI","USA",28000
"Lincoln's Sparrow","14_ME","USA",28000
"Lincoln's Sparrow","12_MI","USA",23000
"Lincoln's Sparrow","5_OR","USA",21000
"Lincoln's Sparrow","9_ID","USA",14000
"Lincoln's Sparrow","12_MB","CAN",14000
"Lincoln's Sparrow","14_NH","USA",9300
"Lincoln's Sparrow","11_SK","CAN",7500
"Lincoln's Sparrow","6_YT","CAN",6000
"Lincoln's Sparrow","5_WA","USA",5800
"Lincoln's Sparrow","14_PE","CAN",5600
"Lincoln's Sparrow","11_MB","CAN",5100
"Lincoln's Sparrow","10_WA","USA",4600
"Lincoln's Sparrow","14_NY","USA",4500
"Lincoln's Sparrow","5_CA","USA",2800
"Lincoln's Sparrow","13_ON","CAN",2300
"Lincoln's Sparrow","13_QC","CAN",1400
"Lincoln's Sparrow","10_CO","USA",1300
"Lincoln's Sparrow","15_NV","USA",210
"Lincoln's Sparrow","9_WY","USA",32
"Swamp Sparrow","7_ON","CAN",2500000
"Swamp Sparrow","8_NL","CAN",2500000
"Swamp Sparrow","6_NT","CAN",2500000
"Swamp Sparrow","7_NT","CAN",2000000
"Swamp Sparrow","12_ON","CAN",1600000
"Swamp Sparrow","8_MB","CAN",1500000
"Swamp Sparrow","8_ON","CAN",1400000
"Swamp Sparrow","8_QC","CAN",1200000
"Swamp Sparrow","12_MN","USA",810000
"Swamp Sparrow","6_MB","CAN",630000
"Swamp Sparrow","8_SK","CAN",610000
"Swamp Sparrow","6_AB","CAN",570000
"Swamp Sparrow","7_MB","CAN",550000
"Swamp Sparrow","12_QC","CAN",510000
"Swamp Sparrow","6_SK","CAN",450000
"Swamp Sparrow","7_SK","CAN",420000
"Swamp Sparrow","13_ON","CAN",380000
"Swamp Sparrow","23_MN","USA",340000
"Swamp Sparrow","14_NB","CAN",300000
"Swamp Sparrow","23_WI","USA",250000
"Swamp Sparrow","12_MI","USA",210000
"Swamp Sparrow","14_NS","CAN",200000
"Swamp Sparrow","12_WI","USA",180000
"Swamp Sparrow","7_QC","CAN",170000
"Swamp Sparrow","7_NL","CAN",140000
"Swamp Sparrow","13_NY","USA",140000
"Swamp Sparrow","11_MN","USA",130000
"Swamp Sparrow","12_MB","CAN",130000
"Swamp Sparrow","23_MI","USA",100000
"Swamp Sparrow","28_PA","USA",86000
"Swamp Sparrow","14_ME","USA",77000
"Swamp Sparrow","14_NY","USA",71000
"Swamp Sparrow","28_NY","USA",68000
"Swamp Sparrow","14_NH","USA",66000
"Swamp Sparrow","14_QC","CAN",53000
"Swamp Sparrow","14_VT","USA",53000
"Swamp Sparrow","14_PE","CAN",48000
"Swamp Sparrow","11_NE","USA",38000
"Swamp Sparrow","11_ND","USA",33000
"Swamp Sparrow","30_CT","USA",24000
"Swamp Sparrow","13_QC","CAN",20000
"Swamp Sparrow","11_MB","CAN",17000
"Swamp Sparrow","11_AB","CAN",17000
"Swamp Sparrow","30_MA","USA",15000
"Swamp Sparrow","22_MN","USA",14000
"Swamp Sparrow","28_OH","USA",14000
"Swamp Sparrow","14_MA","USA",13000
"Swamp Sparrow","7_AB","CAN",12000
"Swamp Sparrow","10_BC","CAN",11000
"Swamp Sparrow","13_PA","USA",11000
"Swamp Sparrow","13_OH","USA",8700
"Swamp Sparrow","4_BC","CAN",8500
"Swamp Sparrow","30_NH","USA",7900
"Swamp Sparrow","6_BC","CAN",6600
"Swamp Sparrow","10_AB","CAN",6100
"Swamp Sparrow","22_IL","USA",5700
"Swamp Sparrow","11_SD","USA",5100
"Swamp Sparrow","28_NJ","USA",5000
"Swamp Sparrow","28_CT","USA",4900
"Swamp Sparrow","13_VT","USA",4600
"Swamp Sparrow","23_IN","USA",4200
"Swamp Sparrow","11_SK","CAN",4100
"Swamp Sparrow","28_MA","USA",3800
"Swamp Sparrow","30_DE","USA",3700
"Swamp Sparrow","28_MD","USA",1800
"Swamp Sparrow","22_WI","USA",1400
"Swamp Sparrow","22_OH","USA",1400
"Swamp Sparrow","22_IN","USA",800
"Swamp Sparrow","22_IA","USA",670
"Swamp Sparrow","30_NY","USA",650
"Swamp Sparrow","14_CT","USA",590
"Swamp Sparrow","30_MD","USA",250
"Swamp Sparrow","30_VT","USA",100
"Swamp Sparrow","23_OH","USA",35
"Canyon Towhee","34_AZ","USA",770000
"Canyon Towhee","35_TX","USA",450000
"Canyon Towhee","35_NM","USA",430000
"Canyon Towhee","16_NM","USA",270000
"Canyon Towhee","19_TX","USA",230000
"Canyon Towhee","34_NM","USA",140000
"Canyon Towhee","20_TX","USA",130000
"Canyon Towhee","33_AZ","USA",100000
"Canyon Towhee","18_NM","USA",97000
"Canyon Towhee","16_AZ","USA",91000
"Canyon Towhee","18_TX","USA",60000
"Canyon Towhee","35_AZ","USA",6400
"Canyon Towhee","18_CO","USA",6200
"Canyon Towhee","16_CO","USA",5200
"Abert's Towhee","33_AZ","USA",570000
"Abert's Towhee","33_CA","USA",170000
"Abert's Towhee","34_AZ","USA",130000
"Abert's Towhee","35_NM","USA",16000
"Abert's Towhee","33_NV","USA",1800
"Abert's Towhee","35_AZ","USA",410
"Abert's Towhee","33_UT","USA",43
"California Towhee","32_CA","USA",4500000
"California Towhee","15_CA","USA",360000
"California Towhee","5_CA","USA",300000
"California Towhee","33_CA","USA",74000
"California Towhee","5_OR","USA",11000
"California Towhee","9_CA","USA",11000
"California Towhee","9_OR","USA",870
"Rufous-crowned Sparrow","34_AZ","USA",180000
"Rufous-crowned Sparrow","20_TX","USA",100000
"Rufous-crowned Sparrow","35_TX","USA",81000
"Rufous-crowned Sparrow","19_TX","USA",69000
"Rufous-crowned Sparrow","32_CA","USA",59000
"Rufous-crowned Sparrow","35_NM","USA",33000
"Rufous-crowned Sparrow","34_NM","USA",24000
"Rufous-crowned Sparrow","18_NM","USA",23000
"Rufous-crowned Sparrow","15_CA","USA",7600
"Rufous-crowned Sparrow","33_AZ","USA",7400
"Rufous-crowned Sparrow","19_OK","USA",6900
"Rufous-crowned Sparrow","21_TX","USA",4300
"Rufous-crowned Sparrow","16_AZ","USA",3300
"Rufous-crowned Sparrow","18_TX","USA",1800
"Rufous-crowned Sparrow","5_CA","USA",1000
"Rufous-crowned Sparrow","35_AZ","USA",690
"Rufous-crowned Sparrow","16_NM","USA",560
"Green-tailed Towhee","16_CO","USA",1200000
"Green-tailed Towhee","16_UT","USA",800000
"Green-tailed Towhee","9_NV","USA",480000
"Green-tailed Towhee","10_WY","USA",440000
"Green-tailed Towhee","9_OR","USA",350000
"Green-tailed Towhee","9_CA","USA",340000
"Green-tailed Towhee","16_NM","USA",260000
"Green-tailed Towhee","15_CA","USA",160000
"Green-tailed Towhee","10_CO","USA",150000
"Green-tailed Towhee","9_ID","USA",140000
"Green-tailed Towhee","16_WY","USA",130000
"Green-tailed Towhee","32_CA","USA",58000
"Green-tailed Towhee","35_NM","USA",45000
"Green-tailed Towhee","9_UT","USA",38000
"Green-tailed Towhee","10_OR","USA",33000
"Green-tailed Towhee","10_MT","USA",25000
"Green-tailed Towhee","10_UT","USA",23000
"Green-tailed Towhee","5_CA","USA",15000
"Green-tailed Towhee","16_AZ","USA",12000
"Green-tailed Towhee","34_AZ","USA",11000
"Green-tailed Towhee","17_MT","USA",9800
"Green-tailed Towhee","16_ID","USA",5400
"Green-tailed Towhee","18_CO","USA",4300
"Green-tailed Towhee","15_NV","USA",3200
"Green-tailed Towhee","33_NV","USA",2600
"Green-tailed Towhee","5_OR","USA",1500
"Green-tailed Towhee","35_TX","USA",570
"Green-tailed Towhee","10_ID","USA",510
"Green-tailed Towhee","34_NM","USA",440
"Green-tailed Towhee","17_WY","USA",300
"Green-tailed Towhee","35_AZ","USA",280
"Green-tailed Towhee","9_WY","USA",180
"Green-tailed Towhee","33_UT","USA",63
"Green-tailed Towhee","16_NV","USA",2
"Spotted Towhee","32_CA","USA",6100000
"Spotted Towhee","5_BC","CAN",4100000
"Spotted Towhee","16_CO","USA",1900000
"Spotted Towhee","5_OR","USA",1800000
"Spotted Towhee","16_UT","USA",1600000
"Spotted Towhee","16_NM","USA",1600000
"Spotted Towhee","34_AZ","USA",1600000
"Spotted Towhee","15_CA","USA",1500000
"Spotted Towhee","5_CA","USA",1500000
"Spotted Towhee","5_WA","USA",1300000
"Spotted Towhee","17_MT","USA",1100000
"Spotted Towhee","9_WA","USA",1000000
"Spotted Towhee","9_BC","CAN",960000
"Spotted Towhee","9_NV","USA",900000
"Spotted Towhee","10_WA","USA",750000
"Spotted Towhee","35_NM","USA",660000
"Spotted Towhee","10_MT","USA",640000
"Spotted Towhee","9_CA","USA",630000
"Spotted Towhee","10_BC","CAN",510000
"Spotted Towhee","17_ND","USA",490000
"Spotted Towhee","19_NE","USA",440000
"Spotted Towhee","16_AZ","USA",410000
"Spotted Towhee","17_WY","USA",390000
"Spotted Towhee","10_ID","USA",390000
"Spotted Towhee","9_OR","USA",370000
"Spotted Towhee","17_SD","USA",300000
"Spotted Towhee","34_NM","USA",300000
"Spotted Towhee","9_ID","USA",270000
"Spotted Towhee","10_OR","USA",270000
"Spotted Towhee","11_SK","CAN",230000
"Spotted Towhee","9_UT","USA",210000
"Spotted Towhee","10_CO","USA",190000
"Spotted Towhee","11_MT","USA",99000
"Spotted Towhee","10_WY","USA",91000
"Spotted Towhee","18_CO","USA",84000
"Spotted Towhee","18_NE","USA",70000
"Spotted Towhee","16_WY","USA",66000
"Spotted Towhee","18_NM","USA",43000
"Spotted Towhee","11_ND","USA",42000
"Spotted Towhee","33_CA","USA",41000
"Spotted Towhee","11_NE","USA",31000
"Spotted Towhee","11_SD","USA",31000
"Spotted Towhee","6_SK","CAN",16000
"Spotted Towhee","16_ID","USA",11000
"Spotted Towhee","35_AZ","USA",11000
"Spotted Towhee","18_SD","USA",9600
"Spotted Towhee","19_SD","USA",8500
"Spotted Towhee","11_AB","CAN",4300
"Spotted Towhee","6_AB","CAN",1500
"Spotted Towhee","18_KS","USA",1300
"Spotted Towhee","16_NV","USA",1200
"Spotted Towhee","19_KS","USA",970
"Spotted Towhee","21_OK","USA",790
"Spotted Towhee","35_TX","USA",720
"Spotted Towhee","10_UT","USA",630
"Spotted Towhee","9_WY","USA",300
"Eastern Towhee","27_GA","USA",2600000
"Eastern Towhee","27_FL","USA",2600000
"Eastern Towhee","27_MS","USA",2300000
"Eastern Towhee","27_AL","USA",1500000
"Eastern Towhee","29_GA","USA",1300000
"Eastern Towhee","28_PA","USA",1200000
"Eastern Towhee","28_WV","USA",1100000
"Eastern Towhee","27_SC","USA",1000000
"Eastern Towhee","28_AL","USA",930000
"Eastern Towhee","31_FL","USA",900000
"Eastern Towhee","27_NC","USA",890000
"Eastern Towhee","29_NC","USA",700000
"Eastern Towhee","24_TN","USA",670000
"Eastern Towhee","28_OH","USA",670000
"Eastern Towhee","24_KY","USA",660000
"Eastern Towhee","29_SC","USA",630000
"Eastern Towhee","28_VA","USA",610000
"Eastern Towhee","28_NC","USA",560000
"Eastern Towhee","28_KY","USA",480000
"Eastern Towhee","28_TN","USA",440000
"Eastern Towhee","22_MO","USA",430000
"Eastern Towhee","24_MO","USA",430000
"Eastern Towhee","28_GA","USA",400000
"Eastern Towhee","29_VA","USA",380000
"Eastern Towhee","24_IN","USA",360000
"Eastern Towhee","27_TN","USA",330000
"Eastern Towhee","25_LA","USA",310000
"Eastern Towhee","23_MI","USA",310000
"Eastern Towhee","26_LA","USA",290000
"Eastern Towhee","25_AR","USA",280000
"Eastern Towhee","23_WI","USA",260000
"Eastern Towhee","27_LA","USA",220000
"Eastern Towhee","29_AL","USA",210000
"Eastern Towhee","22_IL","USA",210000
"Eastern Towhee","24_AL","USA",200000
"Eastern Towhee","30_NJ","USA",180000
"Eastern Towhee","24_IL","USA",170000
"Eastern Towhee","24_AR","USA",160000
"Eastern Towhee","22_IA","USA",160000
"Eastern Towhee","12_WI","USA",160000
"Eastern Towhee","13_NY","USA",140000
"Eastern Towhee","22_OH","USA",110000
"Eastern Towhee","30_MA","USA",110000
"Eastern Towhee","27_VA","USA",110000
"Eastern Towhee","28_NY","USA",110000
"Eastern Towhee","26_MS","USA",97000
"Eastern Towhee","28_MD","USA",93000
"Eastern Towhee","13_ON","CAN",91000
"Eastern Towhee","22_IN","USA",87000
"Eastern Towhee","30_MD","USA",85000
"Eastern Towhee","13_OH","USA",85000
"Eastern Towhee","22_KS","USA",76000
"Eastern Towhee","12_MI","USA",69000
"Eastern Towhee","27_KY","USA",63000
"Eastern Towhee","24_OH","USA",60000
"Eastern Towhee","23_MN","USA",59000
"Eastern Towhee","13_PA","USA",58000
"Eastern Towhee","26_AR","USA",56000
"Eastern Towhee","28_SC","USA",45000
"Eastern Towhee","26_MO","USA",40000
"Eastern Towhee","30_CT","USA",39000
"Eastern Towhee","29_PA","USA",38000
"Eastern Towhee","29_MD","USA",36000
"Eastern Towhee","12_ON","CAN",30000
"Eastern Towhee","12_MN","USA",28000
"Eastern Towhee","11_MB","CAN",22000
"Eastern Towhee","22_NE","USA",21000
"Eastern Towhee","23_IN","USA",20000
"Eastern Towhee","30_NY","USA",16000
"Eastern Towhee","6_MB","CAN",15000
"Eastern Towhee","14_ME","USA",15000
"Eastern Towhee","30_DE","USA",14000
"Eastern Towhee","11_SK","CAN",14000
"Eastern Towhee","29_NJ","USA",13000
"Eastern Towhee","19_KS","USA",12000
"Eastern Towhee","14_NY","USA",11000
"Eastern Towhee","11_NE","USA",11000
"Eastern Towhee","19_NE","USA",10000
"Eastern Towhee","28_NJ","USA",9100
"Eastern Towhee","30_RI","USA",8900
"Eastern Towhee","28_CT","USA",8900
"Eastern Towhee","14_MA","USA",7200
"Eastern Towhee","28_MA","USA",6900
"Eastern Towhee","26_KY","USA",6000
"Eastern Towhee","30_PA","USA",5500
"Eastern Towhee","23_IL","USA",5100
"Eastern Towhee","22_MN","USA",4700
"Eastern Towhee","26_TN","USA",4400
"Eastern Towhee","14_NH","USA",4000
"Eastern Towhee","26_IL","USA",3700
"Eastern Towhee","13_VT","USA",3400
"Eastern Towhee","30_NH","USA",2900
"Eastern Towhee","14_VT","USA",2700
"Eastern Towhee","37_LA","USA",2300
"Eastern Towhee","25_OK","USA",1800
"Eastern Towhee","14_CT","USA",1600
"Eastern Towhee","30_VA","USA",1400
"Eastern Towhee","12_QC","CAN",1400
"Eastern Towhee","11_ND","USA",1400
"Eastern Towhee","11_IA","USA",1200
"Eastern Towhee","30_ME","USA",1100
"Eastern Towhee","22_MI","USA",980
"Eastern Towhee","29_DE","USA",700
"Eastern Towhee","22_WI","USA",590
"Eastern Towhee","29_NY","USA",550
"Eastern Towhee","11_MN","USA",410
"Eastern Towhee","23_OH","USA",160
"Eastern Towhee","30_VT","USA",38
"Yellow-breasted Chat","27_MS","USA",1700000
"Yellow-breasted Chat","25_AR","USA",1000000
"Yellow-breasted Chat","25_LA","USA",990000
"Yellow-breasted Chat","27_AL","USA",920000
"Yellow-breasted Chat","24_MO","USA",590000
"Yellow-breasted Chat","25_TX","USA",540000
"Yellow-breasted Chat","20_TX","USA",490000
"Yellow-breasted Chat","24_KY","USA",480000
"Yellow-breasted Chat","28_AL","USA",440000
"Yellow-breasted Chat","27_GA","USA",370000
"Yellow-breasted Chat","35_TX","USA",320000
"Yellow-breasted Chat","25_OK","USA",320000
"Yellow-breasted Chat","27_NC","USA",310000
"Yellow-breasted Chat","24_TN","USA",300000
"Yellow-breasted Chat","27_SC","USA",290000
"Yellow-breasted Chat","27_TN","USA",280000
"Yellow-breasted Chat","34_AZ","USA",270000
"Yellow-breasted Chat","29_GA","USA",250000
"Yellow-breasted Chat","24_AR","USA",250000
"Yellow-breasted Chat","28_KY","USA",240000
"Yellow-breasted Chat","26_LA","USA",200000
"Yellow-breasted Chat","29_SC","USA",200000
"Yellow-breasted Chat","26_AR","USA",190000
"Yellow-breasted Chat","29_VA","USA",180000
"Yellow-breasted Chat","24_IN","USA",180000
"Yellow-breasted Chat","9_ID","USA",170000
"Yellow-breasted Chat","28_TN","USA",170000
"Yellow-breasted Chat","29_NC","USA",160000
"Yellow-breasted Chat","17_ND","USA",160000
"Yellow-breasted Chat","22_MO","USA",160000
"Yellow-breasted Chat","26_MS","USA",140000
"Yellow-breasted Chat","24_IL","USA",140000
"Yellow-breasted Chat","16_UT","USA",130000
"Yellow-breasted Chat","5_CA","USA",130000
"Yellow-breasted Chat","35_NM","USA",130000
"Yellow-breasted Chat","17_MT","USA",120000
"Yellow-breasted Chat","28_WV","USA",110000
"Yellow-breasted Chat","27_LA","USA",100000
"Yellow-breasted Chat","27_VA","USA",100000
"Yellow-breasted Chat","9_NV","USA",100000
"Yellow-breasted Chat","29_AL","USA",97000
"Yellow-breasted Chat","5_OR","USA",89000
"Yellow-breasted Chat","28_OH","USA",84000
"Yellow-breasted Chat","33_AZ","USA",79000
"Yellow-breasted Chat","24_AL","USA",74000
"Yellow-breasted Chat","27_FL","USA",64000
"Yellow-breasted Chat","22_IL","USA",61000
"Yellow-breasted Chat","37_LA","USA",61000
"Yellow-breasted Chat","32_CA","USA",60000
"Yellow-breasted Chat","28_GA","USA",53000
"Yellow-breasted Chat","16_CO","USA",51000
"Yellow-breasted Chat","33_CA","USA",48000
"Yellow-breasted Chat","9_OR","USA",46000
"Yellow-breasted Chat","10_WY","USA",42000
"Yellow-breasted Chat","18_NE","USA",38000
"Yellow-breasted Chat","17_SD","USA",37000
"Yellow-breasted Chat","10_OR","USA",33000
"Yellow-breasted Chat","16_NM","USA",31000
"Yellow-breasted Chat","30_MD","USA",30000
"Yellow-breasted Chat","9_WA","USA",29000
"Yellow-breasted Chat","10_MT","USA",27000
"Yellow-breasted Chat","19_NE","USA",27000
"Yellow-breasted Chat","21_OK","USA",27000
"Yellow-breasted Chat","28_VA","USA",26000
"Yellow-breasted Chat","28_SC","USA",25000
"Yellow-breasted Chat","22_KS","USA",24000
"Yellow-breasted Chat","24_OH","USA",21000
"Yellow-breasted Chat","10_ID","USA",20000
"Yellow-breasted Chat","27_KY","USA",20000
"Yellow-breasted Chat","24_OK","USA",20000
"Yellow-breasted Chat","26_MO","USA",19000
"Yellow-breasted Chat","9_UT","USA",19000
"Yellow-breasted Chat","16_AZ","USA",18000
"Yellow-breasted Chat","18_NM","USA",17000
"Yellow-breasted Chat","28_PA","USA",17000
"Yellow-breasted Chat","28_NC","USA",16000
"Yellow-breasted Chat","22_IN","USA",16000
"Yellow-breasted Chat","30_VA","USA",12000
"Yellow-breasted Chat","34_NM","USA",11000
"Yellow-breasted Chat","22_OH","USA",10000
"Yellow-breasted Chat","10_WA","USA",10000
"Yellow-breasted Chat","36_TX","USA",9900
"Yellow-breasted Chat","16_WY","USA",8900
"Yellow-breasted Chat","30_DE","USA",8800
"Yellow-breasted Chat","13_OH","USA",8600
"Yellow-breasted Chat","26_TN","USA",8100
"Yellow-breasted Chat","17_WY","USA",7700
"Yellow-breasted Chat","22_OK","USA",6400
"Yellow-breasted Chat","26_KY","USA",6100
"Yellow-breasted Chat","21_TX","USA",6000
"Yellow-breasted Chat","9_BC","CAN",5500
"Yellow-breasted Chat","19_KS","USA",4800
"Yellow-breasted Chat","22_IA","USA",4700
"Yellow-breasted Chat","10_CO","USA",4600
"Yellow-breasted Chat","15_CA","USA",4000
"Yellow-breasted Chat","26_IL","USA",3800
"Yellow-breasted Chat","18_CO","USA",3400
"Yellow-breasted Chat","19_TX","USA",3300
"Yellow-breasted Chat","18_SD","USA",2600
"Yellow-breasted Chat","11_ND","USA",2500
"Yellow-breasted Chat","29_MD","USA",2300
"Yellow-breasted Chat","28_MD","USA",2000
"Yellow-breasted Chat","17_NE","USA",1700
"Yellow-breasted Chat","35_AZ","USA",1700
"Yellow-breasted Chat","19_OK","USA",1500
"Yellow-breasted Chat","11_AB","CAN",1300
"Yellow-breasted Chat","11_SK","CAN",1300
"Yellow-breasted Chat","23_IN","USA",1200
"Yellow-breasted Chat","16_ID","USA",1000
"Yellow-breasted Chat","5_WA","USA",920
"Yellow-breasted Chat","37_TX","USA",890
"Yellow-breasted Chat","30_NJ","USA",810
"Yellow-breasted Chat","33_NV","USA",720
"Yellow-breasted Chat","31_FL","USA",610
"Yellow-breasted Chat","12_MI","USA",440
"Yellow-breasted Chat","18_TX","USA",440
"Yellow-breasted Chat","29_PA","USA",420
"Yellow-breasted Chat","18_WY","USA",320
"Yellow-breasted Chat","9_CA","USA",310
"Yellow-breasted Chat","22_MI","USA",300
"Yellow-breasted Chat","19_SD","USA",290
"Yellow-breasted Chat","24_KS","USA",280
"Yellow-breasted Chat","9_WY","USA",190
"Yellow-breasted Chat","23_MI","USA",190
"Yellow-breasted Chat","29_NJ","USA",130
"Yellow-breasted Chat","23_WI","USA",130
"Yellow-breasted Chat","13_ON","CAN",110
"Yellow-breasted Chat","28_NJ","USA",94
"Yellow-breasted Chat","16_NV","USA",48
"Yellow-breasted Chat","30_PA","USA",25
"Yellow-breasted Chat","33_UT","USA",18
"Yellow-breasted Chat","23_OH","USA",10
"Yellow-breasted Chat","29_DE","USA",8
"Yellow-breasted Chat","29_NY","USA",6
"Yellow-headed Blackbird","11_ND","USA",3900000
"Yellow-headed Blackbird","11_SK","CAN",1300000
"Yellow-headed Blackbird","9_NV","USA",910000
"Yellow-headed Blackbird","11_SD","USA",840000
"Yellow-headed Blackbird","11_AB","CAN",510000
"Yellow-headed Blackbird","33_CA","USA",420000
"Yellow-headed Blackbird","11_MB","CAN",340000
"Yellow-headed Blackbird","9_ID","USA",280000
"Yellow-headed Blackbird","9_WA","USA",270000
"Yellow-headed Blackbird","9_UT","USA",200000
"Yellow-headed Blackbird","6_SK","CAN",200000
"Yellow-headed Blackbird","9_OR","USA",190000
"Yellow-headed Blackbird","11_MN","USA",190000
"Yellow-headed Blackbird","10_MT","USA",180000
"Yellow-headed Blackbird","10_WY","USA",140000
"Yellow-headed Blackbird","19_NE","USA",140000
"Yellow-headed Blackbird","33_AZ","USA",120000
"Yellow-headed Blackbird","10_UT","USA",110000
"Yellow-headed Blackbird","16_CO","USA",100000
"Yellow-headed Blackbird","9_CA","USA",100000
"Yellow-headed Blackbird","10_ID","USA",97000
"Yellow-headed Blackbird","17_ND","USA",95000
"Yellow-headed Blackbird","10_BC","CAN",87000
"Yellow-headed Blackbird","17_SD","USA",78000
"Yellow-headed Blackbird","11_MT","USA",71000
"Yellow-headed Blackbird","6_AB","CAN",54000
"Yellow-headed Blackbird","6_MB","CAN",50000
"Yellow-headed Blackbird","23_MN","USA",47000
"Yellow-headed Blackbird","17_MT","USA",39000
"Yellow-headed Blackbird","9_BC","CAN",38000
"Yellow-headed Blackbird","18_CO","USA",24000
"Yellow-headed Blackbird","16_NM","USA",22000
"Yellow-headed Blackbird","17_WY","USA",18000
"Yellow-headed Blackbird","16_UT","USA",14000
"Yellow-headed Blackbird","18_TX","USA",13000
"Yellow-headed Blackbird","10_CO","USA",13000
"Yellow-headed Blackbird","22_IA","USA",12000
"Yellow-headed Blackbird","18_NE","USA",10000
"Yellow-headed Blackbird","12_MN","USA",9000
"Yellow-headed Blackbird","10_WA","USA",5700
"Yellow-headed Blackbird","19_KS","USA",5000
"Yellow-headed Blackbird","32_CA","USA",4800
"Yellow-headed Blackbird","16_AZ","USA",4300
"Yellow-headed Blackbird","10_AB","CAN",3700
"Yellow-headed Blackbird","17_NE","USA",3700
"Yellow-headed Blackbird","10_OR","USA",3300
"Yellow-headed Blackbird","11_IA","USA",3300
"Yellow-headed Blackbird","15_CA","USA",3100
"Yellow-headed Blackbird","18_KS","USA",2600
"Yellow-headed Blackbird","18_NM","USA",2600
"Yellow-headed Blackbird","23_WI","USA",2600
"Yellow-headed Blackbird","18_WY","USA",2400
"Yellow-headed Blackbird","16_WY","USA",1800
"Yellow-headed Blackbird","22_MN","USA",1700
"Yellow-headed Blackbird","5_CA","USA",1600
"Yellow-headed Blackbird","11_NE","USA",1500
"Yellow-headed Blackbird","19_SD","USA",1300
"Yellow-headed Blackbird","5_OR","USA",1100
"Yellow-headed Blackbird","18_OK","USA",1000
"Yellow-headed Blackbird","33_NV","USA",860
"Yellow-headed Blackbird","18_SD","USA",720
"Yellow-headed Blackbird","34_AZ","USA",410
"Yellow-headed Blackbird","22_MO","USA",330
"Yellow-headed Blackbird","35_NM","USA",310
"Yellow-headed Blackbird","9_WY","USA",310
"Yellow-headed Blackbird","36_TX","USA",230
"Yellow-headed Blackbird","22_KS","USA",150
"Yellow-headed Blackbird","15_NV","USA",120
"Yellow-headed Blackbird","12_MB","CAN",110
"Yellow-headed Blackbird","16_ID","USA",110
"Yellow-headed Blackbird","7_AB","CAN",93
"Yellow-headed Blackbird","5_WA","USA",71
"Yellow-headed Blackbird","16_NV","USA",25
"Yellow-headed Blackbird","33_UT","USA",21
"Bobolink","11_ND","USA",1500000
"Bobolink","17_ND","USA",950000
"Bobolink","13_ON","CAN",710000
"Bobolink","11_SD","USA",590000
"Bobolink","11_MN","USA",490000
"Bobolink","11_MB","CAN",380000
"Bobolink","12_MN","USA",330000
"Bobolink","23_WI","USA",320000
"Bobolink","12_ON","CAN",300000
"Bobolink","11_SK","CAN",300000
"Bobolink","19_NE","USA",290000
"Bobolink","22_IA","USA",280000
"Bobolink","17_MT","USA",280000
"Bobolink","12_QC","CAN",230000
"Bobolink","28_NY","USA",230000
"Bobolink","12_MI","USA",220000
"Bobolink","13_NY","USA",210000
"Bobolink","11_MT","USA",210000
"Bobolink","28_PA","USA",200000
"Bobolink","23_MN","USA",190000
"Bobolink","14_ME","USA",190000
"Bobolink","22_MO","USA",170000
"Bobolink","6_MB","CAN",160000
"Bobolink","14_QC","CAN",130000
"Bobolink","17_SD","USA",110000
"Bobolink","8_QC","CAN",110000
"Bobolink","13_QC","CAN",94000
"Bobolink","12_WI","USA",93000
"Bobolink","14_NB","CAN",91000
"Bobolink","11_NE","USA",64000
"Bobolink","14_NS","CAN",61000
"Bobolink","11_IA","USA",57000
"Bobolink","23_MI","USA",51000
"Bobolink","14_NH","USA",42000
"Bobolink","14_VT","USA",41000
"Bobolink","22_MN","USA",39000
"Bobolink","10_MT","USA",30000
"Bobolink","12_MB","CAN",30000
"Bobolink","9_NV","USA",26000
"Bobolink","14_MA","USA",25000
"Bobolink","17_WY","USA",23000
"Bobolink","13_PA","USA",22000
"Bobolink","22_OH","USA",21000
"Bobolink","22_IL","USA",19000
"Bobolink","13_OH","USA",17000
"Bobolink","28_WV","USA",16000
"Bobolink","10_BC","CAN",13000
"Bobolink","24_KY","USA",13000
"Bobolink","13_VT","USA",13000
"Bobolink","9_OR","USA",12000
"Bobolink","30_MA","USA",12000
"Bobolink","14_NY","USA",11000
"Bobolink","22_IN","USA",11000
"Bobolink","10_OR","USA",11000
"Bobolink","23_IL","USA",10000
"Bobolink","22_MI","USA",9900
"Bobolink","28_VA","USA",9300
"Bobolink","9_WA","USA",8700
"Bobolink","18_NE","USA",8200
"Bobolink","22_NE","USA",7600
"Bobolink","14_PE","CAN",7500
"Bobolink","11_AB","CAN",7000
"Bobolink","29_NJ","USA",6500
"Bobolink","30_NH","USA",6300
"Bobolink","28_OH","USA",6000
"Bobolink","23_IN","USA",5900
"Bobolink","28_MD","USA",5700
"Bobolink","17_NE","USA",5500
"Bobolink","30_CT","USA",5300
"Bobolink","8_ON","CAN",5100
"Bobolink","10_ID","USA",5000
"Bobolink","6_SK","CAN",4400
"Bobolink","23_IA","USA",4100
"Bobolink","19_SD","USA",3600
"Bobolink","8_NL","CAN",3300
"Bobolink","9_ID","USA",3200
"Bobolink","9_UT","USA",3100
"Bobolink","16_CO","USA",2300
"Bobolink","9_BC","CAN",2100
"Bobolink","24_MO","USA",2000
"Bobolink","30_ME","USA",1800
"Bobolink","22_KS","USA",1400
"Bobolink","22_WI","USA",1400
"Bobolink","18_SD","USA",1100
"Bobolink","28_CT","USA",1000
"Bobolink","29_PA","USA",970
"Bobolink","24_IN","USA",940
"Bobolink","29_VA","USA",860
"Bobolink","28_MA","USA",780
"Bobolink","18_CO","USA",610
"Bobolink","10_UT","USA",320
"Bobolink","29_NY","USA",310
"Bobolink","24_OH","USA",270
"Bobolink","16_UT","USA",240
"Bobolink","9_CA","USA",210
"Bobolink","30_VT","USA",82
"Bobolink","23_OH","USA",49
"Bobolink","28_NJ","USA",32
"Bobolink","29_MD","USA",30
"Bobolink","9_WY","USA",8
"Bobolink","16_ID","USA",4
"Eastern Meadowlark","19_OK","USA",1900000
"Eastern Meadowlark","22_KS","USA",1500000
"Eastern Meadowlark","22_MO","USA",1300000
"Eastern Meadowlark","21_TX","USA",1300000
"Eastern Meadowlark","22_IL","USA",1100000
"Eastern Meadowlark","24_MO","USA",990000
"Eastern Meadowlark","19_KS","USA",970000
"Eastern Meadowlark","24_KY","USA",860000
"Eastern Meadowlark","22_IA","USA",710000
"Eastern Meadowlark","19_TX","USA",710000
"Eastern Meadowlark","31_FL","USA",700000
"Eastern Meadowlark","37_TX","USA",690000
"Eastern Meadowlark","18_NM","USA",590000
"Eastern Meadowlark","22_OK","USA",560000
"Eastern Meadowlark","21_OK","USA",530000
"Eastern Meadowlark","37_LA","USA",470000
"Eastern Meadowlark","13_ON","CAN",460000
"Eastern Meadowlark","25_OK","USA",400000
"Eastern Meadowlark","23_WI","USA",380000
"Eastern Meadowlark","26_AR","USA",330000
"Eastern Meadowlark","28_VA","USA",330000
"Eastern Meadowlark","35_NM","USA",320000
"Eastern Meadowlark","16_NM","USA",310000
"Eastern Meadowlark","24_TN","USA",300000
"Eastern Meadowlark","35_TX","USA",290000
"Eastern Meadowlark","24_AR","USA",290000
"Eastern Meadowlark","22_IN","USA",260000
"Eastern Meadowlark","36_TX","USA",260000
"Eastern Meadowlark","22_OH","USA",250000
"Eastern Meadowlark","29_VA","USA",240000
"Eastern Meadowlark","24_IN","USA",230000
"Eastern Meadowlark","27_MS","USA",230000
"Eastern Meadowlark","29_NC","USA",210000
"Eastern Meadowlark","25_TX","USA",200000
"Eastern Meadowlark","27_NC","USA",200000
"Eastern Meadowlark","28_AL","USA",180000
"Eastern Meadowlark","19_NE","USA",160000
"Eastern Meadowlark","27_AL","USA",160000
"Eastern Meadowlark","28_PA","USA",150000
"Eastern Meadowlark","12_MI","USA",150000
"Eastern Meadowlark","29_GA","USA",140000
"Eastern Meadowlark","28_TN","USA",140000
"Eastern Meadowlark","25_AR","USA",140000
"Eastern Meadowlark","26_MS","USA",130000
"Eastern Meadowlark","27_TN","USA",120000
"Eastern Meadowlark","28_WV","USA",120000
"Eastern Meadowlark","16_AZ","USA",120000
"Eastern Meadowlark","34_AZ","USA",120000
"Eastern Meadowlark","24_IL","USA",110000
"Eastern Meadowlark","23_MI","USA",110000
"Eastern Meadowlark","29_SC","USA",110000
"Eastern Meadowlark","26_LA","USA",100000
"Eastern Meadowlark","12_ON","CAN",98000
"Eastern Meadowlark","18_TX","USA",97000
"Eastern Meadowlark","26_MO","USA",90000
"Eastern Meadowlark","12_QC","CAN",87000
"Eastern Meadowlark","28_KY","USA",86000
"Eastern Meadowlark","13_OH","USA",84000
"Eastern Meadowlark","25_LA","USA",75000
"Eastern Meadowlark","13_NY","USA",72000
"Eastern Meadowlark","28_OH","USA",72000
"Eastern Meadowlark","27_SC","USA",67000
"Eastern Meadowlark","23_IN","USA",65000
"Eastern Meadowlark","24_OK","USA",64000
"Eastern Meadowlark","23_MN","USA",60000
"Eastern Meadowlark","34_NM","USA",53000
"Eastern Meadowlark","24_AL","USA",49000
"Eastern Meadowlark","27_GA","USA",47000
"Eastern Meadowlark","22_NE","USA",47000
"Eastern Meadowlark","28_GA","USA",45000
"Eastern Meadowlark","27_VA","USA",44000
"Eastern Meadowlark","11_IA","USA",40000
"Eastern Meadowlark","23_IL","USA",40000
"Eastern Meadowlark","28_NY","USA",38000
"Eastern Meadowlark","27_FL","USA",37000
"Eastern Meadowlark","27_KY","USA",36000
"Eastern Meadowlark","12_WI","USA",35000
"Eastern Meadowlark","20_TX","USA",33000
"Eastern Meadowlark","26_TN","USA",25000
"Eastern Meadowlark","27_LA","USA",23000
"Eastern Meadowlark","23_IA","USA",23000
"Eastern Meadowlark","29_AL","USA",22000
"Eastern Meadowlark","13_PA","USA",20000
"Eastern Meadowlark","12_MN","USA",19000
"Eastern Meadowlark","24_OH","USA",17000
"Eastern Meadowlark","13_QC","CAN",16000
"Eastern Meadowlark","22_MN","USA",12000
"Eastern Meadowlark","14_QC","CAN",12000
"Eastern Meadowlark","30_MD","USA",11000
"Eastern Meadowlark","28_MD","USA",9700
"Eastern Meadowlark","29_PA","USA",9500
"Eastern Meadowlark","28_NC","USA",9200
"Eastern Meadowlark","17_SD","USA",6500
"Eastern Meadowlark","18_KS","USA",5700
"Eastern Meadowlark","29_MD","USA",5600
"Eastern Meadowlark","18_OK","USA",5100
"Eastern Meadowlark","14_ME","USA",4200
"Eastern Meadowlark","35_AZ","USA",4200
"Eastern Meadowlark","22_WI","USA",3200
"Eastern Meadowlark","21_KS","USA",3200
"Eastern Meadowlark","8_QC","CAN",3000
"Eastern Meadowlark","29_NJ","USA",2900
"Eastern Meadowlark","26_KY","USA",2700
"Eastern Meadowlark","13_VT","USA",2500
"Eastern Meadowlark","30_DE","USA",1800
"Eastern Meadowlark","37_MS","USA",1700
"Eastern Meadowlark","26_IL","USA",1700
"Eastern Meadowlark","30_VA","USA",1600
"Eastern Meadowlark","11_MN","USA",1500
"Eastern Meadowlark","30_NJ","USA",1100
"Eastern Meadowlark","14_NY","USA",1000
"Eastern Meadowlark","8_ON","CAN",920
"Eastern Meadowlark","24_KS","USA",900
"Eastern Meadowlark","14_VT","USA",850
"Eastern Meadowlark","30_MA","USA",840
"Eastern Meadowlark","17_ND","USA",740
"Eastern Meadowlark","33_AZ","USA",740
"Eastern Meadowlark","17_NE","USA",620
"Eastern Meadowlark","23_OH","USA",540
"Eastern Meadowlark","19_SD","USA",440
"Eastern Meadowlark","18_NE","USA",430
"Eastern Meadowlark","28_SC","USA",400
"Eastern Meadowlark","11_ND","USA",370
"Eastern Meadowlark","30_NH","USA",370
"Eastern Meadowlark","22_MI","USA",200
"Eastern Meadowlark","29_DE","USA",170
"Eastern Meadowlark","14_NH","USA",160
"Eastern Meadowlark","29_NY","USA",120
"Eastern Meadowlark","28_CT","USA",88
"Eastern Meadowlark","12_MB","CAN",85
"Eastern Meadowlark","28_MA","USA",69
"Eastern Meadowlark","30_ME","USA",55
"Eastern Meadowlark","18_SD","USA",35
"Eastern Meadowlark","30_PA","USA",33
"Eastern Meadowlark","30_VT","USA",5
"Western Meadowlark","17_MT","USA",10000000
"Western Meadowlark","18_CO","USA",6500000
"Western Meadowlark","19_NE","USA",5900000
"Western Meadowlark","11_SK","CAN",4800000
"Western Meadowlark","17_SD","USA",4800000
"Western Meadowlark","19_KS","USA",4300000
"Western Meadowlark","9_NV","USA",3900000
"Western Meadowlark","17_WY","USA",3800000
"Western Meadowlark","11_AB","CAN",3500000
"Western Meadowlark","17_ND","USA",3400000
"Western Meadowlark","11_MT","USA",3100000
"Western Meadowlark","18_TX","USA",3000000
"Western Meadowlark","11_ND","USA",2600000
"Western Meadowlark","11_SD","USA",2500000
"Western Meadowlark","10_MT","USA",2500000
"Western Meadowlark","18_NE","USA",2100000
"Western Meadowlark","9_ID","USA",2100000
"Western Meadowlark","9_UT","USA",2000000
"Western Meadowlark","10_WY","USA",2000000
"Western Meadowlark","18_KS","USA",1900000
"Western Meadowlark","9_OR","USA",1900000
"Western Meadowlark","18_NM","USA",1800000
"Western Meadowlark","9_WA","USA",1700000
"Western Meadowlark","32_CA","USA",1300000
"Western Meadowlark","16_CO","USA",1000000
"Western Meadowlark","11_MB","CAN",1000000
"Western Meadowlark","18_OK","USA",900000
"Western Meadowlark","16_NM","USA",860000
"Western Meadowlark","11_NE","USA",640000
"Western Meadowlark","19_OK","USA",600000
"Western Meadowlark","22_IA","USA",590000
"Western Meadowlark","9_CA","USA",590000
"Western Meadowlark","16_UT","USA",540000
"Western Meadowlark","18_WY","USA",510000
"Western Meadowlark","10_BC","CAN",460000
"Western Meadowlark","33_CA","USA",450000
"Western Meadowlark","10_ID","USA",410000
"Western Meadowlark","6_MB","CAN",400000
"Western Meadowlark","11_MN","USA",350000
"Western Meadowlark","19_TX","USA",310000
"Western Meadowlark","9_BC","CAN",280000
"Western Meadowlark","35_NM","USA",240000
"Western Meadowlark","16_WY","USA",230000
"Western Meadowlark","10_OR","USA",230000
"Western Meadowlark","10_CO","USA",230000
"Western Meadowlark","17_NE","USA",230000
"Western Meadowlark","16_AZ","USA",220000
"Western Meadowlark","11_IA","USA",190000
"Western Meadowlark","34_AZ","USA",160000
"Western Meadowlark","18_SD","USA",150000
"Western Meadowlark","22_NE","USA",150000
"Western Meadowlark","6_SK","CAN",110000
"Western Meadowlark","10_AB","CAN",110000
"Western Meadowlark","22_KS","USA",110000
"Western Meadowlark","6_AB","CAN",90000
"Western Meadowlark","5_CA","USA",88000
"Western Meadowlark","22_IL","USA",76000
"Western Meadowlark","15_CA","USA",75000
"Western Meadowlark","5_OR","USA",64000
"Western Meadowlark","10_UT","USA",60000
"Western Meadowlark","22_MO","USA",59000
"Western Meadowlark","10_WA","USA",57000
"Western Meadowlark","19_SD","USA",57000
"Western Meadowlark","33_AZ","USA",50000
"Western Meadowlark","12_MN","USA",42000
"Western Meadowlark","22_MN","USA",28000
"Western Meadowlark","35_TX","USA",22000
"Western Meadowlark","23_WI","USA",18000
"Western Meadowlark","12_MB","CAN",17000
"Western Meadowlark","23_MN","USA",14000
"Western Meadowlark","21_OK","USA",6900
"Western Meadowlark","12_ON","CAN",6800
"Western Meadowlark","6_BC","CAN",5500
"Western Meadowlark","21_TX","USA",5100
"Western Meadowlark","16_ID","USA",3600
"Western Meadowlark","9_WY","USA",2300
"Western Meadowlark","35_AZ","USA",2000
"Western Meadowlark","22_IN","USA",1800
"Western Meadowlark","12_WI","USA",1500
"Western Meadowlark","15_NV","USA",1400
"Western Meadowlark","33_NV","USA",1400
"Western Meadowlark","34_NM","USA",720
"Western Meadowlark","16_NV","USA",640
"Western Meadowlark","23_IA","USA",610
"Western Meadowlark","5_WA","USA",530
"Western Meadowlark","12_MI","USA",510
"Western Meadowlark","13_ON","CAN",450
"Western Meadowlark","25_OK","USA",230
"Western Meadowlark","22_OK","USA",200
"Western Meadowlark","24_IL","USA",55
"Western Meadowlark","22_WI","USA",34
"Western Meadowlark","33_UT","USA",18
"Orchard Oriole","19_NE","USA",890000
"Orchard Oriole","27_MS","USA",590000
"Orchard Oriole","19_KS","USA",550000
"Orchard Oriole","11_ND","USA",540000
"Orchard Oriole","27_NC","USA",520000
"Orchard Oriole","11_SD","USA",410000
"Orchard Oriole","37_LA","USA",360000
"Orchard Oriole","27_AL","USA",350000
"Orchard Oriole","27_SC","USA",340000
"Orchard Oriole","24_KY","USA",320000
"Orchard Oriole","27_FL","USA",270000
"Orchard Oriole","27_GA","USA",270000
"Orchard Oriole","24_TN","USA",230000
"Orchard Oriole","26_AR","USA",220000
"Orchard Oriole","25_AR","USA",210000
"Orchard Oriole","22_MO","USA",200000
"Orchard Oriole","24_MO","USA",200000
"Orchard Oriole","22_KS","USA",200000
"Orchard Oriole","25_TX","USA",200000
"Orchard Oriole","25_LA","USA",190000
"Orchard Oriole","18_NE","USA",170000
"Orchard Oriole","26_LA","USA",170000
"Orchard Oriole","17_SD","USA",160000
"Orchard Oriole","28_KY","USA",120000
"Orchard Oriole","29_VA","USA",120000
"Orchard Oriole","28_WV","USA",120000
"Orchard Oriole","24_AR","USA",120000
"Orchard Oriole","20_TX","USA",110000
"Orchard Oriole","22_IA","USA",110000
"Orchard Oriole","18_KS","USA",110000
"Orchard Oriole","25_OK","USA",110000
"Orchard Oriole","22_NE","USA",100000
"Orchard Oriole","24_IN","USA",100000
"Orchard Oriole","29_GA","USA",100000
"Orchard Oriole","22_IL","USA",95000
"Orchard Oriole","28_AL","USA",95000
"Orchard Oriole","35_TX","USA",92000
"Orchard Oriole","29_NC","USA",88000
"Orchard Oriole","27_TN","USA",84000
"Orchard Oriole","28_TN","USA",80000
"Orchard Oriole","30_MD","USA",79000
"Orchard Oriole","11_MB","CAN",68000
"Orchard Oriole","26_MS","USA",67000
"Orchard Oriole","11_NE","USA",66000
"Orchard Oriole","19_TX","USA",65000
"Orchard Oriole","27_LA","USA",60000
"Orchard Oriole","18_CO","USA",57000
"Orchard Oriole","28_PA","USA",57000
"Orchard Oriole","28_VA","USA",55000
"Orchard Oriole","29_SC","USA",51000
"Orchard Oriole","11_MN","USA",50000
"Orchard Oriole","23_WI","USA",49000
"Orchard Oriole","17_ND","USA",49000
"Orchard Oriole","27_VA","USA",46000
"Orchard Oriole","29_AL","USA",44000
"Orchard Oriole","22_OH","USA",42000
"Orchard Oriole","21_OK","USA",42000
"Orchard Oriole","21_TX","USA",39000
"Orchard Oriole","26_MO","USA",35000
"Orchard Oriole","24_IL","USA",35000
"Orchard Oriole","19_OK","USA",34000
"Orchard Oriole","28_OH","USA",33000
"Orchard Oriole","17_MT","USA",29000
"Orchard Oriole","24_AL","USA",26000
"Orchard Oriole","18_TX","USA",23000
"Orchard Oriole","36_TX","USA",22000
"Orchard Oriole","28_GA","USA",20000
"Orchard Oriole","22_IN","USA",19000
"Orchard Oriole","22_OK","USA",19000
"Orchard Oriole","29_MD","USA",16000
"Orchard Oriole","23_MN","USA",13000
"Orchard Oriole","28_NC","USA",13000
"Orchard Oriole","37_TX","USA",12000
"Orchard Oriole","18_SD","USA",12000
"Orchard Oriole","13_OH","USA",12000
"Orchard Oriole","11_SK","CAN",12000
"Orchard Oriole","30_DE","USA",12000
"Orchard Oriole","24_OH","USA",11000
"Orchard Oriole","30_NJ","USA",11000
"Orchard Oriole","23_MI","USA",11000
"Orchard Oriole","29_PA","USA",10000
"Orchard Oriole","18_OK","USA",9800
"Orchard Oriole","11_IA","USA",9600
"Orchard Oriole","13_ON","CAN",9500
"Orchard Oriole","11_MT","USA",9000
"Orchard Oriole","19_SD","USA",8500
"Orchard Oriole","17_NE","USA",7500
"Orchard Oriole","30_VA","USA",6500
"Orchard Oriole","18_WY","USA",6500
"Orchard Oriole","23_IN","USA",5600
"Orchard Oriole","28_MD","USA",5400
"Orchard Oriole","26_TN","USA",5400
"Orchard Oriole","12_MI","USA",4600
"Orchard Oriole","27_KY","USA",4600
"Orchard Oriole","22_MN","USA",4400
"Orchard Oriole","31_FL","USA",4100
"Orchard Oriole","24_OK","USA",3500
"Orchard Oriole","13_PA","USA",3300
"Orchard Oriole","28_NJ","USA",3100
"Orchard Oriole","13_NY","USA",2700
"Orchard Oriole","26_KY","USA",2700
"Orchard Oriole","30_MA","USA",2100
"Orchard Oriole","28_NY","USA",2000
"Orchard Oriole","6_MB","CAN",1900
"Orchard Oriole","26_IL","USA",1600
"Orchard Oriole","30_CT","USA",1400
"Orchard Oriole","23_IL","USA",1400
"Orchard Oriole","37_MS","USA",1300
"Orchard Oriole","30_NH","USA",1100
"Orchard Oriole","18_NM","USA",760
"Orchard Oriole","22_WI","USA",760
"Orchard Oriole","28_SC","USA",400
"Orchard Oriole","30_PA","USA",330
"Orchard Oriole","30_NY","USA",280
"Orchard Oriole","29_NJ","USA",280
"Orchard Oriole","17_WY","USA",250
"Orchard Oriole","21_KS","USA",250
"Orchard Oriole","29_DE","USA",190
"Orchard Oriole","14_ME","USA",110
"Orchard Oriole","28_CT","USA",81
"Orchard Oriole","28_MA","USA",63
"Orchard Oriole","24_KS","USA",50
"Orchard Oriole","23_OH","USA",47
"Orchard Oriole","29_NY","USA",12
"Hooded Oriole","32_CA","USA",89000
"Hooded Oriole","34_AZ","USA",85000
"Hooded Oriole","36_TX","USA",40000
"Hooded Oriole","37_TX","USA",39000
"Hooded Oriole","35_NM","USA",29000
"Hooded Oriole","33_AZ","USA",25000
"Hooded Oriole","33_CA","USA",11000
"Hooded Oriole","20_TX","USA",10000
"Hooded Oriole","16_AZ","USA",8600
"Hooded Oriole","33_NV","USA",5800
"Hooded Oriole","35_TX","USA",5700
"Hooded Oriole","35_AZ","USA",750
"Hooded Oriole","34_NM","USA",490
"Hooded Oriole","21_TX","USA",390
"Hooded Oriole","33_UT","USA",54
"Bullock's Oriole","32_CA","USA",890000
"Bullock's Oriole","18_TX","USA",550000
"Bullock's Oriole","9_WA","USA",410000
"Bullock's Oriole","18_NM","USA",360000
"Bullock's Oriole","19_TX","USA",350000
"Bullock's Oriole","9_ID","USA",340000
"Bullock's Oriole","18_CO","USA",300000
"Bullock's Oriole","36_TX","USA",280000
"Bullock's Oriole","17_MT","USA",260000
"Bullock's Oriole","16_CO","USA",230000
"Bullock's Oriole","35_NM","USA",220000
"Bullock's Oriole","9_NV","USA",220000
"Bullock's Oriole","9_CA","USA",190000
"Bullock's Oriole","35_TX","USA",170000
"Bullock's Oriole","9_OR","USA",150000
"Bullock's Oriole","9_BC","CAN",140000
"Bullock's Oriole","16_NM","USA",140000
"Bullock's Oriole","16_UT","USA",130000
"Bullock's Oriole","17_WY","USA",130000
"Bullock's Oriole","9_UT","USA",110000
"Bullock's Oriole","10_MT","USA",110000
"Bullock's Oriole","10_BC","CAN",92000
"Bullock's Oriole","5_OR","USA",91000
"Bullock's Oriole","10_WY","USA",90000
"Bullock's Oriole","10_OR","USA",90000
"Bullock's Oriole","15_CA","USA",86000
"Bullock's Oriole","33_AZ","USA",84000
"Bullock's Oriole","34_AZ","USA",81000
"Bullock's Oriole","21_TX","USA",77000
"Bullock's Oriole","19_OK","USA",69000
"Bullock's Oriole","5_CA","USA",59000
"Bullock's Oriole","33_CA","USA",58000
"Bullock's Oriole","18_OK","USA",57000
"Bullock's Oriole","10_ID","USA",43000
"Bullock's Oriole","10_WA","USA",35000
"Bullock's Oriole","16_AZ","USA",34000
"Bullock's Oriole","18_NE","USA",28000
"Bullock's Oriole","11_MT","USA",26000
"Bullock's Oriole","5_BC","CAN",20000
"Bullock's Oriole","34_NM","USA",18000
"Bullock's Oriole","18_KS","USA",14000
"Bullock's Oriole","20_TX","USA",14000
"Bullock's Oriole","18_WY","USA",13000
"Bullock's Oriole","37_TX","USA",13000
"Bullock's Oriole","10_CO","USA",12000
"Bullock's Oriole","19_NE","USA",11000
"Bullock's Oriole","16_WY","USA",7700
"Bullock's Oriole","5_WA","USA",7600
"Bullock's Oriole","10_UT","USA",6800
"Bullock's Oriole","33_NV","USA",3700
"Bullock's Oriole","17_SD","USA",3200
"Bullock's Oriole","35_AZ","USA",2900
"Bullock's Oriole","19_KS","USA",2900
"Bullock's Oriole","17_ND","USA",1800
"Bullock's Oriole","15_NV","USA",1700
"Bullock's Oriole","16_ID","USA",860
"Bullock's Oriole","9_WY","USA",430
"Bullock's Oriole","11_AB","CAN",280
"Bullock's Oriole","16_NV","USA",97
"Bullock's Oriole","33_UT","USA",45
"Audubon's Oriole","36_TX","USA",140000
"Audubon's Oriole","35_TX","USA",13000
"Audubon's Oriole","21_TX","USA",8700
"Audubon's Oriole","37_TX","USA",4300
"Baltimore Oriole","19_KS","USA",1700000
"Baltimore Oriole","19_NE","USA",950000
"Baltimore Oriole","22_KS","USA",520000
"Baltimore Oriole","28_PA","USA",510000
"Baltimore Oriole","23_WI","USA",500000
"Baltimore Oriole","22_IA","USA",500000
"Baltimore Oriole","22_MO","USA",420000
"Baltimore Oriole","11_SK","CAN",400000
"Baltimore Oriole","13_ON","CAN",400000
"Baltimore Oriole","23_MI","USA",320000
"Baltimore Oriole","13_NY","USA",310000
"Baltimore Oriole","22_IL","USA",250000
"Baltimore Oriole","28_NY","USA",250000
"Baltimore Oriole","6_AB","CAN",240000
"Baltimore Oriole","11_MB","CAN",230000
"Baltimore Oriole","22_NE","USA",230000
"Baltimore Oriole","11_ND","USA",230000
"Baltimore Oriole","11_AB","CAN",200000
"Baltimore Oriole","11_MN","USA",200000
"Baltimore Oriole","12_MI","USA",170000
"Baltimore Oriole","28_WV","USA",170000
"Baltimore Oriole","23_MN","USA",160000
"Baltimore Oriole","24_KY","USA",160000
"Baltimore Oriole","11_SD","USA",140000
"Baltimore Oriole","22_OH","USA",120000
"Baltimore Oriole","22_IN","USA",120000
"Baltimore Oriole","6_MB","CAN",110000
"Baltimore Oriole","11_IA","USA",110000
"Baltimore Oriole","11_NE","USA",110000
"Baltimore Oriole","30_MA","USA",98000
"Baltimore Oriole","19_OK","USA",98000
"Baltimore Oriole","26_AR","USA",97000
"Baltimore Oriole","12_MN","USA",82000
"Baltimore Oriole","12_ON","CAN",75000
"Baltimore Oriole","24_IN","USA",72000
"Baltimore Oriole","24_MO","USA",71000
"Baltimore Oriole","28_VA","USA",69000
"Baltimore Oriole","6_SK","CAN",69000
"Baltimore Oriole","13_QC","CAN",64000
"Baltimore Oriole","13_OH","USA",63000
"Baltimore Oriole","12_WI","USA",57000
"Baltimore Oriole","28_OH","USA",55000
"Baltimore Oriole","17_SD","USA",52000
"Baltimore Oriole","14_ME","USA",51000
"Baltimore Oriole","23_IN","USA",48000
"Baltimore Oriole","30_CT","USA",43000
"Baltimore Oriole","12_QC","CAN",40000
"Baltimore Oriole","29_PA","USA",39000
"Baltimore Oriole","29_VA","USA",37000
"Baltimore Oriole","30_NH","USA",34000
"Baltimore Oriole","14_NH","USA",34000
"Baltimore Oriole","18_KS","USA",34000
"Baltimore Oriole","22_OK","USA",34000
"Baltimore Oriole","13_PA","USA",33000
"Baltimore Oriole","28_NJ","USA",31000
"Baltimore Oriole","22_MN","USA",30000
"Baltimore Oriole","14_VT","USA",29000
"Baltimore Oriole","21_OK","USA",27000
"Baltimore Oriole","24_IL","USA",25000
"Baltimore Oriole","18_NE","USA",24000
"Baltimore Oriole","13_VT","USA",23000
"Baltimore Oriole","14_MA","USA",23000
"Baltimore Oriole","23_IA","USA",22000
"Baltimore Oriole","14_NY","USA",22000
"Baltimore Oriole","26_MS","USA",21000
"Baltimore Oriole","14_QC","CAN",21000
"Baltimore Oriole","30_NY","USA",19000
"Baltimore Oriole","29_MD","USA",19000
"Baltimore Oriole","30_NJ","USA",19000
"Baltimore Oriole","26_MO","USA",17000
"Baltimore Oriole","24_AR","USA",16000
"Baltimore Oriole","26_TN","USA",15000
"Baltimore Oriole","12_MB","CAN",15000
"Baltimore Oriole","25_AR","USA",15000
"Baltimore Oriole","6_BC","CAN",15000
"Baltimore Oriole","24_TN","USA",14000
"Baltimore Oriole","23_IL","USA",13000
"Baltimore Oriole","25_OK","USA",13000
"Baltimore Oriole","28_MD","USA",13000
"Baltimore Oriole","30_RI","USA",12000
"Baltimore Oriole","24_OK","USA",12000
"Baltimore Oriole","24_OH","USA",12000
"Baltimore Oriole","28_KY","USA",12000
"Baltimore Oriole","26_LA","USA",11000
"Baltimore Oriole","22_MI","USA",10000
"Baltimore Oriole","29_NJ","USA",9500
"Baltimore Oriole","19_SD","USA",9200
"Baltimore Oriole","22_WI","USA",8200
"Baltimore Oriole","21_TX","USA",7900
"Baltimore Oriole","25_TX","USA",7900
"Baltimore Oriole","17_ND","USA",7200
"Baltimore Oriole","30_MD","USA",5200
"Baltimore Oriole","28_NC","USA",5100
"Baltimore Oriole","25_LA","USA",5000
"Baltimore Oriole","27_MS","USA",4600
"Baltimore Oriole","27_TN","USA",3800
"Baltimore Oriole","10_AB","CAN",3700
"Baltimore Oriole","28_CT","USA",3300
"Baltimore Oriole","18_CO","USA",3000
"Baltimore Oriole","30_ME","USA",2900
"Baltimore Oriole","17_MT","USA",2600
"Baltimore Oriole","28_MA","USA",2600
"Baltimore Oriole","30_DE","USA",2500
"Baltimore Oriole","17_NE","USA",2400
"Baltimore Oriole","8_ON","CAN",2300
"Baltimore Oriole","18_SD","USA",2100
"Baltimore Oriole","14_NB","CAN",2000
"Baltimore Oriole","26_KY","USA",1600
"Baltimore Oriole","28_TN","USA",1300
"Baltimore Oriole","14_CT","USA",1200
"Baltimore Oriole","11_MT","USA",1200
"Baltimore Oriole","18_TX","USA",1100
"Baltimore Oriole","26_IL","USA",960
"Baltimore Oriole","20_TX","USA",740
"Baltimore Oriole","29_DE","USA",720
"Baltimore Oriole","30_PA","USA",560
"Baltimore Oriole","27_LA","USA",560
"Baltimore Oriole","27_KY","USA",540
"Baltimore Oriole","29_GA","USA",510
"Baltimore Oriole","30_VT","USA",440
"Baltimore Oriole","14_NS","CAN",410
"Baltimore Oriole","29_NY","USA",400
"Baltimore Oriole","23_OH","USA",390
"Baltimore Oriole","29_NC","USA",380
"Baltimore Oriole","27_AL","USA",310
"Baltimore Oriole","27_VA","USA",230
"Baltimore Oriole","21_KS","USA",210
"Baltimore Oriole","37_LA","USA",210
"Baltimore Oriole","27_GA","USA",180
"Baltimore Oriole","24_KS","USA",170
"Baltimore Oriole","24_AL","USA",140
"Scott's Oriole","35_TX","USA",420000
"Scott's Oriole","35_NM","USA",370000
"Scott's Oriole","34_AZ","USA",160000
"Scott's Oriole","33_CA","USA",140000
"Scott's Oriole","16_AZ","USA",130000
"Scott's Oriole","33_AZ","USA",120000
"Scott's Oriole","9_NV","USA",110000
"Scott's Oriole","20_TX","USA",67000
"Scott's Oriole","16_NM","USA",56000
"Scott's Oriole","34_NM","USA",52000
"Scott's Oriole","32_CA","USA",24000
"Scott's Oriole","16_UT","USA",18000
"Scott's Oriole","33_NV","USA",17000
"Scott's Oriole","19_TX","USA",16000
"Scott's Oriole","9_CA","USA",6800
"Scott's Oriole","18_NM","USA",6300
"Scott's Oriole","35_AZ","USA",4800
"Scott's Oriole","9_UT","USA",4000
"Scott's Oriole","18_TX","USA",1300
"Scott's Oriole","16_CO","USA",690
"Scott's Oriole","16_NV","USA",590
"Scott's Oriole","18_CO","USA",470
"Scott's Oriole","33_UT","USA",420
"Scott's Oriole","36_TX","USA",330
"Red-winged Blackbird","11_ND","USA",12000000
"Red-winged Blackbird","33_CA","USA",10000000
"Red-winged Blackbird","22_IA","USA",8100000
"Red-winged Blackbird","11_SK","CAN",7800000
"Red-winged Blackbird","22_IL","USA",6700000
"Red-winged Blackbird","26_AR","USA",5900000
"Red-winged Blackbird","23_WI","USA",4900000
"Red-winged Blackbird","11_SD","USA",4700000
"Red-winged Blackbird","11_MB","CAN",3800000
"Red-winged Blackbird","19_KS","USA",3600000
"Red-winged Blackbird","6_AB","CAN",3500000
"Red-winged Blackbird","33_AZ","USA",3300000
"Red-winged Blackbird","11_AB","CAN",3300000
"Red-winged Blackbird","19_NE","USA",3300000
"Red-winged Blackbird","36_TX","USA",3000000
"Red-winged Blackbird","13_ON","CAN",2800000
"Red-winged Blackbird","32_CA","USA",2700000
"Red-winged Blackbird","18_TX","USA",2600000
"Red-winged Blackbird","22_MO","USA",2400000
"Red-winged Blackbird","11_MN","USA",2400000
"Red-winged Blackbird","23_MN","USA",2400000
"Red-winged Blackbird","23_MI","USA",2100000
"Red-winged Blackbird","22_OH","USA",2000000
"Red-winged Blackbird","17_ND","USA",1900000
"Red-winged Blackbird","17_SD","USA",1900000
"Red-winged Blackbird","37_TX","USA",1800000
"Red-winged Blackbird","17_MT","USA",1800000
"Red-winged Blackbird","31_FL","USA",1800000
"Red-winged Blackbird","37_LA","USA",1800000
"Red-winged Blackbird","26_LA","USA",1600000
"Red-winged Blackbird","24_KY","USA",1500000
"Red-winged Blackbird","13_NY","USA",1500000
"Red-winged Blackbird","22_IN","USA",1500000
"Red-winged Blackbird","9_ID","USA",1500000
"Red-winged Blackbird","28_PA","USA",1400000
"Red-winged Blackbird","9_WA","USA",1400000
"Red-winged Blackbird","11_IA","USA",1300000
"Red-winged Blackbird","16_CO","USA",1300000
"Red-winged Blackbird","18_CO","USA",1300000
"Red-winged Blackbird","6_MB","CAN",1300000
"Red-winged Blackbird","26_MS","USA",1200000
"Red-winged Blackbird","9_OR","USA",1100000
"Red-winged Blackbird","6_SK","CAN",1100000
"Red-winged Blackbird","12_MN","USA",1000000
"Red-winged Blackbird","18_KS","USA",1000000
"Red-winged Blackbird","19_OK","USA",990000
"Red-winged Blackbird","12_ON","CAN",960000
"Red-winged Blackbird","26_MO","USA",950000
"Red-winged Blackbird","11_MT","USA",950000
"Red-winged Blackbird","18_NE","USA",920000
"Red-winged Blackbird","9_NV","USA",910000
"Red-winged Blackbird","10_BC","CAN",910000
"Red-winged Blackbird","24_MO","USA",900000
"Red-winged Blackbird","22_KS","USA",890000
"Red-winged Blackbird","10_MT","USA",890000
"Red-winged Blackbird","28_NY","USA",880000
"Red-winged Blackbird","24_IN","USA",880000
"Red-winged Blackbird","9_CA","USA",870000
"Red-winged Blackbird","10_WY","USA",870000
"Red-winged Blackbird","12_MI","USA",870000
"Red-winged Blackbird","13_OH","USA",800000
"Red-winged Blackbird","12_QC","CAN",740000
"Red-winged Blackbird","13_QC","CAN",690000
"Red-winged Blackbird","6_NT","CAN",650000
"Red-winged Blackbird","17_WY","USA",640000
"Red-winged Blackbird","6_BC","CAN",610000
"Red-winged Blackbird","21_TX","USA",600000
"Red-winged Blackbird","28_WV","USA",550000
"Red-winged Blackbird","23_IN","USA",550000
"Red-winged Blackbird","28_OH","USA",540000
"Red-winged Blackbird","27_GA","USA",530000
"Red-winged Blackbird","11_NE","USA",530000
"Red-winged Blackbird","19_TX","USA",530000
"Red-winged Blackbird","14_QC","CAN",520000
"Red-winged Blackbird","28_VA","USA",480000
"Red-winged Blackbird","22_NE","USA",460000
"Red-winged Blackbird","7_NT","CAN",430000
"Red-winged Blackbird","22_MN","USA",430000
"Red-winged Blackbird","10_ID","USA",420000
"Red-winged Blackbird","12_WI","USA",410000
"Red-winged Blackbird","9_UT","USA",390000
"Red-winged Blackbird","24_IL","USA",390000
"Red-winged Blackbird","10_OR","USA",370000
"Red-winged Blackbird","27_MS","USA",360000
"Red-winged Blackbird","8_QC","CAN",320000
"Red-winged Blackbird","23_IA","USA",310000
"Red-winged Blackbird","24_TN","USA",290000
"Red-winged Blackbird","13_PA","USA",270000
"Red-winged Blackbird","22_OK","USA",270000
"Red-winged Blackbird","23_IL","USA",260000
"Red-winged Blackbird","25_LA","USA",250000
"Red-winged Blackbird","28_TN","USA",240000
"Red-winged Blackbird","16_NM","USA",240000
"Red-winged Blackbird","27_TN","USA",240000
"Red-winged Blackbird","18_WY","USA",240000
"Red-winged Blackbird","27_AL","USA",230000
"Red-winged Blackbird","27_NC","USA",230000
"Red-winged Blackbird","14_ME","USA",220000
"Red-winged Blackbird","26_TN","USA",220000
"Red-winged Blackbird","5_BC","CAN",220000
"Red-winged Blackbird","14_VT","USA",210000
"Red-winged Blackbird","30_MD","USA",200000
"Red-winged Blackbird","5_WA","USA",200000
"Red-winged Blackbird","8_MB","CAN",200000
"Red-winged Blackbird","18_OK","USA",200000
"Red-winged Blackbird","35_NM","USA",200000
"Red-winged Blackbird","8_SK","CAN",190000
"Red-winged Blackbird","8_ON","CAN",170000
"Red-winged Blackbird","22_MI","USA",160000
"Red-winged Blackbird","35_TX","USA",160000
"Red-winged Blackbird","9_BC","CAN",160000
"Red-winged Blackbird","28_AL","USA",160000
"Red-winged Blackbird","14_NY","USA",150000
"Red-winged Blackbird","5_OR","USA",150000
"Red-winged Blackbird","30_NJ","USA",150000
"Red-winged Blackbird","29_PA","USA",140000
"Red-winged Blackbird","30_MA","USA",140000
"Red-winged Blackbird","16_UT","USA",140000
"Red-winged Blackbird","12_MB","CAN",140000
"Red-winged Blackbird","28_KY","USA",130000
"Red-winged Blackbird","10_UT","USA",130000
"Red-winged Blackbird","29_VA","USA",130000
"Red-winged Blackbird","18_NM","USA",130000
"Red-winged Blackbird","24_AR","USA",120000
"Red-winged Blackbird","21_OK","USA",120000
"Red-winged Blackbird","15_CA","USA",120000
"Red-winged Blackbird","14_NB","CAN",110000
"Red-winged Blackbird","4_BC","CAN",110000
"Red-winged Blackbird","14_NH","USA",110000
"Red-winged Blackbird","13_VT","USA",110000
"Red-winged Blackbird","25_OK","USA",100000
"Red-winged Blackbird","25_TX","USA",99000
"Red-winged Blackbird","27_FL","USA",98000
"Red-winged Blackbird","14_NS","CAN",97000
"Red-winged Blackbird","34_AZ","USA",95000
"Red-winged Blackbird","27_KY","USA",95000
"Red-winged Blackbird","30_CT","USA",94000
"Red-winged Blackbird","17_NE","USA",87000
"Red-winged Blackbird","25_AR","USA",84000
"Red-winged Blackbird","5_CA","USA",82000
"Red-winged Blackbird","10_WA","USA",81000
"Red-winged Blackbird","30_DE","USA",81000
"Red-winged Blackbird","28_NC","USA",72000
"Red-winged Blackbird","7_AB","CAN",70000
"Red-winged Blackbird","7_ON","CAN",65000
"Red-winged Blackbird","18_SD","USA",63000
"Red-winged Blackbird","10_CO","USA",63000
"Red-winged Blackbird","29_MD","USA",60000
"Red-winged Blackbird","22_WI","USA",59000
"Red-winged Blackbird","24_OH","USA",53000
"Red-winged Blackbird","24_AL","USA",53000
"Red-winged Blackbird","29_GA","USA",52000
"Red-winged Blackbird","29_NC","USA",51000
"Red-winged Blackbird","30_NY","USA",50000
"Red-winged Blackbird","27_SC","USA",49000
"Red-winged Blackbird","4_YT","CAN",49000
"Red-winged Blackbird","16_WY","USA",49000
"Red-winged Blackbird","28_GA","USA",46000
"Red-winged Blackbird","14_MA","USA",42000
"Red-winged Blackbird","28_MD","USA",42000
"Red-winged Blackbird","20_TX","USA",40000
"Red-winged Blackbird","29_NJ","USA",38000
"Red-winged Blackbird","27_VA","USA",38000
"Red-winged Blackbird","30_NH","USA",36000
"Red-winged Blackbird","7_SK","CAN",34000
"Red-winged Blackbird","19_SD","USA",32000
"Red-winged Blackbird","14_PE","CAN",31000
"Red-winged Blackbird","30_VA","USA",30000
"Red-winged Blackbird","10_AB","CAN",26000
"Red-winged Blackbird","24_OK","USA",25000
"Red-winged Blackbird","26_KY","USA",21000
"Red-winged Blackbird","29_SC","USA",18000
"Red-winged Blackbird","28_NJ","USA",16000
"Red-winged Blackbird","28_CT","USA",16000
"Red-winged Blackbird","27_LA","USA",15000
"Red-winged Blackbird","5_AK","USA",15000
"Red-winged Blackbird","30_ME","USA",13000
"Red-winged Blackbird","26_IL","USA",13000
"Red-winged Blackbird","28_MA","USA",12000
"Red-winged Blackbird","4_NT","CAN",12000
"Red-winged Blackbird","30_RI","USA",8900
"Red-winged Blackbird","29_AL","USA",7100
"Red-winged Blackbird","16_AZ","USA",6500
"Red-winged Blackbird","37_MS","USA",6300
"Red-winged Blackbird","4_AK","USA",5800
"Red-winged Blackbird","23_OH","USA",4500
"Red-winged Blackbird","30_PA","USA",4400
"Red-winged Blackbird","29_DE","USA",2600
"Red-winged Blackbird","35_AZ","USA",2500
"Red-winged Blackbird","7_NL","CAN",2400
"Red-winged Blackbird","15_NV","USA",2300
"Red-winged Blackbird","28_SC","USA",1700
"Red-winged Blackbird","14_CT","USA",1600
"Red-winged Blackbird","9_WY","USA",1600
"Red-winged Blackbird","29_NY","USA",1600
"Red-winged Blackbird","8_NL","CAN",1300
"Red-winged Blackbird","16_ID","USA",920
"Red-winged Blackbird","5_YT","CAN",740
"Red-winged Blackbird","21_KS","USA",710
"Red-winged Blackbird","30_VT","USA",460
"Red-winged Blackbird","24_KS","USA",350
"Red-winged Blackbird","34_NM","USA",200
"Red-winged Blackbird","16_NV","USA",19
"Tricolored Blackbird","32_CA","USA",NA
"Tricolored Blackbird","9_CA","USA",NA
"Tricolored Blackbird","9_OR","USA",NA
"Tricolored Blackbird","5_CA","USA",NA
"Bronzed Cowbird","36_TX","USA",530000
"Bronzed Cowbird","37_TX","USA",150000
"Bronzed Cowbird","35_TX","USA",37000
"Bronzed Cowbird","21_TX","USA",37000
"Bronzed Cowbird","20_TX","USA",14000
"Bronzed Cowbird","18_TX","USA",12000
"Bronzed Cowbird","34_AZ","USA",11000
"Bronzed Cowbird","33_AZ","USA",8400
"Bronzed Cowbird","37_LA","USA",4600
"Bronzed Cowbird","26_LA","USA",4100
"Bronzed Cowbird","35_NM","USA",2900
"Bronzed Cowbird","31_FL","USA",1600
"Bronzed Cowbird","18_NM","USA",640
"Bronzed Cowbird","33_CA","USA",550
"Bronzed Cowbird","34_NM","USA",370
"Bronzed Cowbird","19_TX","USA",280
"Bronzed Cowbird","35_AZ","USA",76
"Brown-headed Cowbird","11_SK","CAN",11000000
"Brown-headed Cowbird","11_ND","USA",9700000
"Brown-headed Cowbird","11_SD","USA",5600000
"Brown-headed Cowbird","19_KS","USA",5200000
"Brown-headed Cowbird","17_SD","USA",5100000
"Brown-headed Cowbird","19_NE","USA",4700000
"Brown-headed Cowbird","11_AB","CAN",4200000
"Brown-headed Cowbird","17_MT","USA",3900000
"Brown-headed Cowbird","17_ND","USA",3800000
"Brown-headed Cowbird","6_AB","CAN",2800000
"Brown-headed Cowbird","22_IL","USA",2400000
"Brown-headed Cowbird","22_IA","USA",2200000
"Brown-headed Cowbird","11_MB","CAN",2200000
"Brown-headed Cowbird","11_MT","USA",2100000
"Brown-headed Cowbird","21_TX","USA",2100000
"Brown-headed Cowbird","10_MT","USA",2100000
"Brown-headed Cowbird","22_KS","USA",1900000
"Brown-headed Cowbird","19_OK","USA",1800000
"Brown-headed Cowbird","22_MO","USA",1600000
"Brown-headed Cowbird","23_WI","USA",1600000
"Brown-headed Cowbird","11_MN","USA",1500000
"Brown-headed Cowbird","24_MO","USA",1500000
"Brown-headed Cowbird","32_CA","USA",1200000
"Brown-headed Cowbird","6_SK","CAN",1200000
"Brown-headed Cowbird","19_TX","USA",1100000
"Brown-headed Cowbird","9_WA","USA",1000000
"Brown-headed Cowbird","22_IN","USA",1000000
"Brown-headed Cowbird","21_OK","USA",960000
"Brown-headed Cowbird","24_KY","USA",940000
"Brown-headed Cowbird","10_BC","CAN",910000
"Brown-headed Cowbird","9_ID","USA",900000
"Brown-headed Cowbird","36_TX","USA",900000
"Brown-headed Cowbird","9_OR","USA",900000
"Brown-headed Cowbird","11_IA","USA",870000
"Brown-headed Cowbird","26_AR","USA",830000
"Brown-headed Cowbird","23_MN","USA",820000
"Brown-headed Cowbird","35_TX","USA",810000
"Brown-headed Cowbird","16_CO","USA",780000
"Brown-headed Cowbird","26_LA","USA",750000
"Brown-headed Cowbird","27_MS","USA",740000
"Brown-headed Cowbird","13_ON","CAN",730000
"Brown-headed Cowbird","23_MI","USA",720000
"Brown-headed Cowbird","11_NE","USA",700000
"Brown-headed Cowbird","20_TX","USA",700000
"Brown-headed Cowbird","27_GA","USA",680000
"Brown-headed Cowbird","22_OH","USA",660000
"Brown-headed Cowbird","25_TX","USA",640000
"Brown-headed Cowbird","34_AZ","USA",640000
"Brown-headed Cowbird","27_NC","USA",640000
"Brown-headed Cowbird","26_MS","USA",620000
"Brown-headed Cowbird","6_MB","CAN",610000
"Brown-headed Cowbird","9_CA","USA",570000
"Brown-headed Cowbird","25_AR","USA",570000
"Brown-headed Cowbird","27_FL","USA",560000
"Brown-headed Cowbird","18_CO","USA",560000
"Brown-headed Cowbird","28_PA","USA",530000
"Brown-headed Cowbird","17_WY","USA",520000
"Brown-headed Cowbird","25_OK","USA",510000
"Brown-headed Cowbird","27_AL","USA",510000
"Brown-headed Cowbird","33_AZ","USA",510000
"Brown-headed Cowbird","12_MN","USA",490000
"Brown-headed Cowbird","24_TN","USA",490000
"Brown-headed Cowbird","24_IN","USA",460000
"Brown-headed Cowbird","13_NY","USA",450000
"Brown-headed Cowbird","29_NC","USA",440000
"Brown-headed Cowbird","37_TX","USA",440000
"Brown-headed Cowbird","22_NE","USA",440000
"Brown-headed Cowbird","10_WY","USA",430000
"Brown-headed Cowbird","12_MI","USA",410000
"Brown-headed Cowbird","9_NV","USA",410000
"Brown-headed Cowbird","24_AR","USA",410000
"Brown-headed Cowbird","37_LA","USA",400000
"Brown-headed Cowbird","35_NM","USA",380000
"Brown-headed Cowbird","10_ID","USA",360000
"Brown-headed Cowbird","6_BC","CAN",350000
"Brown-headed Cowbird","18_TX","USA",340000
"Brown-headed Cowbird","5_BC","CAN",340000
"Brown-headed Cowbird","27_SC","USA",330000
"Brown-headed Cowbird","16_NM","USA",320000
"Brown-headed Cowbird","27_TN","USA",300000
"Brown-headed Cowbird","25_LA","USA",300000
"Brown-headed Cowbird","29_GA","USA",290000
"Brown-headed Cowbird","22_OK","USA",290000
"Brown-headed Cowbird","5_WA","USA",280000
"Brown-headed Cowbird","28_WV","USA",280000
"Brown-headed Cowbird","28_KY","USA",280000
"Brown-headed Cowbird","9_UT","USA",280000
"Brown-headed Cowbird","18_NE","USA",270000
"Brown-headed Cowbird","33_CA","USA",270000
"Brown-headed Cowbird","24_IL","USA",260000
"Brown-headed Cowbird","10_AB","CAN",260000
"Brown-headed Cowbird","9_BC","CAN",250000
"Brown-headed Cowbird","28_TN","USA",250000
"Brown-headed Cowbird","28_AL","USA",250000
"Brown-headed Cowbird","5_OR","USA",250000
"Brown-headed Cowbird","17_NE","USA",240000
"Brown-headed Cowbird","22_MN","USA",240000
"Brown-headed Cowbird","29_VA","USA",230000
"Brown-headed Cowbird","16_UT","USA",220000
"Brown-headed Cowbird","10_WA","USA",220000
"Brown-headed Cowbird","12_WI","USA",210000
"Brown-headed Cowbird","18_NM","USA",190000
"Brown-headed Cowbird","18_KS","USA",190000
"Brown-headed Cowbird","28_OH","USA",190000
"Brown-headed Cowbird","23_IN","USA",190000
"Brown-headed Cowbird","15_CA","USA",180000
"Brown-headed Cowbird","13_OH","USA",180000
"Brown-headed Cowbird","10_OR","USA",180000
"Brown-headed Cowbird","24_OK","USA",170000
"Brown-headed Cowbird","30_MD","USA",170000
"Brown-headed Cowbird","27_VA","USA",160000
"Brown-headed Cowbird","30_NJ","USA",140000
"Brown-headed Cowbird","13_QC","CAN",140000
"Brown-headed Cowbird","29_PA","USA",140000
"Brown-headed Cowbird","26_MO","USA",130000
"Brown-headed Cowbird","28_NY","USA",130000
"Brown-headed Cowbird","5_CA","USA",120000
"Brown-headed Cowbird","29_SC","USA",120000
"Brown-headed Cowbird","10_CO","USA",120000
"Brown-headed Cowbird","12_ON","CAN",120000
"Brown-headed Cowbird","16_AZ","USA",120000
"Brown-headed Cowbird","28_VA","USA",94000
"Brown-headed Cowbird","30_MA","USA",94000
"Brown-headed Cowbird","28_GA","USA",90000
"Brown-headed Cowbird","27_LA","USA",81000
"Brown-headed Cowbird","30_CT","USA",76000
"Brown-headed Cowbird","14_ME","USA",76000
"Brown-headed Cowbird","23_IL","USA",76000
"Brown-headed Cowbird","24_AL","USA",74000
"Brown-headed Cowbird","22_MI","USA",70000
"Brown-headed Cowbird","31_FL","USA",70000
"Brown-headed Cowbird","29_MD","USA",68000
"Brown-headed Cowbird","12_QC","CAN",68000
"Brown-headed Cowbird","23_IA","USA",65000
"Brown-headed Cowbird","16_WY","USA",64000
"Brown-headed Cowbird","13_PA","USA",64000
"Brown-headed Cowbird","10_UT","USA",59000
"Brown-headed Cowbird","30_DE","USA",58000
"Brown-headed Cowbird","14_QC","CAN",53000
"Brown-headed Cowbird","8_QC","CAN",51000
"Brown-headed Cowbird","19_SD","USA",45000
"Brown-headed Cowbird","24_OH","USA",45000
"Brown-headed Cowbird","29_AL","USA",44000
"Brown-headed Cowbird","18_OK","USA",43000
"Brown-headed Cowbird","27_KY","USA",43000
"Brown-headed Cowbird","34_NM","USA",41000
"Brown-headed Cowbird","28_NJ","USA",41000
"Brown-headed Cowbird","18_WY","USA",39000
"Brown-headed Cowbird","4_BC","CAN",39000
"Brown-headed Cowbird","30_NY","USA",38000
"Brown-headed Cowbird","12_MB","CAN",38000
"Brown-headed Cowbird","26_TN","USA",35000
"Brown-headed Cowbird","29_NJ","USA",34000
"Brown-headed Cowbird","14_NH","USA",34000
"Brown-headed Cowbird","14_VT","USA",33000
"Brown-headed Cowbird","28_NC","USA",31000
"Brown-headed Cowbird","30_NH","USA",28000
"Brown-headed Cowbird","22_WI","USA",28000
"Brown-headed Cowbird","14_MA","USA",26000
"Brown-headed Cowbird","28_MD","USA",26000
"Brown-headed Cowbird","8_AB","CAN",23000
"Brown-headed Cowbird","13_VT","USA",21000
"Brown-headed Cowbird","14_NY","USA",20000
"Brown-headed Cowbird","30_VA","USA",20000
"Brown-headed Cowbird","18_SD","USA",18000
"Brown-headed Cowbird","30_RI","USA",18000
"Brown-headed Cowbird","26_KY","USA",12000
"Brown-headed Cowbird","28_SC","USA",11000
"Brown-headed Cowbird","4_YT","CAN",11000
"Brown-headed Cowbird","14_NB","CAN",7900
"Brown-headed Cowbird","26_IL","USA",7500
"Brown-headed Cowbird","21_KS","USA",5700
"Brown-headed Cowbird","28_CT","USA",5300
"Brown-headed Cowbird","35_AZ","USA",5000
"Brown-headed Cowbird","30_PA","USA",4400
"Brown-headed Cowbird","28_MA","USA",4200
"Brown-headed Cowbird","33_NV","USA",4000
"Brown-headed Cowbird","14_CT","USA",3900
"Brown-headed Cowbird","14_NS","CAN",3900
"Brown-headed Cowbird","8_ON","CAN",3700
"Brown-headed Cowbird","15_NV","USA",3600
"Brown-headed Cowbird","30_ME","USA",2700
"Brown-headed Cowbird","29_DE","USA",2500
"Brown-headed Cowbird","24_KS","USA",2400
"Brown-headed Cowbird","14_PE","CAN",1700
"Brown-headed Cowbird","23_OH","USA",1600
"Brown-headed Cowbird","16_ID","USA",1500
"Brown-headed Cowbird","37_MS","USA",1500
"Brown-headed Cowbird","29_NY","USA",1400
"Brown-headed Cowbird","9_WY","USA",990
"Brown-headed Cowbird","30_VT","USA",360
"Brown-headed Cowbird","16_NV","USA",330
"Brown-headed Cowbird","8_MB","CAN",270
"Brown-headed Cowbird","8_SK","CAN",150
"Brown-headed Cowbird","33_UT","USA",50
"Rusty Blackbird","7_QC","CAN",2200000
"Rusty Blackbird","7_NL","CAN",1100000
"Rusty Blackbird","7_ON","CAN",980000
"Rusty Blackbird","4_AK","USA",910000
"Rusty Blackbird","4_YT","CAN",320000
"Rusty Blackbird","4_BC","CAN",240000
"Rusty Blackbird","6_NT","CAN",190000
"Rusty Blackbird","7_NT","CAN",160000
"Rusty Blackbird","7_MB","CAN",110000
"Rusty Blackbird","8_SK","CAN",97000
"Rusty Blackbird","8_QC","CAN",96000
"Rusty Blackbird","3_NU","CAN",57000
"Rusty Blackbird","8_NL","CAN",49000
"Rusty Blackbird","10_BC","CAN",33000
"Rusty Blackbird","8_ON","CAN",31000
"Rusty Blackbird","12_ON","CAN",26000
"Rusty Blackbird","8_MB","CAN",19000
"Rusty Blackbird","7_NU","CAN",18000
"Rusty Blackbird","3_QC","CAN",17000
"Rusty Blackbird","6_YT","CAN",14000
"Rusty Blackbird","6_AB","CAN",13000
"Rusty Blackbird","12_QC","CAN",13000
"Rusty Blackbird","14_NB","CAN",12000
"Rusty Blackbird","6_BC","CAN",11000
"Rusty Blackbird","3_NT","CAN",11000
"Rusty Blackbird","3_AK","USA",11000
"Rusty Blackbird","14_ME","USA",7600
"Rusty Blackbird","6_MB","CAN",6900
"Rusty Blackbird","5_BC","CAN",5600
"Rusty Blackbird","14_NS","CAN",5100
"Rusty Blackbird","11_AB","CAN",3600
"Rusty Blackbird","2_AK","USA",3500
"Rusty Blackbird","14_QC","CAN",2100
"Rusty Blackbird","5_AK","USA",1600
"Rusty Blackbird","14_NY","USA",1100
"Rusty Blackbird","11_MB","CAN",750
"Rusty Blackbird","3_YT","CAN",500
"Rusty Blackbird","12_MB","CAN",350
"Rusty Blackbird","14_PE","CAN",240
"Rusty Blackbird","8_AB","CAN",140
"Rusty Blackbird","3_MB","CAN",130
"Rusty Blackbird","5_YT","CAN",47
"Brewer's Blackbird","32_CA","USA",2700000
"Brewer's Blackbird","11_AB","CAN",1800000
"Brewer's Blackbird","11_SK","CAN",1700000
"Brewer's Blackbird","9_NV","USA",1700000
"Brewer's Blackbird","9_OR","USA",1200000
"Brewer's Blackbird","9_CA","USA",1000000
"Brewer's Blackbird","9_WA","USA",1000000
"Brewer's Blackbird","10_MT","USA",1000000
"Brewer's Blackbird","9_ID","USA",910000
"Brewer's Blackbird","11_MB","CAN",820000
"Brewer's Blackbird","16_CO","USA",780000
"Brewer's Blackbird","17_MT","USA",690000
"Brewer's Blackbird","6_AB","CAN",680000
"Brewer's Blackbird","10_WY","USA",660000
"Brewer's Blackbird","11_ND","USA",600000
"Brewer's Blackbird","11_MT","USA",570000
"Brewer's Blackbird","10_BC","CAN",520000
"Brewer's Blackbird","17_WY","USA",420000
"Brewer's Blackbird","6_MB","CAN",340000
"Brewer's Blackbird","5_OR","USA",300000
"Brewer's Blackbird","6_BC","CAN",290000
"Brewer's Blackbird","9_BC","CAN",290000
"Brewer's Blackbird","16_UT","USA",280000
"Brewer's Blackbird","10_OR","USA",240000
"Brewer's Blackbird","9_UT","USA",220000
"Brewer's Blackbird","10_ID","USA",220000
"Brewer's Blackbird","15_CA","USA",210000
"Brewer's Blackbird","5_WA","USA",190000
"Brewer's Blackbird","17_ND","USA",190000
"Brewer's Blackbird","16_NM","USA",160000
"Brewer's Blackbird","11_MN","USA",160000
"Brewer's Blackbird","5_CA","USA",150000
"Brewer's Blackbird","33_CA","USA",140000
"Brewer's Blackbird","5_BC","CAN",120000
"Brewer's Blackbird","10_WA","USA",120000
"Brewer's Blackbird","6_SK","CAN",110000
"Brewer's Blackbird","17_SD","USA",110000
"Brewer's Blackbird","16_WY","USA",91000
"Brewer's Blackbird","18_CO","USA",71000
"Brewer's Blackbird","34_AZ","USA",62000
"Brewer's Blackbird","10_CO","USA",57000
"Brewer's Blackbird","10_UT","USA",50000
"Brewer's Blackbird","12_MN","USA",48000
"Brewer's Blackbird","23_MN","USA",47000
"Brewer's Blackbird","23_WI","USA",43000
"Brewer's Blackbird","12_MB","CAN",31000
"Brewer's Blackbird","12_MI","USA",30000
"Brewer's Blackbird","12_ON","CAN",30000
"Brewer's Blackbird","18_WY","USA",30000
"Brewer's Blackbird","10_AB","CAN",27000
"Brewer's Blackbird","16_AZ","USA",26000
"Brewer's Blackbird","12_WI","USA",21000
"Brewer's Blackbird","18_NE","USA",20000
"Brewer's Blackbird","11_SD","USA",12000
"Brewer's Blackbird","35_NM","USA",8000
"Brewer's Blackbird","33_AZ","USA",4300
"Brewer's Blackbird","15_NV","USA",4100
"Brewer's Blackbird","17_NE","USA",3900
"Brewer's Blackbird","13_ON","CAN",2900
"Brewer's Blackbird","16_ID","USA",1900
"Brewer's Blackbird","19_NE","USA",1100
"Brewer's Blackbird","9_WY","USA",1000
"Brewer's Blackbird","22_MN","USA",620
"Brewer's Blackbird","22_WI","USA",450
"Brewer's Blackbird","18_NM","USA",320
"Brewer's Blackbird","21_TX","USA",130
"Common Grackle","22_IL","USA",4400000
"Common Grackle","11_ND","USA",3800000
"Common Grackle","11_SD","USA",3500000
"Common Grackle","19_NE","USA",2900000
"Common Grackle","22_IA","USA",2600000
"Common Grackle","11_MN","USA",2500000
"Common Grackle","24_KY","USA",1900000
"Common Grackle","22_IN","USA",1800000
"Common Grackle","22_OH","USA",1700000
"Common Grackle","28_PA","USA",1600000
"Common Grackle","13_ON","CAN",1400000
"Common Grackle","27_NC","USA",1300000
"Common Grackle","19_KS","USA",1300000
"Common Grackle","23_WI","USA",1200000
"Common Grackle","11_SK","CAN",1100000
"Common Grackle","11_IA","USA",1100000
"Common Grackle","18_CO","USA",1000000
"Common Grackle","22_MO","USA",930000
"Common Grackle","23_MI","USA",860000
"Common Grackle","8_QC","CAN",810000
"Common Grackle","28_VA","USA",740000
"Common Grackle","24_IN","USA",740000
"Common Grackle","31_FL","USA",730000
"Common Grackle","18_NE","USA",720000
"Common Grackle","37_LA","USA",710000
"Common Grackle","17_SD","USA",690000
"Common Grackle","22_NE","USA",670000
"Common Grackle","13_NY","USA",650000
"Common Grackle","29_NC","USA",650000
"Common Grackle","23_MN","USA",640000
"Common Grackle","21_TX","USA",580000
"Common Grackle","17_ND","USA",580000
"Common Grackle","14_QC","CAN",580000
"Common Grackle","13_OH","USA",560000
"Common Grackle","13_QC","CAN",550000
"Common Grackle","12_MI","USA",520000
"Common Grackle","26_AR","USA",520000
"Common Grackle","12_QC","CAN",510000
"Common Grackle","12_ON","CAN",500000
"Common Grackle","26_LA","USA",490000
"Common Grackle","22_MN","USA",490000
"Common Grackle","27_GA","USA",470000
"Common Grackle","18_KS","USA",450000
"Common Grackle","30_MD","USA",450000
"Common Grackle","29_VA","USA",450000
"Common Grackle","27_SC","USA",440000
"Common Grackle","28_TN","USA",430000
"Common Grackle","11_MB","CAN",420000
"Common Grackle","19_TX","USA",420000
"Common Grackle","27_AL","USA",410000
"Common Grackle","28_WV","USA",410000
"Common Grackle","29_PA","USA",410000
"Common Grackle","24_MO","USA",400000
"Common Grackle","24_TN","USA",390000
"Common Grackle","14_NB","CAN",380000
"Common Grackle","28_OH","USA",370000
"Common Grackle","37_TX","USA",360000
"Common Grackle","27_FL","USA",350000
"Common Grackle","22_KS","USA",330000
"Common Grackle","30_NJ","USA",320000
"Common Grackle","26_MO","USA",310000
"Common Grackle","30_DE","USA",290000
"Common Grackle","27_VA","USA",280000
"Common Grackle","26_MS","USA",280000
"Common Grackle","28_NY","USA",270000
"Common Grackle","11_NE","USA",270000
"Common Grackle","14_NS","CAN",260000
"Common Grackle","23_IN","USA",240000
"Common Grackle","18_WY","USA",240000
"Common Grackle","27_MS","USA",230000
"Common Grackle","18_TX","USA",220000
"Common Grackle","19_OK","USA",220000
"Common Grackle","29_GA","USA",210000
"Common Grackle","28_AL","USA",200000
"Common Grackle","7_NT","CAN",190000
"Common Grackle","28_KY","USA",190000
"Common Grackle","17_MT","USA",180000
"Common Grackle","24_IL","USA",180000
"Common Grackle","14_ME","USA",170000
"Common Grackle","27_TN","USA",170000
"Common Grackle","24_AR","USA",160000
"Common Grackle","8_ON","CAN",160000
"Common Grackle","10_WY","USA",150000
"Common Grackle","30_MA","USA",150000
"Common Grackle","22_MI","USA",140000
"Common Grackle","11_MT","USA",140000
"Common Grackle","29_SC","USA",140000
"Common Grackle","13_PA","USA",130000
"Common Grackle","25_AR","USA",120000
"Common Grackle","36_TX","USA",110000
"Common Grackle","6_MB","CAN",110000
"Common Grackle","11_AB","CAN",110000
"Common Grackle","12_WI","USA",100000
"Common Grackle","30_VA","USA",100000
"Common Grackle","29_MD","USA",100000
"Common Grackle","28_GA","USA",95000
"Common Grackle","12_MN","USA",94000
"Common Grackle","8_MB","CAN",93000
"Common Grackle","30_NY","USA",91000
"Common Grackle","14_PE","CAN",90000
"Common Grackle","22_OK","USA",88000
"Common Grackle","25_TX","USA",87000
"Common Grackle","30_CT","USA",83000
"Common Grackle","28_NC","USA",79000
"Common Grackle","26_TN","USA",78000
"Common Grackle","18_OK","USA",77000
"Common Grackle","24_AL","USA",76000
"Common Grackle","17_WY","USA",72000
"Common Grackle","14_NY","USA",71000
"Common Grackle","25_LA","USA",63000
"Common Grackle","6_AB","CAN",63000
"Common Grackle","16_CO","USA",61000
"Common Grackle","23_IA","USA",61000
"Common Grackle","14_VT","USA",60000
"Common Grackle","21_OK","USA",55000
"Common Grackle","10_MT","USA",53000
"Common Grackle","18_NM","USA",52000
"Common Grackle","25_OK","USA",51000
"Common Grackle","23_IL","USA",50000
"Common Grackle","18_SD","USA",49000
"Common Grackle","14_NH","USA",46000
"Common Grackle","24_OH","USA",45000
"Common Grackle","28_MD","USA",45000
"Common Grackle","27_KY","USA",44000
"Common Grackle","13_VT","USA",40000
"Common Grackle","6_SK","CAN",37000
"Common Grackle","28_NJ","USA",36000
"Common Grackle","7_SK","CAN",36000
"Common Grackle","8_SK","CAN",34000
"Common Grackle","17_NE","USA",33000
"Common Grackle","29_NJ","USA",32000
"Common Grackle","19_SD","USA",28000
"Common Grackle","29_AL","USA",27000
"Common Grackle","20_TX","USA",26000
"Common Grackle","8_NL","CAN",23000
"Common Grackle","30_RI","USA",22000
"Common Grackle","22_WI","USA",20000
"Common Grackle","6_NT","CAN",19000
"Common Grackle","27_LA","USA",19000
"Common Grackle","14_MA","USA",16000
"Common Grackle","30_ME","USA",16000
"Common Grackle","30_NH","USA",14000
"Common Grackle","24_OK","USA",13000
"Common Grackle","16_WY","USA",13000
"Common Grackle","26_KY","USA",12000
"Common Grackle","16_NM","USA",12000
"Common Grackle","30_PA","USA",9700
"Common Grackle","26_IL","USA",7600
"Common Grackle","29_DE","USA",7400
"Common Grackle","28_CT","USA",7100
"Common Grackle","6_BC","CAN",6500
"Common Grackle","28_MA","USA",5500
"Common Grackle","12_MB","CAN",5500
"Common Grackle","7_ON","CAN",4300
"Common Grackle","37_MS","USA",2600
"Common Grackle","14_CT","USA",2000
"Common Grackle","23_OH","USA",2000
"Common Grackle","10_CO","USA",1400
"Common Grackle","29_NY","USA",1300
"Common Grackle","7_AB","CAN",1300
"Common Grackle","9_ID","USA",1000
"Common Grackle","16_UT","USA",410
"Common Grackle","10_AB","CAN",380
"Common Grackle","21_KS","USA",320
"Common Grackle","28_SC","USA",180
"Common Grackle","24_KS","USA",180
"Common Grackle","30_VT","USA",180
"Common Grackle","10_UT","USA",140
"Common Grackle","16_ID","USA",6
"Common Grackle","9_WY","USA",3
"Boat-tailed Grackle","31_FL","USA",1100000
"Boat-tailed Grackle","37_LA","USA",710000
"Boat-tailed Grackle","37_TX","USA",130000
"Boat-tailed Grackle","26_LA","USA",100000
"Boat-tailed Grackle","27_NC","USA",71000
"Boat-tailed Grackle","27_GA","USA",28000
"Boat-tailed Grackle","27_FL","USA",19000
"Boat-tailed Grackle","30_NJ","USA",16000
"Boat-tailed Grackle","30_VA","USA",8700
"Boat-tailed Grackle","27_AL","USA",7300
"Boat-tailed Grackle","27_MS","USA",6500
"Boat-tailed Grackle","30_DE","USA",3100
"Boat-tailed Grackle","27_VA","USA",2600
"Boat-tailed Grackle","25_LA","USA",1600
"Boat-tailed Grackle","30_MD","USA",1100
"Boat-tailed Grackle","27_SC","USA",260
"Great-tailed Grackle","36_TX","USA",2200000
"Great-tailed Grackle","33_CA","USA",1400000
"Great-tailed Grackle","18_TX","USA",1100000
"Great-tailed Grackle","37_TX","USA",780000
"Great-tailed Grackle","33_AZ","USA",710000
"Great-tailed Grackle","19_OK","USA",500000
"Great-tailed Grackle","21_TX","USA",440000
"Great-tailed Grackle","18_NM","USA",210000
"Great-tailed Grackle","37_LA","USA",120000
"Great-tailed Grackle","19_TX","USA",110000
"Great-tailed Grackle","35_TX","USA",94000
"Great-tailed Grackle","35_NM","USA",89000
"Great-tailed Grackle","20_TX","USA",71000
"Great-tailed Grackle","18_CO","USA",58000
"Great-tailed Grackle","34_AZ","USA",49000
"Great-tailed Grackle","19_KS","USA",42000
"Great-tailed Grackle","32_CA","USA",35000
"Great-tailed Grackle","16_AZ","USA",32000
"Great-tailed Grackle","25_TX","USA",31000
"Great-tailed Grackle","18_OK","USA",27000
"Great-tailed Grackle","22_KS","USA",27000
"Great-tailed Grackle","33_NV","USA",25000
"Great-tailed Grackle","18_KS","USA",25000
"Great-tailed Grackle","9_NV","USA",9800
"Great-tailed Grackle","16_NM","USA",5900
"Great-tailed Grackle","25_OK","USA",5000
"Great-tailed Grackle","24_MO","USA",4400
"Great-tailed Grackle","34_NM","USA",4000
"Great-tailed Grackle","11_SD","USA",3900
"Great-tailed Grackle","18_NE","USA",3700
"Great-tailed Grackle","19_NE","USA",3500
"Great-tailed Grackle","22_IA","USA",3300
"Great-tailed Grackle","16_CO","USA",3000
"Great-tailed Grackle","22_OK","USA",2700
"Great-tailed Grackle","22_MO","USA",2400
"Great-tailed Grackle","21_OK","USA",2000
"Great-tailed Grackle","24_AR","USA",1500
"Great-tailed Grackle","35_AZ","USA",1200
"Great-tailed Grackle","16_UT","USA",810
"Great-tailed Grackle","18_WY","USA",690
"Great-tailed Grackle","9_UT","USA",570
"Great-tailed Grackle","17_SD","USA",510
"Great-tailed Grackle","33_UT","USA",350
"Great-tailed Grackle","5_CA","USA",320
"Great-tailed Grackle","9_CA","USA",200
"Great-tailed Grackle","26_LA","USA",170
"Great-tailed Grackle","22_IL","USA",95
"Great-tailed Grackle","16_NV","USA",93
"Great-tailed Grackle","9_OR","USA",88
"Great-tailed Grackle","21_KS","USA",12
"Ovenbird","8_ON","CAN",3100000
"Ovenbird","12_ON","CAN",2800000
"Ovenbird","6_AB","CAN",1600000
"Ovenbird","12_QC","CAN",1500000
"Ovenbird","12_MN","USA",1500000
"Ovenbird","8_QC","CAN",1400000
"Ovenbird","8_MB","CAN",1100000
"Ovenbird","12_MI","USA",1100000
"Ovenbird","12_WI","USA",1000000
"Ovenbird","6_SK","CAN",880000
"Ovenbird","28_PA","USA",840000
"Ovenbird","14_ME","USA",810000
"Ovenbird","6_NT","CAN",610000
"Ovenbird","8_SK","CAN",570000
"Ovenbird","14_NB","CAN",560000
"Ovenbird","6_BC","CAN",440000
"Ovenbird","14_NY","USA",390000
"Ovenbird","6_MB","CAN",390000
"Ovenbird","14_NS","CAN",380000
"Ovenbird","14_QC","CAN",360000
"Ovenbird","7_ON","CAN",340000
"Ovenbird","28_NY","USA",300000
"Ovenbird","23_WI","USA",250000
"Ovenbird","13_ON","CAN",230000
"Ovenbird","28_KY","USA",230000
"Ovenbird","14_VT","USA",230000
"Ovenbird","28_WV","USA",210000
"Ovenbird","14_NH","USA",210000
"Ovenbird","13_NY","USA",190000
"Ovenbird","12_MB","CAN",160000
"Ovenbird","27_NC","USA",140000
"Ovenbird","10_BC","CAN",140000
"Ovenbird","28_VA","USA",130000
"Ovenbird","29_VA","USA",130000
"Ovenbird","13_QC","CAN",130000
"Ovenbird","23_MI","USA",120000
"Ovenbird","24_MO","USA",110000
"Ovenbird","17_SD","USA",110000
"Ovenbird","14_MA","USA",110000
"Ovenbird","27_VA","USA",89000
"Ovenbird","28_OH","USA",86000
"Ovenbird","29_NC","USA",85000
"Ovenbird","17_WY","USA",81000
"Ovenbird","28_TN","USA",81000
"Ovenbird","28_NC","USA",73000
"Ovenbird","24_AR","USA",72000
"Ovenbird","30_NJ","USA",70000
"Ovenbird","30_CT","USA",61000
"Ovenbird","30_MA","USA",58000
"Ovenbird","30_MD","USA",54000
"Ovenbird","23_MN","USA",52000
"Ovenbird","25_AR","USA",51000
"Ovenbird","28_GA","USA",39000
"Ovenbird","30_NH","USA",31000
"Ovenbird","8_NL","CAN",27000
"Ovenbird","28_NJ","USA",25000
"Ovenbird","28_MD","USA",24000
"Ovenbird","11_MB","CAN",24000
"Ovenbird","24_KY","USA",23000
"Ovenbird","11_MN","USA",18000
"Ovenbird","25_OK","USA",18000
"Ovenbird","24_IN","USA",17000
"Ovenbird","13_VT","USA",17000
"Ovenbird","29_SC","USA",16000
"Ovenbird","22_MO","USA",16000
"Ovenbird","30_VA","USA",16000
"Ovenbird","29_MD","USA",14000
"Ovenbird","14_CT","USA",13000
"Ovenbird","14_PE","CAN",13000
"Ovenbird","27_SC","USA",12000
"Ovenbird","30_RI","USA",12000
"Ovenbird","13_PA","USA",12000
"Ovenbird","28_AL","USA",12000
"Ovenbird","17_ND","USA",10000
"Ovenbird","30_DE","USA",9700
"Ovenbird","11_SK","CAN",8700
"Ovenbird","29_GA","USA",8400
"Ovenbird","18_NE","USA",6700
"Ovenbird","28_SC","USA",6300
"Ovenbird","28_CT","USA",6200
"Ovenbird","29_NJ","USA",5900
"Ovenbird","24_OH","USA",5500
"Ovenbird","24_TN","USA",5400
"Ovenbird","30_ME","USA",5200
"Ovenbird","29_PA","USA",4900
"Ovenbird","22_NE","USA",4900
"Ovenbird","28_MA","USA",4900
"Ovenbird","19_NE","USA",4800
"Ovenbird","17_NE","USA",4600
"Ovenbird","8_AB","CAN",4600
"Ovenbird","11_ND","USA",4500
"Ovenbird","24_IL","USA",3200
"Ovenbird","27_GA","USA",3200
"Ovenbird","11_AB","CAN",2900
"Ovenbird","10_AB","CAN",2200
"Ovenbird","30_NY","USA",2100
"Ovenbird","30_PA","USA",2100
"Ovenbird","27_AL","USA",2000
"Ovenbird","13_OH","USA",2000
"Ovenbird","22_IA","USA",2000
"Ovenbird","16_WY","USA",1200
"Ovenbird","22_IL","USA",1100
"Ovenbird","18_SD","USA",920
"Ovenbird","29_AL","USA",860
"Ovenbird","23_IN","USA",680
"Ovenbird","22_IN","USA",630
"Ovenbird","22_WI","USA",590
"Ovenbird","17_MT","USA",560
"Ovenbird","11_NE","USA",490
"Ovenbird","22_MN","USA",420
"Ovenbird","30_VT","USA",400
"Ovenbird","24_OK","USA",320
"Ovenbird","11_SD","USA",280
"Ovenbird","29_NY","USA",250
"Ovenbird","16_CO","USA",200
"Ovenbird","26_TN","USA",200
"Ovenbird","10_WY","USA",130
"Ovenbird","19_SD","USA",92
"Ovenbird","29_DE","USA",91
"Ovenbird","26_KY","USA",50
"Ovenbird","23_OH","USA",6
"Worm-eating Warbler","28_KY","USA",110000
"Worm-eating Warbler","28_VA","USA",73000
"Worm-eating Warbler","24_MO","USA",66000
"Worm-eating Warbler","28_WV","USA",44000
"Worm-eating Warbler","24_TN","USA",44000
"Worm-eating Warbler","28_PA","USA",42000
"Worm-eating Warbler","28_AL","USA",38000
"Worm-eating Warbler","27_NC","USA",35000
"Worm-eating Warbler","28_TN","USA",35000
"Worm-eating Warbler","28_NC","USA",33000
"Worm-eating Warbler","24_IN","USA",25000
"Worm-eating Warbler","27_MS","USA",20000
"Worm-eating Warbler","25_AR","USA",18000
"Worm-eating Warbler","25_LA","USA",16000
"Worm-eating Warbler","28_GA","USA",16000
"Worm-eating Warbler","27_AL","USA",16000
"Worm-eating Warbler","29_VA","USA",16000
"Worm-eating Warbler","24_KY","USA",14000
"Worm-eating Warbler","30_MD","USA",13000
"Worm-eating Warbler","25_TX","USA",11000
"Worm-eating Warbler","24_AR","USA",11000
"Worm-eating Warbler","28_MD","USA",11000
"Worm-eating Warbler","28_OH","USA",9300
"Worm-eating Warbler","30_DE","USA",8100
"Worm-eating Warbler","28_SC","USA",8100
"Worm-eating Warbler","30_CT","USA",6400
"Worm-eating Warbler","22_MO","USA",4600
"Worm-eating Warbler","24_IL","USA",3900
"Worm-eating Warbler","29_MD","USA",3400
"Worm-eating Warbler","27_SC","USA",2400
"Worm-eating Warbler","27_LA","USA",2200
"Worm-eating Warbler","28_NJ","USA",2200
"Worm-eating Warbler","30_RI","USA",2100
"Worm-eating Warbler","13_NY","USA",1700
"Worm-eating Warbler","27_TN","USA",1600
"Worm-eating Warbler","29_NC","USA",1500
"Worm-eating Warbler","28_NY","USA",1500
"Worm-eating Warbler","27_VA","USA",1500
"Worm-eating Warbler","29_SC","USA",1400
"Worm-eating Warbler","25_OK","USA",1300
"Worm-eating Warbler","30_MA","USA",1000
"Worm-eating Warbler","30_NJ","USA",980
"Worm-eating Warbler","24_AL","USA",970
"Worm-eating Warbler","24_OK","USA",960
"Worm-eating Warbler","22_OH","USA",670
"Worm-eating Warbler","22_IL","USA",610
"Worm-eating Warbler","28_CT","USA",540
"Worm-eating Warbler","27_GA","USA",480
"Worm-eating Warbler","30_VA","USA",430
"Worm-eating Warbler","28_MA","USA",420
"Worm-eating Warbler","13_OH","USA",410
"Worm-eating Warbler","29_PA","USA",380
"Worm-eating Warbler","26_TN","USA",330
"Worm-eating Warbler","30_NY","USA",320
"Worm-eating Warbler","29_AL","USA",270
"Worm-eating Warbler","29_GA","USA",210
"Worm-eating Warbler","14_MA","USA",130
"Worm-eating Warbler","30_PA","USA",30
"Worm-eating Warbler","24_KS","USA",21
"Worm-eating Warbler","29_DE","USA",7
"Louisiana Waterthrush","28_WV","USA",45000
"Louisiana Waterthrush","28_KY","USA",41000
"Louisiana Waterthrush","24_MO","USA",29000
"Louisiana Waterthrush","28_TN","USA",27000
"Louisiana Waterthrush","28_PA","USA",27000
"Louisiana Waterthrush","24_TN","USA",26000
"Louisiana Waterthrush","28_VA","USA",15000
"Louisiana Waterthrush","27_NC","USA",15000
"Louisiana Waterthrush","29_VA","USA",14000
"Louisiana Waterthrush","24_KY","USA",14000
"Louisiana Waterthrush","22_KS","USA",13000
"Louisiana Waterthrush","24_AR","USA",13000
"Louisiana Waterthrush","24_IN","USA",12000
"Louisiana Waterthrush","28_NC","USA",11000
"Louisiana Waterthrush","27_AL","USA",11000
"Louisiana Waterthrush","27_GA","USA",8000
"Louisiana Waterthrush","27_TN","USA",6400
"Louisiana Waterthrush","29_NC","USA",6300
"Louisiana Waterthrush","25_AR","USA",6200
"Louisiana Waterthrush","29_GA","USA",6000
"Louisiana Waterthrush","22_MO","USA",6000
"Louisiana Waterthrush","25_OK","USA",5700
"Louisiana Waterthrush","28_NY","USA",5500
"Louisiana Waterthrush","28_GA","USA",5200
"Louisiana Waterthrush","28_AL","USA",4900
"Louisiana Waterthrush","27_MS","USA",4600
"Louisiana Waterthrush","19_OK","USA",4300
"Louisiana Waterthrush","13_NY","USA",4300
"Louisiana Waterthrush","28_OH","USA",3900
"Louisiana Waterthrush","24_IL","USA",3700
"Louisiana Waterthrush","14_VT","USA",3600
"Louisiana Waterthrush","30_MD","USA",3600
"Louisiana Waterthrush","21_TX","USA",3500
"Louisiana Waterthrush","27_VA","USA",3400
"Louisiana Waterthrush","30_CT","USA",3300
"Louisiana Waterthrush","25_LA","USA",3100
"Louisiana Waterthrush","28_MD","USA",2900
"Louisiana Waterthrush","21_OK","USA",2800
"Louisiana Waterthrush","25_TX","USA",2700
"Louisiana Waterthrush","24_OK","USA",2300
"Louisiana Waterthrush","29_MD","USA",2200
"Louisiana Waterthrush","29_SC","USA",2000
"Louisiana Waterthrush","14_MA","USA",1800
"Louisiana Waterthrush","22_IL","USA",1800
"Louisiana Waterthrush","24_OH","USA",1300
"Louisiana Waterthrush","14_NH","USA",1200
"Louisiana Waterthrush","28_NJ","USA",1200
"Louisiana Waterthrush","29_AL","USA",1100
"Louisiana Waterthrush","14_NY","USA",1100
"Louisiana Waterthrush","13_PA","USA",1000
"Louisiana Waterthrush","22_IN","USA",710
"Louisiana Waterthrush","23_MI","USA",680
"Louisiana Waterthrush","19_KS","USA",590
"Louisiana Waterthrush","14_CT","USA",580
"Louisiana Waterthrush","27_SC","USA",560
"Louisiana Waterthrush","27_KY","USA",530
"Louisiana Waterthrush","30_VA","USA",520
"Louisiana Waterthrush","28_CT","USA",450
"Louisiana Waterthrush","30_MA","USA",430
"Louisiana Waterthrush","26_LA","USA",400
"Louisiana Waterthrush","26_TN","USA",380
"Louisiana Waterthrush","30_NJ","USA",350
"Louisiana Waterthrush","28_MA","USA",350
"Louisiana Waterthrush","24_AL","USA",340
"Louisiana Waterthrush","26_AR","USA",210
"Louisiana Waterthrush","30_DE","USA",200
"Louisiana Waterthrush","30_NH","USA",170
"Louisiana Waterthrush","26_KY","USA",160
"Louisiana Waterthrush","30_NY","USA",160
"Louisiana Waterthrush","22_OK","USA",140
"Louisiana Waterthrush","13_OH","USA",120
"Louisiana Waterthrush","27_LA","USA",110
"Louisiana Waterthrush","26_IL","USA",100
"Louisiana Waterthrush","13_VT","USA",86
"Louisiana Waterthrush","14_ME","USA",80
"Louisiana Waterthrush","29_NJ","USA",64
"Louisiana Waterthrush","21_KS","USA",34
"Louisiana Waterthrush","24_KS","USA",32
"Louisiana Waterthrush","30_PA","USA",19
"Louisiana Waterthrush","30_VT","USA",3
"Northern Waterthrush","4_AK","USA",3000000
"Northern Waterthrush","10_BC","CAN",1600000
"Northern Waterthrush","8_NL","CAN",1600000
"Northern Waterthrush","6_NT","CAN",1200000
"Northern Waterthrush","7_ON","CAN",1200000
"Northern Waterthrush","7_NL","CAN",990000
"Northern Waterthrush","2_AK","USA",920000
"Northern Waterthrush","4_YT","CAN",780000
"Northern Waterthrush","7_QC","CAN",670000
"Northern Waterthrush","8_QC","CAN",660000
"Northern Waterthrush","7_NT","CAN",630000
"Northern Waterthrush","8_ON","CAN",510000
"Northern Waterthrush","8_MB","CAN",420000
"Northern Waterthrush","7_SK","CAN",410000
"Northern Waterthrush","7_MB","CAN",350000
"Northern Waterthrush","4_BC","CAN",310000
"Northern Waterthrush","6_BC","CAN",220000
"Northern Waterthrush","4_NT","CAN",160000
"Northern Waterthrush","6_AB","CAN",150000
"Northern Waterthrush","8_SK","CAN",150000
"Northern Waterthrush","12_ON","CAN",150000
"Northern Waterthrush","5_BC","CAN",150000
"Northern Waterthrush","12_QC","CAN",120000
"Northern Waterthrush","10_MT","USA",110000
"Northern Waterthrush","14_QC","CAN",81000
"Northern Waterthrush","6_SK","CAN",78000
"Northern Waterthrush","14_NB","CAN",68000
"Northern Waterthrush","5_AK","USA",54000
"Northern Waterthrush","9_BC","CAN",53000
"Northern Waterthrush","11_ND","USA",52000
"Northern Waterthrush","6_MB","CAN",46000
"Northern Waterthrush","14_ME","USA",44000
"Northern Waterthrush","12_MN","USA",43000
"Northern Waterthrush","10_AB","CAN",39000
"Northern Waterthrush","13_ON","CAN",34000
"Northern Waterthrush","14_NS","CAN",26000
"Northern Waterthrush","10_ID","USA",17000
"Northern Waterthrush","12_MI","USA",16000
"Northern Waterthrush","11_MB","CAN",14000
"Northern Waterthrush","3_AK","USA",9400
"Northern Waterthrush","12_WI","USA",8600
"Northern Waterthrush","12_MB","CAN",6400
"Northern Waterthrush","14_NY","USA",6300
"Northern Waterthrush","23_WI","USA",6100
"Northern Waterthrush","13_NY","USA",4700
"Northern Waterthrush","14_NH","USA",4200
"Northern Waterthrush","10_WA","USA",3600
"Northern Waterthrush","7_AB","CAN",3200
"Northern Waterthrush","28_NY","USA",2600
"Northern Waterthrush","14_VT","USA",2300
"Northern Waterthrush","13_QC","CAN",2300
"Northern Waterthrush","3_NU","CAN",1700
"Northern Waterthrush","17_MT","USA",1600
"Northern Waterthrush","3_YT","CAN",1600
"Northern Waterthrush","28_PA","USA",1200
"Northern Waterthrush","11_AB","CAN",1000
"Northern Waterthrush","14_MA","USA",920
"Northern Waterthrush","30_CT","USA",800
"Northern Waterthrush","3_QC","CAN",500
"Northern Waterthrush","23_MI","USA",490
"Northern Waterthrush","13_PA","USA",470
"Northern Waterthrush","11_SK","CAN",340
"Northern Waterthrush","3_NT","CAN",320
"Northern Waterthrush","30_NH","USA",320
"Northern Waterthrush","30_MA","USA",280
"Northern Waterthrush","13_VT","USA",210
"Northern Waterthrush","28_WV","USA",180
"Northern Waterthrush","28_NJ","USA",130
"Northern Waterthrush","14_PE","CAN",110
"Northern Waterthrush","14_CT","USA",93
"Northern Waterthrush","28_MD","USA",58
"Northern Waterthrush","30_VT","USA",5
"Northern Waterthrush","3_MB","CAN",4
"Golden-winged Warbler","12_MN","USA",220000
"Golden-winged Warbler","12_WI","USA",55000
"Golden-winged Warbler","12_ON","CAN",23000
"Golden-winged Warbler","23_WI","USA",22000
"Golden-winged Warbler","8_MB","CAN",22000
"Golden-winged Warbler","13_ON","CAN",11000
"Golden-winged Warbler","12_MI","USA",9400
"Golden-winged Warbler","13_NY","USA",6600
"Golden-winged Warbler","23_MN","USA",6400
"Golden-winged Warbler","6_MB","CAN",6100
"Golden-winged Warbler","28_WV","USA",4600
"Golden-winged Warbler","28_PA","USA",3000
"Golden-winged Warbler","28_TN","USA",1300
"Golden-winged Warbler","23_MI","USA",1200
"Golden-winged Warbler","12_MB","CAN",930
"Golden-winged Warbler","11_MB","CAN",770
"Golden-winged Warbler","28_VA","USA",690
"Golden-winged Warbler","12_QC","CAN",600
"Golden-winged Warbler","28_MD","USA",230
"Golden-winged Warbler","13_VT","USA",230
"Golden-winged Warbler","14_NY","USA",160
"Blue-winged Warbler","24_MO","USA",79000
"Blue-winged Warbler","28_KY","USA",72000
"Blue-winged Warbler","23_WI","USA",60000
"Blue-winged Warbler","28_WV","USA",59000
"Blue-winged Warbler","28_OH","USA",52000
"Blue-winged Warbler","24_TN","USA",47000
"Blue-winged Warbler","23_MI","USA",40000
"Blue-winged Warbler","13_NY","USA",38000
"Blue-winged Warbler","28_PA","USA",34000
"Blue-winged Warbler","28_NY","USA",26000
"Blue-winged Warbler","23_MN","USA",21000
"Blue-winged Warbler","8_ON","CAN",16000
"Blue-winged Warbler","30_CT","USA",16000
"Blue-winged Warbler","24_IN","USA",16000
"Blue-winged Warbler","22_MO","USA",10000
"Blue-winged Warbler","30_MA","USA",9200
"Blue-winged Warbler","13_OH","USA",7300
"Blue-winged Warbler","24_AR","USA",7000
"Blue-winged Warbler","13_ON","CAN",6100
"Blue-winged Warbler","24_KY","USA",5900
"Blue-winged Warbler","24_OH","USA",5900
"Blue-winged Warbler","13_PA","USA",5300
"Blue-winged Warbler","12_MI","USA",4400
"Blue-winged Warbler","27_AL","USA",4000
"Blue-winged Warbler","30_RI","USA",3500
"Blue-winged Warbler","13_VT","USA",3200
"Blue-winged Warbler","22_IA","USA",3000
"Blue-winged Warbler","28_VA","USA",2400
"Blue-winged Warbler","28_NJ","USA",2300
"Blue-winged Warbler","25_OK","USA",2300
"Blue-winged Warbler","25_AR","USA",2100
"Blue-winged Warbler","30_NY","USA",2000
"Blue-winged Warbler","12_ON","CAN",1800
"Blue-winged Warbler","29_NJ","USA",1700
"Blue-winged Warbler","22_MN","USA",1600
"Blue-winged Warbler","14_MA","USA",1400
"Blue-winged Warbler","24_IL","USA",1400
"Blue-winged Warbler","14_NY","USA",1300
"Blue-winged Warbler","22_IL","USA",1300
"Blue-winged Warbler","28_NC","USA",1200
"Blue-winged Warbler","30_NH","USA",950
"Blue-winged Warbler","23_IN","USA",950
"Blue-winged Warbler","22_OH","USA",890
"Blue-winged Warbler","29_MD","USA",770
"Blue-winged Warbler","12_WI","USA",750
"Blue-winged Warbler","22_WI","USA",680
"Blue-winged Warbler","28_AL","USA",670
"Blue-winged Warbler","28_GA","USA",630
"Blue-winged Warbler","30_NJ","USA",590
"Blue-winged Warbler","27_TN","USA",590
"Blue-winged Warbler","28_CT","USA",590
"Blue-winged Warbler","29_VA","USA",480
"Blue-winged Warbler","28_MA","USA",460
"Blue-winged Warbler","24_OK","USA",390
"Blue-winged Warbler","22_IN","USA",390
"Blue-winged Warbler","28_TN","USA",340
"Blue-winged Warbler","26_AR","USA",300
"Blue-winged Warbler","24_AL","USA",270
"Blue-winged Warbler","28_MD","USA",270
"Blue-winged Warbler","29_PA","USA",270
"Blue-winged Warbler","14_VT","USA",150
"Blue-winged Warbler","14_CT","USA",120
"Blue-winged Warbler","30_PA","USA",18
"Blue-winged Warbler","30_VT","USA",13
"Blue-winged Warbler","23_OH","USA",8
"Blue-winged Warbler","24_KS","USA",7
"Blue-winged Warbler","29_DE","USA",5
"Blue-winged Warbler","29_NY","USA",3
"Black-and-white Warbler","12_ON","CAN",1700000
"Black-and-white Warbler","8_ON","CAN",1600000
"Black-and-white Warbler","8_NL","CAN",1200000
"Black-and-white Warbler","12_MN","USA",1100000
"Black-and-white Warbler","12_QC","CAN",1000000
"Black-and-white Warbler","7_ON","CAN",880000
"Black-and-white Warbler","6_AB","CAN",730000
"Black-and-white Warbler","8_QC","CAN",690000
"Black-and-white Warbler","14_NB","CAN",660000
"Black-and-white Warbler","8_MB","CAN",640000
"Black-and-white Warbler","6_NT","CAN",550000
"Black-and-white Warbler","14_NS","CAN",500000
"Black-and-white Warbler","6_BC","CAN",500000
"Black-and-white Warbler","6_MB","CAN",490000
"Black-and-white Warbler","14_ME","USA",440000
"Black-and-white Warbler","6_SK","CAN",380000
"Black-and-white Warbler","12_MI","USA",350000
"Black-and-white Warbler","12_WI","USA",320000
"Black-and-white Warbler","25_AR","USA",270000
"Black-and-white Warbler","13_ON","CAN",250000
"Black-and-white Warbler","28_KY","USA",210000
"Black-and-white Warbler","28_PA","USA",200000
"Black-and-white Warbler","28_WV","USA",200000
"Black-and-white Warbler","24_AR","USA",170000
"Black-and-white Warbler","24_MO","USA",170000
"Black-and-white Warbler","14_QC","CAN",150000
"Black-and-white Warbler","8_SK","CAN",130000
"Black-and-white Warbler","14_NY","USA",130000
"Black-and-white Warbler","14_NH","USA",120000
"Black-and-white Warbler","12_MB","CAN",100000
"Black-and-white Warbler","28_NC","USA",96000
"Black-and-white Warbler","14_VT","USA",94000
"Black-and-white Warbler","25_OK","USA",90000
"Black-and-white Warbler","28_TN","USA",82000
"Black-and-white Warbler","7_NT","CAN",81000
"Black-and-white Warbler","14_MA","USA",75000
"Black-and-white Warbler","13_NY","USA",75000
"Black-and-white Warbler","23_WI","USA",64000
"Black-and-white Warbler","28_VA","USA",62000
"Black-and-white Warbler","28_NY","USA",60000
"Black-and-white Warbler","27_MS","USA",59000
"Black-and-white Warbler","13_QC","CAN",57000
"Black-and-white Warbler","27_NC","USA",56000
"Black-and-white Warbler","29_SC","USA",54000
"Black-and-white Warbler","11_MB","CAN",48000
"Black-and-white Warbler","29_GA","USA",48000
"Black-and-white Warbler","7_NL","CAN",47000
"Black-and-white Warbler","20_TX","USA",46000
"Black-and-white Warbler","27_AL","USA",46000
"Black-and-white Warbler","25_TX","USA",39000
"Black-and-white Warbler","11_ND","USA",37000
"Black-and-white Warbler","28_AL","USA",36000
"Black-and-white Warbler","30_CT","USA",35000
"Black-and-white Warbler","25_LA","USA",32000
"Black-and-white Warbler","28_GA","USA",32000
"Black-and-white Warbler","27_VA","USA",29000
"Black-and-white Warbler","21_OK","USA",27000
"Black-and-white Warbler","29_VA","USA",26000
"Black-and-white Warbler","29_NC","USA",26000
"Black-and-white Warbler","14_PE","CAN",22000
"Black-and-white Warbler","28_OH","USA",20000
"Black-and-white Warbler","27_TN","USA",19000
"Black-and-white Warbler","29_AL","USA",18000
"Black-and-white Warbler","7_NU","CAN",17000
"Black-and-white Warbler","24_OK","USA",16000
"Black-and-white Warbler","30_MA","USA",16000
"Black-and-white Warbler","30_MD","USA",15000
"Black-and-white Warbler","21_TX","USA",14000
"Black-and-white Warbler","17_ND","USA",13000
"Black-and-white Warbler","13_VT","USA",12000
"Black-and-white Warbler","30_NH","USA",12000
"Black-and-white Warbler","30_NJ","USA",10000
"Black-and-white Warbler","23_MN","USA",10000
"Black-and-white Warbler","11_MN","USA",10000
"Black-and-white Warbler","23_MI","USA",9100
"Black-and-white Warbler","11_SK","CAN",8800
"Black-and-white Warbler","24_KY","USA",8400
"Black-and-white Warbler","28_MD","USA",8200
"Black-and-white Warbler","24_TN","USA",8200
"Black-and-white Warbler","8_AB","CAN",7600
"Black-and-white Warbler","27_GA","USA",6300
"Black-and-white Warbler","10_BC","CAN",6000
"Black-and-white Warbler","14_CT","USA",5200
"Black-and-white Warbler","24_IN","USA",4200
"Black-and-white Warbler","28_SC","USA",4100
"Black-and-white Warbler","28_NJ","USA",3900
"Black-and-white Warbler","22_MO","USA",3200
"Black-and-white Warbler","29_MD","USA",2400
"Black-and-white Warbler","30_RI","USA",2100
"Black-and-white Warbler","19_TX","USA",2100
"Black-and-white Warbler","11_AB","CAN",1600
"Black-and-white Warbler","29_NJ","USA",1400
"Black-and-white Warbler","19_OK","USA",1300
"Black-and-white Warbler","24_AL","USA",1200
"Black-and-white Warbler","28_CT","USA",1100
"Black-and-white Warbler","30_NY","USA",1000
"Black-and-white Warbler","27_LA","USA",980
"Black-and-white Warbler","28_MA","USA",870
"Black-and-white Warbler","22_OK","USA",830
"Black-and-white Warbler","29_PA","USA",770
"Black-and-white Warbler","13_PA","USA",750
"Black-and-white Warbler","30_ME","USA",730
"Black-and-white Warbler","26_MS","USA",710
"Black-and-white Warbler","30_VA","USA",690
"Black-and-white Warbler","22_KS","USA",650
"Black-and-white Warbler","22_IL","USA",640
"Black-and-white Warbler","19_KS","USA",590
"Black-and-white Warbler","26_AR","USA",450
"Black-and-white Warbler","27_SC","USA",350
"Black-and-white Warbler","30_PA","USA",320
"Black-and-white Warbler","22_OH","USA",270
"Black-and-white Warbler","24_KS","USA",230
"Black-and-white Warbler","30_DE","USA",160
"Black-and-white Warbler","30_VT","USA",150
"Black-and-white Warbler","29_NY","USA",62
"Black-and-white Warbler","29_DE","USA",15
"Prothonotary Warbler","26_LA","USA",460000
"Prothonotary Warbler","27_NC","USA",390000
"Prothonotary Warbler","27_AL","USA",190000
"Prothonotary Warbler","27_MS","USA",150000
"Prothonotary Warbler","26_AR","USA",120000
"Prothonotary Warbler","27_FL","USA",87000
"Prothonotary Warbler","26_MS","USA",67000
"Prothonotary Warbler","27_VA","USA",62000
"Prothonotary Warbler","25_TX","USA",62000
"Prothonotary Warbler","27_GA","USA",53000
"Prothonotary Warbler","27_SC","USA",47000
"Prothonotary Warbler","28_AL","USA",36000
"Prothonotary Warbler","37_LA","USA",34000
"Prothonotary Warbler","27_TN","USA",29000
"Prothonotary Warbler","27_LA","USA",26000
"Prothonotary Warbler","25_LA","USA",21000
"Prothonotary Warbler","25_AR","USA",20000
"Prothonotary Warbler","24_IN","USA",17000
"Prothonotary Warbler","30_MD","USA",17000
"Prothonotary Warbler","24_KY","USA",15000
"Prothonotary Warbler","24_TN","USA",11000
"Prothonotary Warbler","22_KS","USA",11000
"Prothonotary Warbler","24_MO","USA",11000
"Prothonotary Warbler","22_IL","USA",10000
"Prothonotary Warbler","24_IL","USA",9100
"Prothonotary Warbler","24_AL","USA",9000
"Prothonotary Warbler","22_MO","USA",8800
"Prothonotary Warbler","25_OK","USA",8400
"Prothonotary Warbler","26_TN","USA",8300
"Prothonotary Warbler","29_VA","USA",8200
"Prothonotary Warbler","21_TX","USA",6900
"Prothonotary Warbler","30_DE","USA",6500
"Prothonotary Warbler","29_NC","USA",6400
"Prothonotary Warbler","27_KY","USA",6300
"Prothonotary Warbler","26_MO","USA",5100
"Prothonotary Warbler","31_FL","USA",4800
"Prothonotary Warbler","29_GA","USA",4100
"Prothonotary Warbler","28_TN","USA",2500
"Prothonotary Warbler","22_OK","USA",2500
"Prothonotary Warbler","21_OK","USA",2400
"Prothonotary Warbler","23_MI","USA",2200
"Prothonotary Warbler","26_KY","USA",2000
"Prothonotary Warbler","29_SC","USA",1900
"Prothonotary Warbler","30_NJ","USA",1800
"Prothonotary Warbler","24_AR","USA",1800
"Prothonotary Warbler","24_OK","USA",1500
"Prothonotary Warbler","26_IL","USA",1300
"Prothonotary Warbler","29_MD","USA",1000
"Prothonotary Warbler","37_TX","USA",970
"Prothonotary Warbler","28_WV","USA",920
"Prothonotary Warbler","28_KY","USA",450
"Prothonotary Warbler","23_WI","USA",420
"Prothonotary Warbler","19_OK","USA",370
"Prothonotary Warbler","11_IA","USA",370
"Prothonotary Warbler","19_KS","USA",360
"Prothonotary Warbler","28_PA","USA",250
"Prothonotary Warbler","13_OH","USA",190
"Prothonotary Warbler","22_OH","USA",180
"Prothonotary Warbler","28_OH","USA",170
"Prothonotary Warbler","30_PA","USA",100
"Prothonotary Warbler","24_KS","USA",22
"Prothonotary Warbler","21_KS","USA",15
"Swainson's Warbler","27_AL","USA",43000
"Swainson's Warbler","25_TX","USA",29000
"Swainson's Warbler","25_AR","USA",13000
"Swainson's Warbler","27_MS","USA",13000
"Swainson's Warbler","25_LA","USA",10000
"Swainson's Warbler","27_NC","USA",8200
"Swainson's Warbler","27_SC","USA",6000
"Swainson's Warbler","27_GA","USA",5300
"Swainson's Warbler","27_FL","USA",5200
"Swainson's Warbler","27_LA","USA",3200
"Swainson's Warbler","26_LA","USA",2900
"Swainson's Warbler","28_WV","USA",2400
"Swainson's Warbler","28_VA","USA",2200
"Swainson's Warbler","21_TX","USA",2100
"Swainson's Warbler","28_KY","USA",1800
"Swainson's Warbler","28_NC","USA",1700
"Swainson's Warbler","28_AL","USA",1700
"Swainson's Warbler","28_TN","USA",1400
"Swainson's Warbler","27_TN","USA",1300
"Swainson's Warbler","29_GA","USA",930
"Swainson's Warbler","29_AL","USA",670
"Swainson's Warbler","29_SC","USA",460
"Swainson's Warbler","27_VA","USA",290
"Swainson's Warbler","28_SC","USA",240
"Swainson's Warbler","28_GA","USA",110
"Swainson's Warbler","29_NC","USA",85
"Swainson's Warbler","26_TN","USA",76
"Tennessee Warbler","7_NT","CAN",41000000
"Tennessee Warbler","6_NT","CAN",20000000
"Tennessee Warbler","8_QC","CAN",10000000
"Tennessee Warbler","7_SK","CAN",7600000
"Tennessee Warbler","8_MB","CAN",4700000
"Tennessee Warbler","8_SK","CAN",4600000
"Tennessee Warbler","6_AB","CAN",4000000
"Tennessee Warbler","6_SK","CAN",3100000
"Tennessee Warbler","8_ON","CAN",3000000
"Tennessee Warbler","7_QC","CAN",2800000
"Tennessee Warbler","7_ON","CAN",2100000
"Tennessee Warbler","4_BC","CAN",1700000
"Tennessee Warbler","10_BC","CAN",1400000
"Tennessee Warbler","6_BC","CAN",1100000
"Tennessee Warbler","6_MB","CAN",820000
"Tennessee Warbler","7_MB","CAN",730000
"Tennessee Warbler","4_YT","CAN",690000
"Tennessee Warbler","8_NL","CAN",570000
"Tennessee Warbler","7_NL","CAN",540000
"Tennessee Warbler","12_QC","CAN",330000
"Tennessee Warbler","4_NT","CAN",250000
"Tennessee Warbler","12_ON","CAN",210000
"Tennessee Warbler","10_AB","CAN",170000
"Tennessee Warbler","14_QC","CAN",160000
"Tennessee Warbler","8_AB","CAN",41000
"Tennessee Warbler","14_NB","CAN",40000
"Tennessee Warbler","12_MN","USA",36000
"Tennessee Warbler","11_AB","CAN",30000
"Tennessee Warbler","4_AK","USA",30000
"Tennessee Warbler","14_NS","CAN",19000
"Tennessee Warbler","14_ME","USA",12000
"Tennessee Warbler","12_MB","CAN",12000
"Tennessee Warbler","11_MB","CAN",5400
"Tennessee Warbler","5_AK","USA",3500
"Tennessee Warbler","12_MI","USA",2400
"Tennessee Warbler","13_QC","CAN",2100
"Tennessee Warbler","5_BC","CAN",1900
"Tennessee Warbler","14_NY","USA",1700
"Tennessee Warbler","11_SK","CAN",980
"Tennessee Warbler","23_MN","USA",880
"Tennessee Warbler","10_MT","USA",700
"Tennessee Warbler","12_WI","USA",320
"Tennessee Warbler","14_PE","CAN",250
"Tennessee Warbler","14_NH","USA",210
"Tennessee Warbler","13_ON","CAN",180
"Tennessee Warbler","5_YT","CAN",160
"Orange-crowned Warbler","7_NT","CAN",19000000
"Orange-crowned Warbler","4_AK","USA",15000000
"Orange-crowned Warbler","2_AK","USA",9600000
"Orange-crowned Warbler","5_AK","USA",6200000
"Orange-crowned Warbler","10_BC","CAN",5300000
"Orange-crowned Warbler","4_YT","CAN",4100000
"Orange-crowned Warbler","7_SK","CAN",3700000
"Orange-crowned Warbler","4_BC","CAN",2700000
"Orange-crowned Warbler","5_BC","CAN",2200000
"Orange-crowned Warbler","6_NT","CAN",1900000
"Orange-crowned Warbler","8_MB","CAN",1700000
"Orange-crowned Warbler","7_MB","CAN",1600000
"Orange-crowned Warbler","7_ON","CAN",1200000
"Orange-crowned Warbler","4_NT","CAN",820000
"Orange-crowned Warbler","32_CA","USA",780000
"Orange-crowned Warbler","6_AB","CAN",600000
"Orange-crowned Warbler","6_BC","CAN",510000
"Orange-crowned Warbler","3_AK","USA",490000
"Orange-crowned Warbler","5_WA","USA",330000
"Orange-crowned Warbler","5_CA","USA",320000
"Orange-crowned Warbler","8_SK","CAN",290000
"Orange-crowned Warbler","5_OR","USA",280000
"Orange-crowned Warbler","7_NL","CAN",250000
"Orange-crowned Warbler","16_CO","USA",220000
"Orange-crowned Warbler","6_SK","CAN",200000
"Orange-crowned Warbler","7_QC","CAN",200000
"Orange-crowned Warbler","5_YT","CAN",190000
"Orange-crowned Warbler","9_BC","CAN",190000
"Orange-crowned Warbler","8_QC","CAN",180000
"Orange-crowned Warbler","10_WA","USA",180000
"Orange-crowned Warbler","8_NL","CAN",180000
"Orange-crowned Warbler","10_MT","USA",140000
"Orange-crowned Warbler","3_YT","CAN",130000
"Orange-crowned Warbler","6_MB","CAN",120000
"Orange-crowned Warbler","15_CA","USA",100000
"Orange-crowned Warbler","9_ID","USA",100000
"Orange-crowned Warbler","10_ID","USA",83000
"Orange-crowned Warbler","10_AB","CAN",75000
"Orange-crowned Warbler","16_UT","USA",63000
"Orange-crowned Warbler","8_ON","CAN",56000
"Orange-crowned Warbler","16_NM","USA",53000
"Orange-crowned Warbler","35_NM","USA",53000
"Orange-crowned Warbler","10_OR","USA",48000
"Orange-crowned Warbler","9_WA","USA",43000
"Orange-crowned Warbler","9_NV","USA",21000
"Orange-crowned Warbler","11_SK","CAN",17000
"Orange-crowned Warbler","10_CO","USA",14000
"Orange-crowned Warbler","9_CA","USA",13000
"Orange-crowned Warbler","7_AB","CAN",12000
"Orange-crowned Warbler","11_MB","CAN",11000
"Orange-crowned Warbler","10_WY","USA",11000
"Orange-crowned Warbler","9_OR","USA",9000
"Orange-crowned Warbler","11_AB","CAN",7500
"Orange-crowned Warbler","9_UT","USA",5300
"Orange-crowned Warbler","11_ND","USA",5000
"Orange-crowned Warbler","15_NV","USA",4100
"Orange-crowned Warbler","12_MB","CAN",2200
"Orange-crowned Warbler","16_WY","USA",2100
"Orange-crowned Warbler","34_AZ","USA",2000
"Orange-crowned Warbler","12_ON","CAN",1800
"Orange-crowned Warbler","16_AZ","USA",760
"Orange-crowned Warbler","34_NM","USA",580
"Orange-crowned Warbler","16_ID","USA",490
"Orange-crowned Warbler","18_CO","USA",290
"Orange-crowned Warbler","9_WY","USA",230
"Lucy's Warbler","34_AZ","USA",1600000
"Lucy's Warbler","33_AZ","USA",850000
"Lucy's Warbler","35_NM","USA",160000
"Lucy's Warbler","35_TX","USA",80000
"Lucy's Warbler","33_NV","USA",49000
"Lucy's Warbler","16_AZ","USA",30000
"Lucy's Warbler","34_NM","USA",21000
"Lucy's Warbler","33_CA","USA",13000
"Lucy's Warbler","16_UT","USA",7700
"Lucy's Warbler","35_AZ","USA",4200
"Lucy's Warbler","33_UT","USA",1200
"Lucy's Warbler","16_NV","USA",170
"Nashville Warbler","8_ON","CAN",9800000
"Nashville Warbler","8_QC","CAN",7000000
"Nashville Warbler","12_ON","CAN",3900000
"Nashville Warbler","12_QC","CAN",3600000
"Nashville Warbler","7_QC","CAN",2300000
"Nashville Warbler","12_MN","USA",2200000
"Nashville Warbler","8_MB","CAN",1400000
"Nashville Warbler","7_ON","CAN",1100000
"Nashville Warbler","12_MI","USA",920000
"Nashville Warbler","14_NB","CAN",800000
"Nashville Warbler","6_MB","CAN",710000
"Nashville Warbler","12_WI","USA",600000
"Nashville Warbler","14_QC","CAN",590000
"Nashville Warbler","6_SK","CAN",470000
"Nashville Warbler","15_CA","USA",450000
"Nashville Warbler","8_SK","CAN",440000
"Nashville Warbler","10_BC","CAN",420000
"Nashville Warbler","5_OR","USA",390000
"Nashville Warbler","9_WA","USA",340000
"Nashville Warbler","14_ME","USA",330000
"Nashville Warbler","5_CA","USA",320000
"Nashville Warbler","12_MB","CAN",280000
"Nashville Warbler","9_BC","CAN",270000
"Nashville Warbler","7_NL","CAN",140000
"Nashville Warbler","9_OR","USA",110000
"Nashville Warbler","14_NY","USA",110000
"Nashville Warbler","14_NS","CAN",110000
"Nashville Warbler","13_ON","CAN",81000
"Nashville Warbler","10_WA","USA",80000
"Nashville Warbler","32_CA","USA",79000
"Nashville Warbler","10_ID","USA",73000
"Nashville Warbler","5_BC","CAN",44000
"Nashville Warbler","9_CA","USA",40000
"Nashville Warbler","8_NL","CAN",37000
"Nashville Warbler","14_NH","USA",37000
"Nashville Warbler","10_MT","USA",37000
"Nashville Warbler","13_QC","CAN",28000
"Nashville Warbler","5_WA","USA",24000
"Nashville Warbler","23_WI","USA",22000
"Nashville Warbler","14_VT","USA",15000
"Nashville Warbler","13_NY","USA",14000
"Nashville Warbler","10_OR","USA",12000
"Nashville Warbler","11_MB","CAN",9000
"Nashville Warbler","14_PE","CAN",7000
"Nashville Warbler","28_NY","USA",5700
"Nashville Warbler","28_PA","USA",5300
"Nashville Warbler","11_MN","USA",4500
"Nashville Warbler","15_NV","USA",2500
"Nashville Warbler","23_MN","USA",1200
"Nashville Warbler","9_ID","USA",1100
"Nashville Warbler","10_AB","CAN",1000
"Nashville Warbler","23_MI","USA",970
"Nashville Warbler","14_MA","USA",290
"Nashville Warbler","30_NH","USA",210
"Nashville Warbler","30_MA","USA",130
"Nashville Warbler","30_VT","USA",3
"Virginia's Warbler","16_NM","USA",280000
"Virginia's Warbler","34_AZ","USA",220000
"Virginia's Warbler","16_CO","USA",220000
"Virginia's Warbler","16_UT","USA",110000
"Virginia's Warbler","35_NM","USA",28000
"Virginia's Warbler","10_CO","USA",10000
"Virginia's Warbler","34_NM","USA",8900
"Virginia's Warbler","9_CA","USA",8100
"Virginia's Warbler","16_AZ","USA",7400
"Virginia's Warbler","9_NV","USA",3800
"Virginia's Warbler","9_UT","USA",2800
"Virginia's Warbler","35_AZ","USA",740
"Virginia's Warbler","9_ID","USA",470
"Virginia's Warbler","18_CO","USA",460
"Virginia's Warbler","16_WY","USA",260
"Connecticut Warbler","8_SK","CAN",580000
"Connecticut Warbler","6_SK","CAN",200000
"Connecticut Warbler","6_AB","CAN",200000
"Connecticut Warbler","7_ON","CAN",200000
"Connecticut Warbler","8_ON","CAN",120000
"Connecticut Warbler","6_MB","CAN",110000
"Connecticut Warbler","6_BC","CAN",80000
"Connecticut Warbler","8_MB","CAN",67000
"Connecticut Warbler","12_MB","CAN",53000
"Connecticut Warbler","12_MN","USA",47000
"Connecticut Warbler","8_QC","CAN",39000
"Connecticut Warbler","12_ON","CAN",26000
"Connecticut Warbler","6_NT","CAN",21000
"Connecticut Warbler","12_QC","CAN",4500
"Connecticut Warbler","10_BC","CAN",3900
"Connecticut Warbler","12_WI","USA",3200
"Connecticut Warbler","11_MB","CAN",840
"Connecticut Warbler","11_SK","CAN",460
"Connecticut Warbler","11_AB","CAN",200
"MacGillivray's Warbler","10_BC","CAN",4300000
"MacGillivray's Warbler","5_BC","CAN",1600000
"MacGillivray's Warbler","10_ID","USA",1000000
"MacGillivray's Warbler","10_MT","USA",670000
"MacGillivray's Warbler","9_WA","USA",420000
"MacGillivray's Warbler","9_BC","CAN",370000
"MacGillivray's Warbler","16_CO","USA",340000
"MacGillivray's Warbler","10_OR","USA",310000
"MacGillivray's Warbler","5_OR","USA",300000
"MacGillivray's Warbler","15_CA","USA",230000
"MacGillivray's Warbler","16_UT","USA",210000
"MacGillivray's Warbler","9_NV","USA",160000
"MacGillivray's Warbler","10_WA","USA",150000
"MacGillivray's Warbler","9_OR","USA",150000
"MacGillivray's Warbler","5_CA","USA",150000
"MacGillivray's Warbler","5_WA","USA",100000
"MacGillivray's Warbler","5_AK","USA",97000
"MacGillivray's Warbler","9_ID","USA",78000
"MacGillivray's Warbler","10_WY","USA",69000
"MacGillivray's Warbler","4_BC","CAN",63000
"MacGillivray's Warbler","10_AB","CAN",62000
"MacGillivray's Warbler","4_YT","CAN",53000
"MacGillivray's Warbler","16_NM","USA",42000
"MacGillivray's Warbler","17_WY","USA",37000
"MacGillivray's Warbler","9_CA","USA",33000
"MacGillivray's Warbler","35_NM","USA",25000
"MacGillivray's Warbler","32_CA","USA",22000
"MacGillivray's Warbler","10_CO","USA",19000
"MacGillivray's Warbler","6_AB","CAN",11000
"MacGillivray's Warbler","17_SD","USA",11000
"MacGillivray's Warbler","15_NV","USA",5100
"MacGillivray's Warbler","16_WY","USA",3800
"MacGillivray's Warbler","9_UT","USA",2000
"MacGillivray's Warbler","16_ID","USA",1800
"MacGillivray's Warbler","34_AZ","USA",1700
"MacGillivray's Warbler","34_NM","USA",1700
"MacGillivray's Warbler","35_AZ","USA",640
"MacGillivray's Warbler","11_AB","CAN",260
"MacGillivray's Warbler","9_WY","USA",170
"MacGillivray's Warbler","5_YT","CAN",29
"Mourning Warbler","8_ON","CAN",2700000
"Mourning Warbler","8_QC","CAN",2000000
"Mourning Warbler","12_ON","CAN",1700000
"Mourning Warbler","12_QC","CAN",1100000
"Mourning Warbler","8_MB","CAN",910000
"Mourning Warbler","8_SK","CAN",820000
"Mourning Warbler","12_MN","USA",760000
"Mourning Warbler","6_AB","CAN",650000
"Mourning Warbler","6_MB","CAN",460000
"Mourning Warbler","6_SK","CAN",430000
"Mourning Warbler","6_BC","CAN",360000
"Mourning Warbler","8_NL","CAN",350000
"Mourning Warbler","12_WI","USA",310000
"Mourning Warbler","12_MI","USA",260000
"Mourning Warbler","6_NT","CAN",210000
"Mourning Warbler","12_MB","CAN",120000
"Mourning Warbler","14_NS","CAN",110000
"Mourning Warbler","7_ON","CAN",82000
"Mourning Warbler","14_QC","CAN",80000
"Mourning Warbler","23_WI","USA",65000
"Mourning Warbler","13_ON","CAN",65000
"Mourning Warbler","14_NB","CAN",57000
"Mourning Warbler","14_NY","USA",47000
"Mourning Warbler","14_ME","USA",34000
"Mourning Warbler","28_NY","USA",24000
"Mourning Warbler","28_PA","USA",23000
"Mourning Warbler","14_PE","CAN",23000
"Mourning Warbler","13_NY","USA",18000
"Mourning Warbler","13_QC","CAN",18000
"Mourning Warbler","14_VT","USA",14000
"Mourning Warbler","7_AB","CAN",12000
"Mourning Warbler","10_BC","CAN",12000
"Mourning Warbler","11_MB","CAN",12000
"Mourning Warbler","23_MI","USA",9600
"Mourning Warbler","11_SK","CAN",6900
"Mourning Warbler","14_NH","USA",5500
"Mourning Warbler","28_WV","USA",4100
"Mourning Warbler","11_ND","USA",3200
"Mourning Warbler","23_MN","USA",2900
"Mourning Warbler","13_PA","USA",2400
"Mourning Warbler","11_AB","CAN",1900
"Mourning Warbler","14_MA","USA",330
"Mourning Warbler","11_MN","USA",300
"Mourning Warbler","22_WI","USA",100
"Mourning Warbler","28_MD","USA",38
"Kentucky Warbler","25_AR","USA",370000
"Kentucky Warbler","27_MS","USA",240000
"Kentucky Warbler","24_MO","USA",210000
"Kentucky Warbler","24_TN","USA",160000
"Kentucky Warbler","28_KY","USA",130000
"Kentucky Warbler","24_IN","USA",110000
"Kentucky Warbler","25_LA","USA",110000
"Kentucky Warbler","27_AL","USA",110000
"Kentucky Warbler","25_OK","USA",99000
"Kentucky Warbler","25_TX","USA",97000
"Kentucky Warbler","24_AR","USA",93000
"Kentucky Warbler","28_WV","USA",91000
"Kentucky Warbler","24_KY","USA",90000
"Kentucky Warbler","22_MO","USA",75000
"Kentucky Warbler","28_AL","USA",69000
"Kentucky Warbler","27_TN","USA",58000
"Kentucky Warbler","24_IL","USA",48000
"Kentucky Warbler","28_TN","USA",41000
"Kentucky Warbler","27_GA","USA",38000
"Kentucky Warbler","28_OH","USA",36000
"Kentucky Warbler","29_GA","USA",32000
"Kentucky Warbler","27_LA","USA",28000
"Kentucky Warbler","28_VA","USA",25000
"Kentucky Warbler","24_AL","USA",21000
"Kentucky Warbler","26_LA","USA",20000
"Kentucky Warbler","22_IL","USA",16000
"Kentucky Warbler","22_KS","USA",15000
"Kentucky Warbler","29_VA","USA",14000
"Kentucky Warbler","26_MS","USA",13000
"Kentucky Warbler","27_SC","USA",12000
"Kentucky Warbler","29_SC","USA",12000
"Kentucky Warbler","29_AL","USA",12000
"Kentucky Warbler","30_MD","USA",12000
"Kentucky Warbler","27_NC","USA",11000
"Kentucky Warbler","28_PA","USA",11000
"Kentucky Warbler","24_OK","USA",9100
"Kentucky Warbler","29_NC","USA",9000
"Kentucky Warbler","27_VA","USA",8400
"Kentucky Warbler","27_FL","USA",8000
"Kentucky Warbler","28_GA","USA",8000
"Kentucky Warbler","21_OK","USA",6500
"Kentucky Warbler","28_NC","USA",5400
"Kentucky Warbler","26_AR","USA",4700
"Kentucky Warbler","26_TN","USA",3900
"Kentucky Warbler","26_MO","USA",2800
"Kentucky Warbler","22_IN","USA",1700
"Kentucky Warbler","27_KY","USA",1700
"Kentucky Warbler","29_MD","USA",1500
"Kentucky Warbler","24_OH","USA",1500
"Kentucky Warbler","28_MD","USA",1300
"Kentucky Warbler","37_LA","USA",1100
"Kentucky Warbler","21_TX","USA",940
"Kentucky Warbler","30_DE","USA",810
"Kentucky Warbler","13_PA","USA",720
"Kentucky Warbler","30_NJ","USA",630
"Kentucky Warbler","28_SC","USA",450
"Kentucky Warbler","13_OH","USA",420
"Kentucky Warbler","29_PA","USA",380
"Kentucky Warbler","23_IN","USA",350
"Kentucky Warbler","22_OK","USA",340
"Kentucky Warbler","26_KY","USA",290
"Kentucky Warbler","31_FL","USA",230
"Kentucky Warbler","26_IL","USA",180
"Kentucky Warbler","24_KS","USA",130
"Kentucky Warbler","30_PA","USA",20
"Kentucky Warbler","29_DE","USA",7
"Common Yellowthroat","8_QC","CAN",5700000
"Common Yellowthroat","12_ON","CAN",3100000
"Common Yellowthroat","12_MN","USA",2300000
"Common Yellowthroat","8_ON","CAN",2300000
"Common Yellowthroat","12_QC","CAN",2200000
"Common Yellowthroat","22_IA","USA",2100000
"Common Yellowthroat","11_ND","USA",2100000
"Common Yellowthroat","6_AB","CAN",2000000
"Common Yellowthroat","23_WI","USA",2000000
"Common Yellowthroat","14_NB","CAN",1700000
"Common Yellowthroat","10_BC","CAN",1600000
"Common Yellowthroat","23_MN","USA",1600000
"Common Yellowthroat","6_MB","CAN",1600000
"Common Yellowthroat","28_PA","USA",1500000
"Common Yellowthroat","8_MB","CAN",1500000
"Common Yellowthroat","11_SD","USA",1400000
"Common Yellowthroat","11_MN","USA",1300000
"Common Yellowthroat","14_ME","USA",1200000
"Common Yellowthroat","13_ON","CAN",1100000
"Common Yellowthroat","14_NS","CAN",1100000
"Common Yellowthroat","22_IL","USA",1000000
"Common Yellowthroat","4_BC","CAN",990000
"Common Yellowthroat","6_SK","CAN",960000
"Common Yellowthroat","4_YT","CAN",950000
"Common Yellowthroat","14_QC","CAN",940000
"Common Yellowthroat","22_MO","USA",940000
"Common Yellowthroat","12_MI","USA",910000
"Common Yellowthroat","7_ON","CAN",900000
"Common Yellowthroat","13_NY","USA",890000
"Common Yellowthroat","28_NY","USA",840000
"Common Yellowthroat","12_WI","USA",820000
"Common Yellowthroat","24_KY","USA",810000
"Common Yellowthroat","23_MI","USA",770000
"Common Yellowthroat","24_IN","USA",710000
"Common Yellowthroat","31_FL","USA",670000
"Common Yellowthroat","8_NL","CAN",650000
"Common Yellowthroat","27_MS","USA",630000
"Common Yellowthroat","27_NC","USA",600000
"Common Yellowthroat","6_NT","CAN",570000
"Common Yellowthroat","27_FL","USA",570000
"Common Yellowthroat","6_BC","CAN",570000
"Common Yellowthroat","19_NE","USA",560000
"Common Yellowthroat","27_GA","USA",540000
"Common Yellowthroat","13_QC","CAN",540000
"Common Yellowthroat","5_BC","CAN",530000
"Common Yellowthroat","28_OH","USA",520000
"Common Yellowthroat","10_MT","USA",510000
"Common Yellowthroat","24_MO","USA",500000
"Common Yellowthroat","11_MB","CAN",440000
"Common Yellowthroat","14_VT","USA",440000
"Common Yellowthroat","5_WA","USA",430000
"Common Yellowthroat","24_TN","USA",420000
"Common Yellowthroat","11_SK","CAN",400000
"Common Yellowthroat","37_LA","USA",400000
"Common Yellowthroat","25_AR","USA",400000
"Common Yellowthroat","28_KY","USA",390000
"Common Yellowthroat","27_AL","USA",380000
"Common Yellowthroat","14_NY","USA",380000
"Common Yellowthroat","22_IN","USA",360000
"Common Yellowthroat","11_IA","USA",350000
"Common Yellowthroat","28_WV","USA",330000
"Common Yellowthroat","8_SK","CAN",330000
"Common Yellowthroat","14_NH","USA",320000
"Common Yellowthroat","26_LA","USA",310000
"Common Yellowthroat","27_TN","USA",290000
"Common Yellowthroat","5_OR","USA",280000
"Common Yellowthroat","29_NC","USA",260000
"Common Yellowthroat","22_OH","USA",260000
"Common Yellowthroat","12_MB","CAN",250000
"Common Yellowthroat","24_IL","USA",250000
"Common Yellowthroat","29_VA","USA",240000
"Common Yellowthroat","9_OR","USA",240000
"Common Yellowthroat","27_SC","USA",240000
"Common Yellowthroat","27_VA","USA",230000
"Common Yellowthroat","17_SD","USA",230000
"Common Yellowthroat","13_OH","USA",220000
"Common Yellowthroat","17_MT","USA",210000
"Common Yellowthroat","25_OK","USA",210000
"Common Yellowthroat","11_MT","USA",200000
"Common Yellowthroat","11_NE","USA",190000
"Common Yellowthroat","22_NE","USA",180000
"Common Yellowthroat","17_ND","USA",180000
"Common Yellowthroat","22_MN","USA",170000
"Common Yellowthroat","28_AL","USA",160000
"Common Yellowthroat","28_TN","USA",160000
"Common Yellowthroat","30_CT","USA",150000
"Common Yellowthroat","30_MA","USA",150000
"Common Yellowthroat","32_CA","USA",150000
"Common Yellowthroat","30_MD","USA",130000
"Common Yellowthroat","14_PE","CAN",130000
"Common Yellowthroat","23_IN","USA",130000
"Common Yellowthroat","22_KS","USA",130000
"Common Yellowthroat","11_AB","CAN",130000
"Common Yellowthroat","19_KS","USA",130000
"Common Yellowthroat","25_LA","USA",120000
"Common Yellowthroat","23_IA","USA",120000
"Common Yellowthroat","13_PA","USA",120000
"Common Yellowthroat","29_SC","USA",120000
"Common Yellowthroat","10_ID","USA",110000
"Common Yellowthroat","33_AZ","USA",110000
"Common Yellowthroat","29_GA","USA",110000
"Common Yellowthroat","9_NV","USA",100000
"Common Yellowthroat","14_MA","USA",100000
"Common Yellowthroat","33_CA","USA",96000
"Common Yellowthroat","24_AR","USA",95000
"Common Yellowthroat","35_TX","USA",86000
"Common Yellowthroat","9_BC","CAN",83000
"Common Yellowthroat","17_WY","USA",82000
"Common Yellowthroat","26_MS","USA",81000
"Common Yellowthroat","26_MO","USA",80000
"Common Yellowthroat","30_NJ","USA",77000
"Common Yellowthroat","10_WY","USA",76000
"Common Yellowthroat","9_WA","USA",74000
"Common Yellowthroat","26_AR","USA",73000
"Common Yellowthroat","37_TX","USA",67000
"Common Yellowthroat","13_VT","USA",65000
"Common Yellowthroat","5_AK","USA",65000
"Common Yellowthroat","18_NE","USA",64000
"Common Yellowthroat","30_NH","USA",63000
"Common Yellowthroat","29_PA","USA",58000
"Common Yellowthroat","25_TX","USA",58000
"Common Yellowthroat","9_UT","USA",56000
"Common Yellowthroat","28_NC","USA",52000
"Common Yellowthroat","27_KY","USA",51000
"Common Yellowthroat","24_AL","USA",48000
"Common Yellowthroat","16_CO","USA",47000
"Common Yellowthroat","28_MD","USA",46000
"Common Yellowthroat","28_GA","USA",43000
"Common Yellowthroat","9_CA","USA",43000
"Common Yellowthroat","35_NM","USA",42000
"Common Yellowthroat","23_IL","USA",42000
"Common Yellowthroat","24_OH","USA",41000
"Common Yellowthroat","30_DE","USA",38000
"Common Yellowthroat","9_ID","USA",36000
"Common Yellowthroat","29_MD","USA",35000
"Common Yellowthroat","10_AB","CAN",34000
"Common Yellowthroat","29_NJ","USA",33000
"Common Yellowthroat","4_AK","USA",31000
"Common Yellowthroat","29_AL","USA",31000
"Common Yellowthroat","7_QC","CAN",25000
"Common Yellowthroat","21_OK","USA",25000
"Common Yellowthroat","34_AZ","USA",24000
"Common Yellowthroat","27_LA","USA",24000
"Common Yellowthroat","18_CO","USA",24000
"Common Yellowthroat","36_TX","USA",23000
"Common Yellowthroat","28_VA","USA",22000
"Common Yellowthroat","22_WI","USA",22000
"Common Yellowthroat","10_OR","USA",21000
"Common Yellowthroat","28_NJ","USA",21000
"Common Yellowthroat","26_TN","USA",21000
"Common Yellowthroat","16_NM","USA",20000
"Common Yellowthroat","30_ME","USA",20000
"Common Yellowthroat","30_NY","USA",20000
"Common Yellowthroat","4_NT","CAN",17000
"Common Yellowthroat","28_SC","USA",17000
"Common Yellowthroat","16_UT","USA",16000
"Common Yellowthroat","28_CT","USA",14000
"Common Yellowthroat","22_OK","USA",14000
"Common Yellowthroat","18_WY","USA",14000
"Common Yellowthroat","30_RI","USA",13000
"Common Yellowthroat","26_KY","USA",12000
"Common Yellowthroat","28_MA","USA",11000
"Common Yellowthroat","17_NE","USA",11000
"Common Yellowthroat","10_WA","USA",10000
"Common Yellowthroat","30_VA","USA",9400
"Common Yellowthroat","18_NM","USA",9000
"Common Yellowthroat","22_MI","USA",8300
"Common Yellowthroat","10_CO","USA",8200
"Common Yellowthroat","7_NL","CAN",7400
"Common Yellowthroat","26_IL","USA",7300
"Common Yellowthroat","14_CT","USA",6000
"Common Yellowthroat","16_WY","USA",5600
"Common Yellowthroat","5_CA","USA",5400
"Common Yellowthroat","19_SD","USA",5400
"Common Yellowthroat","10_UT","USA",5200
"Common Yellowthroat","18_SD","USA",4400
"Common Yellowthroat","24_OK","USA",4300
"Common Yellowthroat","18_TX","USA",3500
"Common Yellowthroat","21_TX","USA",3200
"Common Yellowthroat","19_OK","USA",3200
"Common Yellowthroat","30_PA","USA",2300
"Common Yellowthroat","33_NV","USA",2300
"Common Yellowthroat","20_TX","USA",1900
"Common Yellowthroat","37_MS","USA",1400
"Common Yellowthroat","29_NY","USA",1400
"Common Yellowthroat","23_OH","USA",1100
"Common Yellowthroat","29_DE","USA",1100
"Common Yellowthroat","30_VT","USA",810
"Common Yellowthroat","16_AZ","USA",660
"Common Yellowthroat","19_TX","USA",460
"Common Yellowthroat","18_OK","USA",430
"Common Yellowthroat","7_AB","CAN",410
"Common Yellowthroat","21_KS","USA",300
"Common Yellowthroat","16_ID","USA",210
"Common Yellowthroat","24_KS","USA",60
"Common Yellowthroat","9_WY","USA",43
"Hooded Warbler","27_MS","USA",710000
"Hooded Warbler","25_TX","USA",450000
"Hooded Warbler","25_LA","USA",430000
"Hooded Warbler","28_KY","USA",370000
"Hooded Warbler","27_AL","USA",340000
"Hooded Warbler","25_AR","USA",340000
"Hooded Warbler","28_WV","USA",220000
"Hooded Warbler","28_PA","USA",210000
"Hooded Warbler","28_TN","USA",200000
"Hooded Warbler","28_NC","USA",190000
"Hooded Warbler","28_AL","USA",110000
"Hooded Warbler","27_NC","USA",110000
"Hooded Warbler","28_VA","USA",100000
"Hooded Warbler","27_LA","USA",100000
"Hooded Warbler","27_GA","USA",96000
"Hooded Warbler","27_FL","USA",96000
"Hooded Warbler","28_OH","USA",94000
"Hooded Warbler","29_NC","USA",86000
"Hooded Warbler","26_LA","USA",84000
"Hooded Warbler","27_SC","USA",75000
"Hooded Warbler","27_VA","USA",72000
"Hooded Warbler","29_VA","USA",58000
"Hooded Warbler","28_GA","USA",57000
"Hooded Warbler","24_AR","USA",54000
"Hooded Warbler","29_AL","USA",47000
"Hooded Warbler","25_OK","USA",47000
"Hooded Warbler","29_GA","USA",47000
"Hooded Warbler","13_NY","USA",40000
"Hooded Warbler","29_SC","USA",39000
"Hooded Warbler","24_IN","USA",34000
"Hooded Warbler","28_SC","USA",30000
"Hooded Warbler","24_TN","USA",29000
"Hooded Warbler","13_PA","USA",26000
"Hooded Warbler","24_KY","USA",26000
"Hooded Warbler","13_OH","USA",22000
"Hooded Warbler","37_LA","USA",21000
"Hooded Warbler","30_MD","USA",16000
"Hooded Warbler","24_MO","USA",14000
"Hooded Warbler","23_MI","USA",11000
"Hooded Warbler","28_MD","USA",11000
"Hooded Warbler","27_TN","USA",10000
"Hooded Warbler","28_NY","USA",10000
"Hooded Warbler","30_VA","USA",7900
"Hooded Warbler","21_TX","USA",7700
"Hooded Warbler","24_IL","USA",4200
"Hooded Warbler","28_NJ","USA",3300
"Hooded Warbler","30_NJ","USA",2300
"Hooded Warbler","26_MS","USA",2300
"Hooded Warbler","24_OH","USA",2100
"Hooded Warbler","37_TX","USA",1500
"Hooded Warbler","22_IN","USA",1300
"Hooded Warbler","24_AL","USA",1300
"Hooded Warbler","28_CT","USA",1200
"Hooded Warbler","30_CT","USA",960
"Hooded Warbler","13_ON","CAN",880
"Hooded Warbler","26_AR","USA",870
"Hooded Warbler","26_TN","USA",830
"Hooded Warbler","23_WI","USA",720
"Hooded Warbler","29_MD","USA",650
"Hooded Warbler","14_NY","USA",630
"Hooded Warbler","31_FL","USA",240
"Hooded Warbler","12_MI","USA",210
"Hooded Warbler","29_PA","USA",160
"Hooded Warbler","22_IL","USA",150
"Hooded Warbler","12_WI","USA",140
"Hooded Warbler","37_MS","USA",130
"Hooded Warbler","30_DE","USA",97
"Hooded Warbler","30_PA","USA",71
"Hooded Warbler","29_DE","USA",3
"American Redstart","10_BC","CAN",8500000
"American Redstart","8_QC","CAN",4500000
"American Redstart","8_ON","CAN",3000000
"American Redstart","12_ON","CAN",2500000
"American Redstart","14_NB","CAN",1900000
"American Redstart","12_QC","CAN",1800000
"American Redstart","6_NT","CAN",1700000
"American Redstart","5_BC","CAN",1500000
"American Redstart","6_AB","CAN",1300000
"American Redstart","14_QC","CAN",1300000
"American Redstart","6_MB","CAN",1100000
"American Redstart","14_NS","CAN",1000000
"American Redstart","12_MI","USA",1000000
"American Redstart","12_MN","USA",980000
"American Redstart","8_NL","CAN",930000
"American Redstart","28_PA","USA",740000
"American Redstart","7_ON","CAN",660000
"American Redstart","28_WV","USA",600000
"American Redstart","6_BC","CAN",600000
"American Redstart","14_ME","USA",570000
"American Redstart","12_WI","USA",420000
"American Redstart","23_WI","USA",400000
"American Redstart","6_SK","CAN",350000
"American Redstart","13_ON","CAN",330000
"American Redstart","23_MN","USA",290000
"American Redstart","14_NY","USA",280000
"American Redstart","28_NY","USA",280000
"American Redstart","13_NY","USA",270000
"American Redstart","14_NH","USA",230000
"American Redstart","27_AL","USA",200000
"American Redstart","13_QC","CAN",180000
"American Redstart","8_MB","CAN",170000
"American Redstart","12_MB","CAN",170000
"American Redstart","14_MA","USA",160000
"American Redstart","17_WY","USA",150000
"American Redstart","14_VT","USA",140000
"American Redstart","4_BC","CAN",130000
"American Redstart","8_SK","CAN",120000
"American Redstart","11_ND","USA",120000
"American Redstart","11_MB","CAN",110000
"American Redstart","23_MI","USA",110000
"American Redstart","4_YT","CAN",99000
"American Redstart","10_MT","USA",98000
"American Redstart","30_CT","USA",98000
"American Redstart","5_AK","USA",78000
"American Redstart","28_KY","USA",73000
"American Redstart","28_OH","USA",67000
"American Redstart","11_MN","USA",65000
"American Redstart","30_MA","USA",64000
"American Redstart","11_SK","CAN",63000
"American Redstart","27_MS","USA",62000
"American Redstart","22_IA","USA",55000
"American Redstart","17_SD","USA",55000
"American Redstart","28_VA","USA",50000
"American Redstart","28_NJ","USA",47000
"American Redstart","28_TN","USA",46000
"American Redstart","10_ID","USA",45000
"American Redstart","13_PA","USA",39000
"American Redstart","24_AR","USA",39000
"American Redstart","28_MD","USA",36000
"American Redstart","28_NC","USA",34000
"American Redstart","14_PE","CAN",34000
"American Redstart","22_IL","USA",34000
"American Redstart","23_IA","USA",33000
"American Redstart","9_BC","CAN",32000
"American Redstart","13_VT","USA",28000
"American Redstart","13_OH","USA",26000
"American Redstart","28_CT","USA",26000
"American Redstart","24_MO","USA",26000
"American Redstart","30_NH","USA",23000
"American Redstart","28_MA","USA",20000
"American Redstart","24_IN","USA",18000
"American Redstart","27_NC","USA",18000
"American Redstart","10_AB","CAN",16000
"American Redstart","29_VA","USA",15000
"American Redstart","22_IN","USA",15000
"American Redstart","17_ND","USA",15000
"American Redstart","22_MN","USA",15000
"American Redstart","29_NC","USA",13000
"American Redstart","27_LA","USA",13000
"American Redstart","10_WA","USA",12000
"American Redstart","27_GA","USA",12000
"American Redstart","11_AB","CAN",11000
"American Redstart","30_RI","USA",11000
"American Redstart","11_SD","USA",9200
"American Redstart","24_TN","USA",9100
"American Redstart","25_AR","USA",8400
"American Redstart","14_CT","USA",8000
"American Redstart","24_IL","USA",8000
"American Redstart","26_LA","USA",7800
"American Redstart","23_IN","USA",7800
"American Redstart","25_LA","USA",7600
"American Redstart","30_MD","USA",6000
"American Redstart","17_NE","USA",5200
"American Redstart","25_TX","USA",5100
"American Redstart","11_IA","USA",5000
"American Redstart","28_AL","USA",4800
"American Redstart","29_NJ","USA",4600
"American Redstart","30_NY","USA",4400
"American Redstart","17_MT","USA",4000
"American Redstart","10_WY","USA",4000
"American Redstart","22_NE","USA",3700
"American Redstart","22_MO","USA",3600
"American Redstart","25_OK","USA",3600
"American Redstart","27_VA","USA",3300
"American Redstart","29_MD","USA",3200
"American Redstart","22_OH","USA",3000
"American Redstart","11_MT","USA",2900
"American Redstart","30_ME","USA",2500
"American Redstart","29_PA","USA",2300
"American Redstart","29_GA","USA",2200
"American Redstart","18_NE","USA",1800
"American Redstart","9_WA","USA",1700
"American Redstart","23_IL","USA",1600
"American Redstart","30_NJ","USA",1400
"American Redstart","22_KS","USA",1300
"American Redstart","26_KY","USA",1200
"American Redstart","24_KY","USA",1100
"American Redstart","8_AB","CAN",970
"American Redstart","22_WI","USA",730
"American Redstart","27_TN","USA",700
"American Redstart","16_WY","USA",620
"American Redstart","24_OK","USA",580
"American Redstart","6_YT","CAN",580
"American Redstart","27_SC","USA",490
"American Redstart","21_TX","USA",460
"American Redstart","24_AL","USA",370
"American Redstart","26_MO","USA",370
"American Redstart","26_TN","USA",360
"American Redstart","27_KY","USA",330
"American Redstart","28_GA","USA",320
"American Redstart","30_VT","USA",290
"American Redstart","29_SC","USA",260
"American Redstart","18_SD","USA",240
"American Redstart","29_NY","USA",190
"American Redstart","30_DE","USA",140
"American Redstart","23_OH","USA",65
"American Redstart","29_DE","USA",43
"American Redstart","30_PA","USA",42
"American Redstart","24_KS","USA",16
"Kirtland's Warbler","12_MI","USA",NA
"Kirtland's Warbler","12_WI","USA",NA
"Cape May Warbler","8_QC","CAN",1500000
"Cape May Warbler","6_NT","CAN",1000000
"Cape May Warbler","8_ON","CAN",940000
"Cape May Warbler","8_MB","CAN",600000
"Cape May Warbler","8_SK","CAN",490000
"Cape May Warbler","7_ON","CAN",370000
"Cape May Warbler","12_ON","CAN",340000
"Cape May Warbler","14_QC","CAN",340000
"Cape May Warbler","12_QC","CAN",330000
"Cape May Warbler","6_AB","CAN",240000
"Cape May Warbler","6_MB","CAN",170000
"Cape May Warbler","6_SK","CAN",100000
"Cape May Warbler","14_NB","CAN",95000
"Cape May Warbler","14_ME","USA",85000
"Cape May Warbler","12_MI","USA",80000
"Cape May Warbler","12_MN","USA",72000
"Cape May Warbler","7_NT","CAN",47000
"Cape May Warbler","12_MB","CAN",35000
"Cape May Warbler","14_NS","CAN",31000
"Cape May Warbler","8_NL","CAN",24000
"Cape May Warbler","12_WI","USA",23000
"Cape May Warbler","4_BC","CAN",23000
"Cape May Warbler","7_SK","CAN",17000
"Cape May Warbler","4_YT","CAN",10000
"Cape May Warbler","10_BC","CAN",8900
"Cape May Warbler","13_ON","CAN",8700
"Cape May Warbler","14_PE","CAN",7100
"Cape May Warbler","14_NY","USA",2600
"Cape May Warbler","8_AB","CAN",2500
"Cape May Warbler","11_MB","CAN",1300
"Cape May Warbler","14_NH","USA",1200
"Cape May Warbler","11_MN","USA",1000
"Cape May Warbler","13_QC","CAN",720
"Cerulean Warbler","28_WV","USA",180000
"Cerulean Warbler","28_KY","USA",72000
"Cerulean Warbler","28_TN","USA",60000
"Cerulean Warbler","24_IN","USA",33000
"Cerulean Warbler","28_PA","USA",27000
"Cerulean Warbler","28_OH","USA",26000
"Cerulean Warbler","24_TN","USA",24000
"Cerulean Warbler","24_AR","USA",14000
"Cerulean Warbler","23_MI","USA",12000
"Cerulean Warbler","27_MS","USA",11000
"Cerulean Warbler","24_MO","USA",9600
"Cerulean Warbler","28_NC","USA",9100
"Cerulean Warbler","12_ON","CAN",6500
"Cerulean Warbler","23_WI","USA",5200
"Cerulean Warbler","13_OH","USA",4700
"Cerulean Warbler","28_VA","USA",3600
"Cerulean Warbler","28_MD","USA",3400
"Cerulean Warbler","13_NY","USA",2800
"Cerulean Warbler","28_NJ","USA",2400
"Cerulean Warbler","29_VA","USA",2300
"Cerulean Warbler","24_KY","USA",2200
"Cerulean Warbler","12_MI","USA",2000
"Cerulean Warbler","23_IN","USA",1900
"Cerulean Warbler","13_PA","USA",1900
"Cerulean Warbler","22_OH","USA",1800
"Cerulean Warbler","29_MD","USA",1700
"Cerulean Warbler","25_OK","USA",860
"Cerulean Warbler","13_ON","CAN",660
"Cerulean Warbler","28_CT","USA",590
"Cerulean Warbler","24_IL","USA",590
"Cerulean Warbler","28_NY","USA",430
"Cerulean Warbler","22_IN","USA",310
"Cerulean Warbler","14_MA","USA",290
"Cerulean Warbler","23_OH","USA",16
"Northern Parula","14_NB","CAN",1900000
"Northern Parula","12_QC","CAN",1100000
"Northern Parula","14_NS","CAN",1100000
"Northern Parula","14_ME","USA",1000000
"Northern Parula","27_GA","USA",960000
"Northern Parula","27_FL","USA",950000
"Northern Parula","24_MO","USA",810000
"Northern Parula","31_FL","USA",770000
"Northern Parula","8_ON","CAN",740000
"Northern Parula","27_AL","USA",610000
"Northern Parula","27_SC","USA",500000
"Northern Parula","12_ON","CAN",470000
"Northern Parula","27_MS","USA",390000
"Northern Parula","14_QC","CAN",380000
"Northern Parula","26_LA","USA",360000
"Northern Parula","12_MN","USA",350000
"Northern Parula","24_TN","USA",330000
"Northern Parula","8_QC","CAN",300000
"Northern Parula","24_KY","USA",290000
"Northern Parula","28_WV","USA",280000
"Northern Parula","27_NC","USA",230000
"Northern Parula","27_TN","USA",210000
"Northern Parula","24_AR","USA",210000
"Northern Parula","25_AR","USA",200000
"Northern Parula","12_MI","USA",190000
"Northern Parula","14_NY","USA",190000
"Northern Parula","28_NC","USA",190000
"Northern Parula","22_MO","USA",180000
"Northern Parula","28_KY","USA",140000
"Northern Parula","24_IN","USA",130000
"Northern Parula","14_NH","USA",120000
"Northern Parula","12_WI","USA",110000
"Northern Parula","29_SC","USA",110000
"Northern Parula","28_AL","USA",110000
"Northern Parula","29_NC","USA",110000
"Northern Parula","14_PE","CAN",100000
"Northern Parula","27_VA","USA",100000
"Northern Parula","28_TN","USA",100000
"Northern Parula","22_KS","USA",91000
"Northern Parula","29_GA","USA",91000
"Northern Parula","30_MD","USA",91000
"Northern Parula","28_VA","USA",90000
"Northern Parula","24_IL","USA",90000
"Northern Parula","27_LA","USA",90000
"Northern Parula","21_TX","USA",88000
"Northern Parula","25_OK","USA",87000
"Northern Parula","28_PA","USA",83000
"Northern Parula","26_AR","USA",77000
"Northern Parula","22_IL","USA",72000
"Northern Parula","24_OK","USA",67000
"Northern Parula","29_VA","USA",64000
"Northern Parula","28_GA","USA",64000
"Northern Parula","25_TX","USA",63000
"Northern Parula","21_OK","USA",63000
"Northern Parula","8_MB","CAN",61000
"Northern Parula","14_VT","USA",58000
"Northern Parula","25_LA","USA",48000
"Northern Parula","29_AL","USA",48000
"Northern Parula","6_MB","CAN",34000
"Northern Parula","26_MS","USA",27000
"Northern Parula","22_OH","USA",24000
"Northern Parula","22_IN","USA",22000
"Northern Parula","27_KY","USA",19000
"Northern Parula","28_SC","USA",17000
"Northern Parula","29_MD","USA",15000
"Northern Parula","22_OK","USA",15000
"Northern Parula","24_OH","USA",15000
"Northern Parula","28_OH","USA",15000
"Northern Parula","24_AL","USA",15000
"Northern Parula","37_LA","USA",12000
"Northern Parula","26_TN","USA",11000
"Northern Parula","28_MD","USA",10000
"Northern Parula","12_MB","CAN",10000
"Northern Parula","7_ON","CAN",9700
"Northern Parula","26_MO","USA",9400
"Northern Parula","30_VA","USA",8000
"Northern Parula","26_KY","USA",5400
"Northern Parula","28_NJ","USA",4100
"Northern Parula","13_QC","CAN",4000
"Northern Parula","37_TX","USA",3900
"Northern Parula","26_IL","USA",3300
"Northern Parula","30_CT","USA",3300
"Northern Parula","29_PA","USA",3000
"Northern Parula","30_NJ","USA",2800
"Northern Parula","22_IA","USA",2800
"Northern Parula","19_KS","USA",2600
"Northern Parula","13_NY","USA",2600
"Northern Parula","30_MA","USA",2400
"Northern Parula","8_NL","CAN",1800
"Northern Parula","23_IN","USA",1800
"Northern Parula","19_OK","USA",1700
"Northern Parula","13_ON","CAN",1300
"Northern Parula","28_NY","USA",1300
"Northern Parula","30_NH","USA",1100
"Northern Parula","23_WI","USA",1100
"Northern Parula","24_KS","USA",960
"Northern Parula","21_KS","USA",750
"Northern Parula","32_CA","USA",660
"Northern Parula","22_NE","USA",620
"Northern Parula","23_MN","USA",430
"Northern Parula","13_OH","USA",310
"Northern Parula","11_MB","CAN",290
"Northern Parula","14_MA","USA",260
"Northern Parula","29_NJ","USA",170
"Northern Parula","37_MS","USA",45
"Northern Parula","30_VT","USA",29
"Northern Parula","29_DE","USA",25
"Magnolia Warbler","8_QC","CAN",6800000
"Magnolia Warbler","8_ON","CAN",6700000
"Magnolia Warbler","7_QC","CAN",3200000
"Magnolia Warbler","12_QC","CAN",2800000
"Magnolia Warbler","6_NT","CAN",2400000
"Magnolia Warbler","10_BC","CAN",2300000
"Magnolia Warbler","8_SK","CAN",2300000
"Magnolia Warbler","12_ON","CAN",1900000
"Magnolia Warbler","7_ON","CAN",1600000
"Magnolia Warbler","8_MB","CAN",1500000
"Magnolia Warbler","14_NB","CAN",1100000
"Magnolia Warbler","14_QC","CAN",1000000
"Magnolia Warbler","8_NL","CAN",940000
"Magnolia Warbler","14_NS","CAN",850000
"Magnolia Warbler","6_SK","CAN",600000
"Magnolia Warbler","14_ME","USA",480000
"Magnolia Warbler","6_MB","CAN",360000
"Magnolia Warbler","12_MN","USA",340000
"Magnolia Warbler","6_AB","CAN",280000
"Magnolia Warbler","7_NT","CAN",260000
"Magnolia Warbler","5_BC","CAN",180000
"Magnolia Warbler","14_NY","USA",140000
"Magnolia Warbler","12_MI","USA",100000
"Magnolia Warbler","28_PA","USA",95000
"Magnolia Warbler","7_SK","CAN",75000
"Magnolia Warbler","14_PE","CAN",64000
"Magnolia Warbler","14_NH","USA",56000
"Magnolia Warbler","13_QC","CAN",46000
"Magnolia Warbler","12_WI","USA",45000
"Magnolia Warbler","28_NY","USA",35000
"Magnolia Warbler","14_VT","USA",34000
"Magnolia Warbler","13_ON","CAN",33000
"Magnolia Warbler","7_NL","CAN",31000
"Magnolia Warbler","28_WV","USA",29000
"Magnolia Warbler","12_MB","CAN",23000
"Magnolia Warbler","6_BC","CAN",21000
"Magnolia Warbler","13_NY","USA",14000
"Magnolia Warbler","14_MA","USA",9600
"Magnolia Warbler","11_MB","CAN",4500
"Magnolia Warbler","8_AB","CAN",2900
"Magnolia Warbler","28_MD","USA",2900
"Magnolia Warbler","30_CT","USA",1800
"Magnolia Warbler","13_PA","USA",1600
"Magnolia Warbler","23_WI","USA",1200
"Magnolia Warbler","10_AB","CAN",780
"Magnolia Warbler","9_BC","CAN",460
"Magnolia Warbler","11_AB","CAN",410
"Magnolia Warbler","28_MA","USA",410
"Magnolia Warbler","28_CT","USA",260
"Magnolia Warbler","23_MI","USA",220
"Magnolia Warbler","13_VT","USA",140
"Magnolia Warbler","30_MA","USA",81
"Bay-breasted Warbler","8_QC","CAN",4100000
"Bay-breasted Warbler","8_ON","CAN",1700000
"Bay-breasted Warbler","12_QC","CAN",710000
"Bay-breasted Warbler","14_QC","CAN",600000
"Bay-breasted Warbler","6_SK","CAN",560000
"Bay-breasted Warbler","6_NT","CAN",510000
"Bay-breasted Warbler","7_ON","CAN",380000
"Bay-breasted Warbler","14_NB","CAN",300000
"Bay-breasted Warbler","8_SK","CAN",270000
"Bay-breasted Warbler","12_ON","CAN",250000
"Bay-breasted Warbler","6_AB","CAN",220000
"Bay-breasted Warbler","8_MB","CAN",99000
"Bay-breasted Warbler","6_MB","CAN",86000
"Bay-breasted Warbler","14_ME","USA",65000
"Bay-breasted Warbler","14_NS","CAN",44000
"Bay-breasted Warbler","12_MN","USA",18000
"Bay-breasted Warbler","12_MI","USA",9600
"Bay-breasted Warbler","13_QC","CAN",8400
"Bay-breasted Warbler","8_NL","CAN",7100
"Bay-breasted Warbler","14_NH","USA",6900
"Bay-breasted Warbler","7_AB","CAN",2800
"Bay-breasted Warbler","14_NY","USA",2700
"Bay-breasted Warbler","12_MB","CAN",1900
"Bay-breasted Warbler","13_ON","CAN",1500
"Bay-breasted Warbler","14_PE","CAN",1100
"Bay-breasted Warbler","14_VT","USA",320
"Blackburnian Warbler","12_ON","CAN",2300000
"Blackburnian Warbler","8_ON","CAN",1800000
"Blackburnian Warbler","12_QC","CAN",1400000
"Blackburnian Warbler","12_MN","USA",960000
"Blackburnian Warbler","8_QC","CAN",890000
"Blackburnian Warbler","14_NY","USA",600000
"Blackburnian Warbler","14_NB","CAN",540000
"Blackburnian Warbler","8_MB","CAN",500000
"Blackburnian Warbler","14_NS","CAN",480000
"Blackburnian Warbler","14_QC","CAN",460000
"Blackburnian Warbler","12_MI","USA",460000
"Blackburnian Warbler","28_PA","USA",450000
"Blackburnian Warbler","6_MB","CAN",440000
"Blackburnian Warbler","14_ME","USA",340000
"Blackburnian Warbler","12_WI","USA",270000
"Blackburnian Warbler","14_NH","USA",230000
"Blackburnian Warbler","6_SK","CAN",200000
"Blackburnian Warbler","14_VT","USA",190000
"Blackburnian Warbler","28_NY","USA",180000
"Blackburnian Warbler","14_MA","USA",130000
"Blackburnian Warbler","12_MB","CAN",100000
"Blackburnian Warbler","13_QC","CAN",65000
"Blackburnian Warbler","13_NY","USA",58000
"Blackburnian Warbler","28_WV","USA",45000
"Blackburnian Warbler","28_VA","USA",43000
"Blackburnian Warbler","7_ON","CAN",32000
"Blackburnian Warbler","28_NC","USA",32000
"Blackburnian Warbler","14_PE","CAN",25000
"Blackburnian Warbler","13_ON","CAN",16000
"Blackburnian Warbler","30_CT","USA",9500
"Blackburnian Warbler","28_TN","USA",7200
"Blackburnian Warbler","28_MD","USA",5300
"Blackburnian Warbler","13_PA","USA",4400
"Blackburnian Warbler","8_NL","CAN",3900
"Blackburnian Warbler","14_CT","USA",3000
"Blackburnian Warbler","13_VT","USA",2600
"Blackburnian Warbler","30_MA","USA",2600
"Blackburnian Warbler","23_WI","USA",2300
"Blackburnian Warbler","28_GA","USA",1800
"Blackburnian Warbler","28_NJ","USA",1700
"Blackburnian Warbler","23_MI","USA",1500
"Blackburnian Warbler","30_NH","USA",1200
"Blackburnian Warbler","30_VT","USA",16
"Yellow Warbler","2_AK","USA",9000000
"Yellow Warbler","7_NT","CAN",5700000
"Yellow Warbler","6_AB","CAN",5700000
"Yellow Warbler","6_NT","CAN",4300000
"Yellow Warbler","4_AK","USA",3700000
"Yellow Warbler","7_MB","CAN",3100000
"Yellow Warbler","11_SK","CAN",3100000
"Yellow Warbler","8_NL","CAN",2900000
"Yellow Warbler","6_BC","CAN",2700000
"Yellow Warbler","10_BC","CAN",2500000
"Yellow Warbler","7_ON","CAN",2300000
"Yellow Warbler","11_ND","USA",2000000
"Yellow Warbler","10_MT","USA",2000000
"Yellow Warbler","6_SK","CAN",1700000
"Yellow Warbler","4_BC","CAN",1600000
"Yellow Warbler","17_MT","USA",1500000
"Yellow Warbler","5_AK","USA",1500000
"Yellow Warbler","7_NU","CAN",1300000
"Yellow Warbler","5_BC","CAN",1300000
"Yellow Warbler","6_MB","CAN",1200000
"Yellow Warbler","11_AB","CAN",1200000
"Yellow Warbler","9_ID","USA",1100000
"Yellow Warbler","4_YT","CAN",1100000
"Yellow Warbler","10_ID","USA",1000000
"Yellow Warbler","16_CO","USA",1000000
"Yellow Warbler","11_MB","CAN",1000000
"Yellow Warbler","7_QC","CAN",1000000
"Yellow Warbler","7_NL","CAN",1000000
"Yellow Warbler","8_QC","CAN",970000
"Yellow Warbler","13_ON","CAN",900000
"Yellow Warbler","28_PA","USA",890000
"Yellow Warbler","12_ON","CAN",860000
"Yellow Warbler","10_WY","USA",780000
"Yellow Warbler","13_NY","USA",770000
"Yellow Warbler","23_WI","USA",760000
"Yellow Warbler","9_NV","USA",750000
"Yellow Warbler","12_MN","USA",720000
"Yellow Warbler","14_NS","CAN",650000
"Yellow Warbler","8_MB","CAN",610000
"Yellow Warbler","16_UT","USA",590000
"Yellow Warbler","3_AK","USA",580000
"Yellow Warbler","12_QC","CAN",580000
"Yellow Warbler","23_MN","USA",570000
"Yellow Warbler","23_MI","USA",540000
"Yellow Warbler","14_NB","CAN",540000
"Yellow Warbler","19_NE","USA",490000
"Yellow Warbler","8_ON","CAN",460000
"Yellow Warbler","8_SK","CAN",460000
"Yellow Warbler","28_NY","USA",440000
"Yellow Warbler","28_WV","USA",440000
"Yellow Warbler","17_ND","USA",400000
"Yellow Warbler","11_MT","USA",390000
"Yellow Warbler","14_QC","CAN",390000
"Yellow Warbler","9_WA","USA",380000
"Yellow Warbler","9_BC","CAN",380000
"Yellow Warbler","13_QC","CAN",380000
"Yellow Warbler","11_SD","USA",370000
"Yellow Warbler","11_MN","USA",340000
"Yellow Warbler","10_WA","USA",340000
"Yellow Warbler","3_NU","CAN",320000
"Yellow Warbler","1_AK","USA",310000
"Yellow Warbler","17_WY","USA",290000
"Yellow Warbler","12_MI","USA",280000
"Yellow Warbler","9_OR","USA",270000
"Yellow Warbler","13_OH","USA",250000
"Yellow Warbler","4_NT","CAN",220000
"Yellow Warbler","28_OH","USA",220000
"Yellow Warbler","14_ME","USA",220000
"Yellow Warbler","10_OR","USA",210000
"Yellow Warbler","12_WI","USA",190000
"Yellow Warbler","12_MB","CAN",180000
"Yellow Warbler","34_AZ","USA",160000
"Yellow Warbler","17_SD","USA",160000
"Yellow Warbler","5_CA","USA",150000
"Yellow Warbler","15_CA","USA",140000
"Yellow Warbler","10_AB","CAN",140000
"Yellow Warbler","33_AZ","USA",130000
"Yellow Warbler","22_IA","USA",130000
"Yellow Warbler","32_CA","USA",130000
"Yellow Warbler","19_KS","USA",130000
"Yellow Warbler","13_PA","USA",120000
"Yellow Warbler","16_NM","USA",120000
"Yellow Warbler","22_IN","USA",110000
"Yellow Warbler","7_AB","CAN",110000
"Yellow Warbler","14_PE","CAN",100000
"Yellow Warbler","30_CT","USA",100000
"Yellow Warbler","30_MA","USA",99000
"Yellow Warbler","22_IL","USA",98000
"Yellow Warbler","33_NV","USA",97000
"Yellow Warbler","22_OH","USA",93000
"Yellow Warbler","5_WA","USA",84000
"Yellow Warbler","18_CO","USA",84000
"Yellow Warbler","9_UT","USA",80000
"Yellow Warbler","18_NE","USA",78000
"Yellow Warbler","35_NM","USA",75000
"Yellow Warbler","14_VT","USA",74000
"Yellow Warbler","5_OR","USA",72000
"Yellow Warbler","23_IN","USA",68000
"Yellow Warbler","33_CA","USA",68000
"Yellow Warbler","3_YT","CAN",67000
"Yellow Warbler","14_NY","USA",65000
"Yellow Warbler","16_WY","USA",64000
"Yellow Warbler","3_NT","CAN",61000
"Yellow Warbler","9_CA","USA",55000
"Yellow Warbler","14_NH","USA",54000
"Yellow Warbler","28_KY","USA",52000
"Yellow Warbler","13_VT","USA",48000
"Yellow Warbler","22_NE","USA",40000
"Yellow Warbler","5_YT","CAN",37000
"Yellow Warbler","14_MA","USA",35000
"Yellow Warbler","29_PA","USA",35000
"Yellow Warbler","11_NE","USA",33000
"Yellow Warbler","24_IN","USA",33000
"Yellow Warbler","28_VA","USA",32000
"Yellow Warbler","28_NJ","USA",30000
"Yellow Warbler","10_CO","USA",29000
"Yellow Warbler","30_NY","USA",24000
"Yellow Warbler","22_MO","USA",23000
"Yellow Warbler","29_NJ","USA",22000
"Yellow Warbler","30_NH","USA",20000
"Yellow Warbler","24_KY","USA",20000
"Yellow Warbler","22_MN","USA",19000
"Yellow Warbler","28_NC","USA",18000
"Yellow Warbler","22_MI","USA",18000
"Yellow Warbler","34_NM","USA",17000
"Yellow Warbler","29_MD","USA",17000
"Yellow Warbler","28_MD","USA",17000
"Yellow Warbler","10_UT","USA",16000
"Yellow Warbler","30_NJ","USA",15000
"Yellow Warbler","22_KS","USA",15000
"Yellow Warbler","11_IA","USA",14000
"Yellow Warbler","30_RI","USA",14000
"Yellow Warbler","28_CT","USA",12000
"Yellow Warbler","23_IA","USA",12000
"Yellow Warbler","16_AZ","USA",12000
"Yellow Warbler","18_WY","USA",11000
"Yellow Warbler","28_MA","USA",9600
"Yellow Warbler","24_MO","USA",9200
"Yellow Warbler","18_NM","USA",8700
"Yellow Warbler","23_IL","USA",8400
"Yellow Warbler","24_TN","USA",8400
"Yellow Warbler","22_WI","USA",8300
"Yellow Warbler","30_ME","USA",7500
"Yellow Warbler","17_NE","USA",7400
"Yellow Warbler","29_VA","USA",7100
"Yellow Warbler","28_TN","USA",5600
"Yellow Warbler","24_OH","USA",5600
"Yellow Warbler","29_NC","USA",5500
"Yellow Warbler","18_SD","USA",5400
"Yellow Warbler","19_SD","USA",4800
"Yellow Warbler","30_DE","USA",4700
"Yellow Warbler","19_OK","USA",4600
"Yellow Warbler","16_ID","USA",3900
"Yellow Warbler","15_NV","USA",3300
"Yellow Warbler","28_GA","USA",3300
"Yellow Warbler","24_IL","USA",2500
"Yellow Warbler","26_AR","USA",2400
"Yellow Warbler","33_UT","USA",2400
"Yellow Warbler","28_AL","USA",2000
"Yellow Warbler","35_AZ","USA",1900
"Yellow Warbler","24_AR","USA",1800
"Yellow Warbler","21_OK","USA",1800
"Yellow Warbler","29_GA","USA",1800
"Yellow Warbler","30_MD","USA",1500
"Yellow Warbler","9_WY","USA",1200
"Yellow Warbler","14_CT","USA",1100
"Yellow Warbler","27_MS","USA",1100
"Yellow Warbler","31_FL","USA",1100
"Yellow Warbler","18_OK","USA",1000
"Yellow Warbler","27_GA","USA",960
"Yellow Warbler","27_TN","USA",950
"Yellow Warbler","29_NY","USA",940
"Yellow Warbler","3_MB","CAN",710
"Yellow Warbler","22_OK","USA",650
"Yellow Warbler","29_DE","USA",640
"Yellow Warbler","25_AR","USA",610
"Yellow Warbler","23_OH","USA",570
"Yellow Warbler","24_OK","USA",560
"Yellow Warbler","26_MO","USA",480
"Yellow Warbler","30_PA","USA",470
"Yellow Warbler","18_KS","USA",420
"Yellow Warbler","27_VA","USA",420
"Yellow Warbler","26_MS","USA",410
"Yellow Warbler","27_NC","USA",390
"Yellow Warbler","27_KY","USA",350
"Yellow Warbler","30_VT","USA",260
"Yellow Warbler","29_AL","USA",220
"Yellow Warbler","26_KY","USA",190
"Yellow Warbler","24_AL","USA",180
"Yellow Warbler","26_IL","USA",110
"Yellow Warbler","16_NV","USA",34
"Yellow Warbler","21_KS","USA",13
"Yellow Warbler","24_KS","USA",8
"Chestnut-sided Warbler","12_ON","CAN",3600000
"Chestnut-sided Warbler","12_QC","CAN",2800000
"Chestnut-sided Warbler","8_QC","CAN",1800000
"Chestnut-sided Warbler","8_ON","CAN",1500000
"Chestnut-sided Warbler","12_MN","USA",1400000
"Chestnut-sided Warbler","12_WI","USA",850000
"Chestnut-sided Warbler","14_NB","CAN",780000
"Chestnut-sided Warbler","8_MB","CAN",650000
"Chestnut-sided Warbler","28_PA","USA",480000
"Chestnut-sided Warbler","14_ME","USA",450000
"Chestnut-sided Warbler","14_QC","CAN",330000
"Chestnut-sided Warbler","12_MI","USA",330000
"Chestnut-sided Warbler","28_NY","USA",310000
"Chestnut-sided Warbler","6_MB","CAN",290000
"Chestnut-sided Warbler","7_ON","CAN",290000
"Chestnut-sided Warbler","14_NS","CAN",290000
"Chestnut-sided Warbler","14_NY","USA",280000
"Chestnut-sided Warbler","14_VT","USA",220000
"Chestnut-sided Warbler","14_NH","USA",210000
"Chestnut-sided Warbler","13_NY","USA",200000
"Chestnut-sided Warbler","13_QC","CAN",190000
"Chestnut-sided Warbler","23_WI","USA",160000
"Chestnut-sided Warbler","12_MB","CAN",130000
"Chestnut-sided Warbler","13_ON","CAN",120000
"Chestnut-sided Warbler","28_WV","USA",96000
"Chestnut-sided Warbler","6_SK","CAN",90000
"Chestnut-sided Warbler","28_NC","USA",71000
"Chestnut-sided Warbler","14_MA","USA",60000
"Chestnut-sided Warbler","30_CT","USA",38000
"Chestnut-sided Warbler","13_PA","USA",30000
"Chestnut-sided Warbler","30_MA","USA",23000
"Chestnut-sided Warbler","28_MD","USA",22000
"Chestnut-sided Warbler","11_MB","CAN",22000
"Chestnut-sided Warbler","23_MN","USA",19000
"Chestnut-sided Warbler","23_MI","USA",19000
"Chestnut-sided Warbler","13_VT","USA",18000
"Chestnut-sided Warbler","30_NH","USA",17000
"Chestnut-sided Warbler","11_MN","USA",16000
"Chestnut-sided Warbler","14_PE","CAN",15000
"Chestnut-sided Warbler","28_TN","USA",10000
"Chestnut-sided Warbler","6_AB","CAN",8300
"Chestnut-sided Warbler","30_RI","USA",5700
"Chestnut-sided Warbler","28_CT","USA",3900
"Chestnut-sided Warbler","28_NJ","USA",3300
"Chestnut-sided Warbler","24_AR","USA",3300
"Chestnut-sided Warbler","14_CT","USA",3200
"Chestnut-sided Warbler","28_VA","USA",3100
"Chestnut-sided Warbler","28_MA","USA",3000
"Chestnut-sided Warbler","17_WY","USA",1900
"Chestnut-sided Warbler","29_NJ","USA",1300
"Chestnut-sided Warbler","28_KY","USA",1200
"Chestnut-sided Warbler","24_IN","USA",1100
"Chestnut-sided Warbler","13_OH","USA",1100
"Chestnut-sided Warbler","30_NJ","USA",1100
"Chestnut-sided Warbler","30_ME","USA",1000
"Chestnut-sided Warbler","28_OH","USA",890
"Chestnut-sided Warbler","28_AL","USA",810
"Chestnut-sided Warbler","30_NY","USA",390
"Chestnut-sided Warbler","22_IN","USA",380
"Chestnut-sided Warbler","23_IN","USA",360
"Chestnut-sided Warbler","22_OH","USA",280
"Chestnut-sided Warbler","28_GA","USA",250
"Chestnut-sided Warbler","30_VT","USA",220
"Chestnut-sided Warbler","22_IL","USA",160
"Chestnut-sided Warbler","29_NY","USA",83
"Blackpoll Warbler","4_AK","USA",11000000
"Blackpoll Warbler","7_QC","CAN",6700000
"Blackpoll Warbler","7_MB","CAN",5800000
"Blackpoll Warbler","8_NL","CAN",5400000
"Blackpoll Warbler","8_MB","CAN",4700000
"Blackpoll Warbler","4_YT","CAN",4200000
"Blackpoll Warbler","7_NL","CAN",3100000
"Blackpoll Warbler","7_NT","CAN",3000000
"Blackpoll Warbler","7_ON","CAN",2800000
"Blackpoll Warbler","8_SK","CAN",2600000
"Blackpoll Warbler","6_NT","CAN",2400000
"Blackpoll Warbler","2_AK","USA",2200000
"Blackpoll Warbler","4_BC","CAN",990000
"Blackpoll Warbler","10_BC","CAN",930000
"Blackpoll Warbler","4_NT","CAN",850000
"Blackpoll Warbler","8_QC","CAN",620000
"Blackpoll Warbler","7_SK","CAN",430000
"Blackpoll Warbler","3_AK","USA",430000
"Blackpoll Warbler","5_AK","USA",280000
"Blackpoll Warbler","12_QC","CAN",260000
"Blackpoll Warbler","3_NU","CAN",140000
"Blackpoll Warbler","14_QC","CAN",130000
"Blackpoll Warbler","3_YT","CAN",80000
"Blackpoll Warbler","6_SK","CAN",74000
"Blackpoll Warbler","6_AB","CAN",70000
"Blackpoll Warbler","6_BC","CAN",57000
"Blackpoll Warbler","8_ON","CAN",52000
"Blackpoll Warbler","3_QC","CAN",43000
"Blackpoll Warbler","3_NT","CAN",28000
"Blackpoll Warbler","14_NB","CAN",21000
"Blackpoll Warbler","14_NS","CAN",13000
"Blackpoll Warbler","6_MB","CAN",3000
"Blackpoll Warbler","14_NY","USA",2000
"Blackpoll Warbler","14_NH","USA",1900
"Blackpoll Warbler","14_MA","USA",1800
"Blackpoll Warbler","7_AB","CAN",1400
"Blackpoll Warbler","11_AB","CAN",1200
"Blackpoll Warbler","14_PE","CAN",1200
"Blackpoll Warbler","14_VT","USA",1000
"Blackpoll Warbler","11_MB","CAN",940
"Blackpoll Warbler","13_QC","CAN",640
"Blackpoll Warbler","14_ME","USA",360
"Blackpoll Warbler","3_MB","CAN",320
"Black-throated Blue Warbler","12_QC","CAN",650000
"Black-throated Blue Warbler","12_ON","CAN",320000
"Black-throated Blue Warbler","8_QC","CAN",200000
"Black-throated Blue Warbler","14_ME","USA",190000
"Black-throated Blue Warbler","14_NB","CAN",180000
"Black-throated Blue Warbler","14_QC","CAN",160000
"Black-throated Blue Warbler","14_NY","USA",150000
"Black-throated Blue Warbler","28_NC","USA",79000
"Black-throated Blue Warbler","28_PA","USA",78000
"Black-throated Blue Warbler","14_NH","USA",73000
"Black-throated Blue Warbler","14_VT","USA",66000
"Black-throated Blue Warbler","12_MI","USA",41000
"Black-throated Blue Warbler","8_ON","CAN",33000
"Black-throated Blue Warbler","14_NS","CAN",32000
"Black-throated Blue Warbler","13_QC","CAN",30000
"Black-throated Blue Warbler","28_WV","USA",28000
"Black-throated Blue Warbler","14_MA","USA",25000
"Black-throated Blue Warbler","28_TN","USA",12000
"Black-throated Blue Warbler","28_NY","USA",11000
"Black-throated Blue Warbler","28_GA","USA",11000
"Black-throated Blue Warbler","12_WI","USA",7500
"Black-throated Blue Warbler","13_NY","USA",7100
"Black-throated Blue Warbler","12_MN","USA",6500
"Black-throated Blue Warbler","30_CT","USA",5700
"Black-throated Blue Warbler","28_MD","USA",4500
"Black-throated Blue Warbler","28_VA","USA",3300
"Black-throated Blue Warbler","13_VT","USA",3100
"Black-throated Blue Warbler","13_ON","CAN",2600
"Black-throated Blue Warbler","14_CT","USA",1600
"Black-throated Blue Warbler","30_NH","USA",690
"Black-throated Blue Warbler","30_MA","USA",680
"Black-throated Blue Warbler","14_PE","CAN",240
"Black-throated Blue Warbler","29_VA","USA",210
"Black-throated Blue Warbler","28_CT","USA",180
"Black-throated Blue Warbler","28_MA","USA",140
"Black-throated Blue Warbler","28_NJ","USA",130
"Black-throated Blue Warbler","13_PA","USA",110
"Black-throated Blue Warbler","30_VT","USA",18
"Palm Warbler","7_ON","CAN",4300000
"Palm Warbler","6_NT","CAN",3600000
"Palm Warbler","7_QC","CAN",1100000
"Palm Warbler","8_MB","CAN",820000
"Palm Warbler","7_NT","CAN",780000
"Palm Warbler","8_ON","CAN",670000
"Palm Warbler","8_SK","CAN",610000
"Palm Warbler","8_QC","CAN",230000
"Palm Warbler","7_MB","CAN",190000
"Palm Warbler","8_NL","CAN",180000
"Palm Warbler","6_SK","CAN",130000
"Palm Warbler","7_SK","CAN",110000
"Palm Warbler","14_NS","CAN",82000
"Palm Warbler","6_AB","CAN",68000
"Palm Warbler","14_NB","CAN",61000
"Palm Warbler","6_MB","CAN",51000
"Palm Warbler","12_MN","USA",43000
"Palm Warbler","12_ON","CAN",39000
"Palm Warbler","7_NL","CAN",28000
"Palm Warbler","14_QC","CAN",13000
"Palm Warbler","14_ME","USA",12000
"Palm Warbler","12_QC","CAN",3700
"Palm Warbler","12_MB","CAN",3200
"Palm Warbler","12_MI","USA",2500
"Palm Warbler","12_WI","USA",2300
"Palm Warbler","13_QC","CAN",780
"Palm Warbler","8_AB","CAN",710
"Palm Warbler","14_PE","CAN",660
"Palm Warbler","14_NY","USA",180
"Palm Warbler","13_NY","USA",130
"Pine Warbler","25_TX","USA",1100000
"Pine Warbler","27_GA","USA",1000000
"Pine Warbler","25_AR","USA",900000
"Pine Warbler","27_MS","USA",890000
"Pine Warbler","27_AL","USA",740000
"Pine Warbler","27_SC","USA",740000
"Pine Warbler","27_FL","USA",650000
"Pine Warbler","25_LA","USA",650000
"Pine Warbler","27_NC","USA",610000
"Pine Warbler","29_SC","USA",500000
"Pine Warbler","29_GA","USA",480000
"Pine Warbler","25_OK","USA",410000
"Pine Warbler","12_ON","CAN",320000
"Pine Warbler","29_NC","USA",300000
"Pine Warbler","28_AL","USA",290000
"Pine Warbler","12_MI","USA",280000
"Pine Warbler","12_WI","USA",250000
"Pine Warbler","24_MO","USA",200000
"Pine Warbler","31_FL","USA",190000
"Pine Warbler","29_VA","USA",170000
"Pine Warbler","27_VA","USA",160000
"Pine Warbler","12_MN","USA",160000
"Pine Warbler","14_ME","USA",150000
"Pine Warbler","30_NJ","USA",130000
"Pine Warbler","24_AR","USA",100000
"Pine Warbler","12_QC","CAN",100000
"Pine Warbler","30_MA","USA",97000
"Pine Warbler","29_AL","USA",96000
"Pine Warbler","26_LA","USA",88000
"Pine Warbler","30_MD","USA",87000
"Pine Warbler","27_LA","USA",82000
"Pine Warbler","14_NH","USA",67000
"Pine Warbler","28_KY","USA",66000
"Pine Warbler","8_ON","CAN",65000
"Pine Warbler","28_TN","USA",63000
"Pine Warbler","23_WI","USA",60000
"Pine Warbler","21_TX","USA",55000
"Pine Warbler","14_NB","CAN",48000
"Pine Warbler","13_ON","CAN",48000
"Pine Warbler","28_GA","USA",46000
"Pine Warbler","14_NY","USA",44000
"Pine Warbler","27_TN","USA",43000
"Pine Warbler","28_VA","USA",42000
"Pine Warbler","37_LA","USA",40000
"Pine Warbler","30_NH","USA",39000
"Pine Warbler","13_NY","USA",30000
"Pine Warbler","24_KY","USA",28000
"Pine Warbler","30_CT","USA",27000
"Pine Warbler","13_QC","CAN",26000
"Pine Warbler","30_VA","USA",25000
"Pine Warbler","24_AL","USA",25000
"Pine Warbler","28_PA","USA",23000
"Pine Warbler","23_MI","USA",22000
"Pine Warbler","24_TN","USA",19000
"Pine Warbler","30_DE","USA",16000
"Pine Warbler","37_TX","USA",15000
"Pine Warbler","14_VT","USA",12000
"Pine Warbler","14_MA","USA",12000
"Pine Warbler","30_NY","USA",12000
"Pine Warbler","28_WV","USA",11000
"Pine Warbler","23_MN","USA",11000
"Pine Warbler","28_SC","USA",11000
"Pine Warbler","30_ME","USA",8600
"Pine Warbler","28_MD","USA",8000
"Pine Warbler","24_OK","USA",7500
"Pine Warbler","28_NC","USA",6500
"Pine Warbler","24_IL","USA",5900
"Pine Warbler","12_MB","CAN",5900
"Pine Warbler","30_RI","USA",5100
"Pine Warbler","14_QC","CAN",4800
"Pine Warbler","24_IN","USA",4400
"Pine Warbler","28_NY","USA",3600
"Pine Warbler","28_OH","USA",3300
"Pine Warbler","26_AR","USA",2900
"Pine Warbler","26_MS","USA",1700
"Pine Warbler","29_MD","USA",1200
"Pine Warbler","22_MO","USA",1200
"Pine Warbler","14_CT","USA",1100
"Pine Warbler","8_MB","CAN",1000
"Pine Warbler","13_PA","USA",970
"Pine Warbler","28_NJ","USA",910
"Pine Warbler","28_MA","USA",660
"Pine Warbler","14_NS","CAN",620
"Pine Warbler","30_VT","USA",500
"Pine Warbler","13_VT","USA",460
"Pine Warbler","28_CT","USA",420
"Pine Warbler","37_MS","USA",290
"Pine Warbler","26_TN","USA",210
"Pine Warbler","29_PA","USA",190
"Pine Warbler","27_KY","USA",190
"Pine Warbler","29_NJ","USA",150
"Yellow-rumped Warbler","4_AK","USA",23000000
"Yellow-rumped Warbler","7_QC","CAN",16000000
"Yellow-rumped Warbler","4_YT","CAN",15000000
"Yellow-rumped Warbler","6_NT","CAN",13000000
"Yellow-rumped Warbler","7_NT","CAN",9600000
"Yellow-rumped Warbler","4_BC","CAN",8200000
"Yellow-rumped Warbler","10_BC","CAN",8000000
"Yellow-rumped Warbler","7_NL","CAN",7500000
"Yellow-rumped Warbler","8_ON","CAN",5400000
"Yellow-rumped Warbler","8_QC","CAN",5300000
"Yellow-rumped Warbler","7_MB","CAN",5200000
"Yellow-rumped Warbler","6_AB","CAN",5000000
"Yellow-rumped Warbler","7_ON","CAN",3400000
"Yellow-rumped Warbler","4_NT","CAN",3000000
"Yellow-rumped Warbler","8_NL","CAN",2800000
"Yellow-rumped Warbler","8_SK","CAN",2600000
"Yellow-rumped Warbler","2_AK","USA",2500000
"Yellow-rumped Warbler","8_MB","CAN",2500000
"Yellow-rumped Warbler","3_AK","USA",2200000
"Yellow-rumped Warbler","10_ID","USA",2000000
"Yellow-rumped Warbler","12_ON","CAN",1800000
"Yellow-rumped Warbler","12_QC","CAN",1800000
"Yellow-rumped Warbler","10_MT","USA",1700000
"Yellow-rumped Warbler","5_BC","CAN",1600000
"Yellow-rumped Warbler","6_SK","CAN",1600000
"Yellow-rumped Warbler","6_BC","CAN",1500000
"Yellow-rumped Warbler","16_CO","USA",1500000
"Yellow-rumped Warbler","10_AB","CAN",1400000
"Yellow-rumped Warbler","9_OR","USA",1300000
"Yellow-rumped Warbler","5_AK","USA",1200000
"Yellow-rumped Warbler","15_CA","USA",1100000
"Yellow-rumped Warbler","10_OR","USA",1100000
"Yellow-rumped Warbler","16_AZ","USA",1000000
"Yellow-rumped Warbler","9_BC","CAN",1000000
"Yellow-rumped Warbler","3_NU","CAN",690000
"Yellow-rumped Warbler","34_AZ","USA",640000
"Yellow-rumped Warbler","9_WA","USA",610000
"Yellow-rumped Warbler","16_NM","USA",610000
"Yellow-rumped Warbler","10_WY","USA",550000
"Yellow-rumped Warbler","17_SD","USA",530000
"Yellow-rumped Warbler","14_NS","CAN",510000
"Yellow-rumped Warbler","9_CA","USA",490000
"Yellow-rumped Warbler","7_NU","CAN",450000
"Yellow-rumped Warbler","12_MI","USA",450000
"Yellow-rumped Warbler","14_NB","CAN",440000
"Yellow-rumped Warbler","16_UT","USA",430000
"Yellow-rumped Warbler","6_MB","CAN",430000
"Yellow-rumped Warbler","14_QC","CAN",400000
"Yellow-rumped Warbler","3_YT","CAN",370000
"Yellow-rumped Warbler","5_CA","USA",370000
"Yellow-rumped Warbler","10_WA","USA",350000
"Yellow-rumped Warbler","14_ME","USA",350000
"Yellow-rumped Warbler","12_MN","USA",350000
"Yellow-rumped Warbler","14_NY","USA",310000
"Yellow-rumped Warbler","12_WI","USA",300000
"Yellow-rumped Warbler","9_ID","USA",260000
"Yellow-rumped Warbler","5_OR","USA",240000
"Yellow-rumped Warbler","32_CA","USA",220000
"Yellow-rumped Warbler","35_NM","USA",220000
"Yellow-rumped Warbler","3_QC","CAN",180000
"Yellow-rumped Warbler","16_WY","USA",170000
"Yellow-rumped Warbler","3_NT","CAN",140000
"Yellow-rumped Warbler","5_WA","USA",130000
"Yellow-rumped Warbler","14_NH","USA",110000
"Yellow-rumped Warbler","9_NV","USA",87000
"Yellow-rumped Warbler","17_WY","USA",83000
"Yellow-rumped Warbler","14_PE","CAN",81000
"Yellow-rumped Warbler","12_MB","CAN",63000
"Yellow-rumped Warbler","14_VT","USA",63000
"Yellow-rumped Warbler","8_AB","CAN",53000
"Yellow-rumped Warbler","13_NY","USA",49000
"Yellow-rumped Warbler","13_ON","CAN",46000
"Yellow-rumped Warbler","28_NY","USA",45000
"Yellow-rumped Warbler","5_YT","CAN",31000
"Yellow-rumped Warbler","14_MA","USA",27000
"Yellow-rumped Warbler","28_PA","USA",26000
"Yellow-rumped Warbler","13_QC","CAN",25000
"Yellow-rumped Warbler","11_AB","CAN",25000
"Yellow-rumped Warbler","34_NM","USA",23000
"Yellow-rumped Warbler","15_NV","USA",23000
"Yellow-rumped Warbler","17_MT","USA",16000
"Yellow-rumped Warbler","23_WI","USA",6300
"Yellow-rumped Warbler","35_TX","USA",4400
"Yellow-rumped Warbler","35_AZ","USA",4100
"Yellow-rumped Warbler","18_NE","USA",3500
"Yellow-rumped Warbler","11_ND","USA",3400
"Yellow-rumped Warbler","16_ID","USA",2900
"Yellow-rumped Warbler","23_MN","USA",2800
"Yellow-rumped Warbler","30_MA","USA",2700
"Yellow-rumped Warbler","18_CO","USA",2600
"Yellow-rumped Warbler","11_MB","CAN",2600
"Yellow-rumped Warbler","25_OK","USA",2000
"Yellow-rumped Warbler","30_CT","USA",2000
"Yellow-rumped Warbler","30_NH","USA",1900
"Yellow-rumped Warbler","9_UT","USA",1400
"Yellow-rumped Warbler","11_SK","CAN",1300
"Yellow-rumped Warbler","10_CO","USA",940
"Yellow-rumped Warbler","18_NM","USA",860
"Yellow-rumped Warbler","17_ND","USA",700
"Yellow-rumped Warbler","9_WY","USA",570
"Yellow-rumped Warbler","23_MI","USA",470
"Yellow-rumped Warbler","28_WV","USA",350
"Yellow-rumped Warbler","28_MD","USA",140
"Yellow-rumped Warbler","30_ME","USA",120
"Yellow-rumped Warbler","14_CT","USA",110
"Yellow-rumped Warbler","13_VT","USA",98
"Yellow-rumped Warbler","30_VT","USA",49
"Yellow-throated Warbler","28_WV","USA",220000
"Yellow-throated Warbler","28_TN","USA",200000
"Yellow-throated Warbler","28_KY","USA",190000
"Yellow-throated Warbler","27_NC","USA",130000
"Yellow-throated Warbler","24_TN","USA",130000
"Yellow-throated Warbler","27_GA","USA",110000
"Yellow-throated Warbler","24_MO","USA",100000
"Yellow-throated Warbler","27_SC","USA",99000
"Yellow-throated Warbler","25_AR","USA",80000
"Yellow-throated Warbler","28_AL","USA",64000
"Yellow-throated Warbler","27_FL","USA",63000
"Yellow-throated Warbler","24_IN","USA",49000
"Yellow-throated Warbler","29_NC","USA",49000
"Yellow-throated Warbler","24_KY","USA",47000
"Yellow-throated Warbler","25_OK","USA",39000
"Yellow-throated Warbler","25_TX","USA",37000
"Yellow-throated Warbler","28_NC","USA",36000
"Yellow-throated Warbler","27_VA","USA",34000
"Yellow-throated Warbler","28_OH","USA",34000
"Yellow-throated Warbler","27_AL","USA",30000
"Yellow-throated Warbler","28_GA","USA",28000
"Yellow-throated Warbler","20_TX","USA",28000
"Yellow-throated Warbler","27_MS","USA",27000
"Yellow-throated Warbler","24_AR","USA",26000
"Yellow-throated Warbler","27_TN","USA",22000
"Yellow-throated Warbler","26_LA","USA",19000
"Yellow-throated Warbler","29_VA","USA",17000
"Yellow-throated Warbler","28_VA","USA",15000
"Yellow-throated Warbler","31_FL","USA",14000
"Yellow-throated Warbler","29_SC","USA",12000
"Yellow-throated Warbler","22_MO","USA",8400
"Yellow-throated Warbler","25_LA","USA",8300
"Yellow-throated Warbler","22_IN","USA",6800
"Yellow-throated Warbler","30_MD","USA",5600
"Yellow-throated Warbler","24_IL","USA",5500
"Yellow-throated Warbler","28_PA","USA",5300
"Yellow-throated Warbler","24_OH","USA",4600
"Yellow-throated Warbler","24_OK","USA",4100
"Yellow-throated Warbler","29_GA","USA",4100
"Yellow-throated Warbler","21_TX","USA",4000
"Yellow-throated Warbler","22_OH","USA",3500
"Yellow-throated Warbler","22_IL","USA",3200
"Yellow-throated Warbler","24_AL","USA",2600
"Yellow-throated Warbler","26_AR","USA",2000
"Yellow-throated Warbler","27_LA","USA",2000
"Yellow-throated Warbler","21_OK","USA",1400
"Yellow-throated Warbler","26_KY","USA",1100
"Yellow-throated Warbler","27_KY","USA",790
"Yellow-throated Warbler","26_MO","USA",730
"Yellow-throated Warbler","26_IL","USA",680
"Yellow-throated Warbler","30_DE","USA",630
"Yellow-throated Warbler","23_IN","USA",600
"Yellow-throated Warbler","22_KS","USA",420
"Yellow-throated Warbler","13_OH","USA",380
"Yellow-throated Warbler","29_MD","USA",260
"Yellow-throated Warbler","37_TX","USA",230
"Yellow-throated Warbler","29_AL","USA",220
"Yellow-throated Warbler","26_TN","USA",210
"Yellow-throated Warbler","30_VA","USA",180
"Yellow-throated Warbler","30_NJ","USA",120
"Yellow-throated Warbler","28_MD","USA",63
"Yellow-throated Warbler","28_NJ","USA",59
"Yellow-throated Warbler","24_KS","USA",58
"Prairie Warbler","27_NC","USA",320000
"Prairie Warbler","27_AL","USA",280000
"Prairie Warbler","25_AR","USA",220000
"Prairie Warbler","27_MS","USA",210000
"Prairie Warbler","24_KY","USA",190000
"Prairie Warbler","29_VA","USA",160000
"Prairie Warbler","28_AL","USA",160000
"Prairie Warbler","28_KY","USA",140000
"Prairie Warbler","24_TN","USA",140000
"Prairie Warbler","27_VA","USA",130000
"Prairie Warbler","29_NC","USA",130000
"Prairie Warbler","29_SC","USA",120000
"Prairie Warbler","29_GA","USA",120000
"Prairie Warbler","25_OK","USA",110000
"Prairie Warbler","25_LA","USA",110000
"Prairie Warbler","31_FL","USA",79000
"Prairie Warbler","24_MO","USA",77000
"Prairie Warbler","27_GA","USA",71000
"Prairie Warbler","27_TN","USA",67000
"Prairie Warbler","27_SC","USA",65000
"Prairie Warbler","29_AL","USA",62000
"Prairie Warbler","24_IN","USA",58000
"Prairie Warbler","25_TX","USA",50000
"Prairie Warbler","28_OH","USA",42000
"Prairie Warbler","24_OH","USA",39000
"Prairie Warbler","28_TN","USA",36000
"Prairie Warbler","30_NJ","USA",35000
"Prairie Warbler","28_WV","USA",31000
"Prairie Warbler","24_AR","USA",31000
"Prairie Warbler","28_VA","USA",30000
"Prairie Warbler","28_NY","USA",27000
"Prairie Warbler","30_MD","USA",27000
"Prairie Warbler","28_PA","USA",24000
"Prairie Warbler","28_GA","USA",19000
"Prairie Warbler","30_MA","USA",15000
"Prairie Warbler","13_NY","USA",14000
"Prairie Warbler","24_IL","USA",13000
"Prairie Warbler","30_VA","USA",11000
"Prairie Warbler","24_AL","USA",11000
"Prairie Warbler","14_ME","USA",9100
"Prairie Warbler","37_LA","USA",8100
"Prairie Warbler","26_LA","USA",8000
"Prairie Warbler","27_LA","USA",6500
"Prairie Warbler","29_NJ","USA",5700
"Prairie Warbler","22_OH","USA",5300
"Prairie Warbler","22_MO","USA",5100
"Prairie Warbler","14_NH","USA",4900
"Prairie Warbler","28_NJ","USA",4100
"Prairie Warbler","30_CT","USA",3900
"Prairie Warbler","27_FL","USA",3700
"Prairie Warbler","29_MD","USA",3300
"Prairie Warbler","30_DE","USA",3200
"Prairie Warbler","28_MD","USA",3200
"Prairie Warbler","28_NC","USA",2400
"Prairie Warbler","28_SC","USA",2400
"Prairie Warbler","22_IN","USA",2200
"Prairie Warbler","30_RI","USA",1900
"Prairie Warbler","30_NH","USA",1700
"Prairie Warbler","30_PA","USA",1100
"Prairie Warbler","12_MI","USA",1000
"Prairie Warbler","14_CT","USA",550
"Prairie Warbler","14_VT","USA",450
"Prairie Warbler","14_NY","USA",450
"Prairie Warbler","13_OH","USA",400
"Prairie Warbler","22_IL","USA",360
"Prairie Warbler","14_MA","USA",350
"Prairie Warbler","29_PA","USA",330
"Prairie Warbler","28_CT","USA",270
"Prairie Warbler","29_NY","USA",240
"Prairie Warbler","28_MA","USA",210
"Prairie Warbler","26_TN","USA",72
"Prairie Warbler","30_VT","USA",40
"Prairie Warbler","29_DE","USA",9
"Grace's Warbler","34_AZ","USA",470000
"Grace's Warbler","16_AZ","USA",450000
"Grace's Warbler","16_NM","USA",360000
"Grace's Warbler","35_NM","USA",82000
"Grace's Warbler","34_NM","USA",69000
"Grace's Warbler","16_CO","USA",61000
"Grace's Warbler","16_UT","USA",22000
"Grace's Warbler","16_NV","USA",1300
"Grace's Warbler","35_AZ","USA",1300
"Black-throated Gray Warbler","5_CA","USA",490000
"Black-throated Gray Warbler","5_BC","CAN",430000
"Black-throated Gray Warbler","5_OR","USA",300000
"Black-throated Gray Warbler","5_WA","USA",270000
"Black-throated Gray Warbler","15_CA","USA",240000
"Black-throated Gray Warbler","32_CA","USA",240000
"Black-throated Gray Warbler","34_AZ","USA",230000
"Black-throated Gray Warbler","16_NM","USA",170000
"Black-throated Gray Warbler","16_UT","USA",150000
"Black-throated Gray Warbler","9_WA","USA",150000
"Black-throated Gray Warbler","16_CO","USA",130000
"Black-throated Gray Warbler","9_NV","USA",75000
"Black-throated Gray Warbler","9_BC","CAN",45000
"Black-throated Gray Warbler","9_OR","USA",42000
"Black-throated Gray Warbler","34_NM","USA",40000
"Black-throated Gray Warbler","9_CA","USA",32000
"Black-throated Gray Warbler","16_AZ","USA",26000
"Black-throated Gray Warbler","9_ID","USA",22000
"Black-throated Gray Warbler","35_NM","USA",11000
"Black-throated Gray Warbler","9_UT","USA",9400
"Black-throated Gray Warbler","15_NV","USA",5300
"Black-throated Gray Warbler","10_OR","USA",2600
"Black-throated Gray Warbler","10_WY","USA",1800
"Black-throated Gray Warbler","10_CO","USA",1600
"Black-throated Gray Warbler","16_ID","USA",1000
"Black-throated Gray Warbler","35_AZ","USA",290
"Black-throated Gray Warbler","16_NV","USA",74
"Townsend's Warbler","5_BC","CAN",5200000
"Townsend's Warbler","5_AK","USA",4900000
"Townsend's Warbler","10_ID","USA",2300000
"Townsend's Warbler","10_BC","CAN",2000000
"Townsend's Warbler","4_BC","CAN",1200000
"Townsend's Warbler","10_MT","USA",1200000
"Townsend's Warbler","4_AK","USA",1100000
"Townsend's Warbler","9_WA","USA",970000
"Townsend's Warbler","10_OR","USA",590000
"Townsend's Warbler","5_WA","USA",410000
"Townsend's Warbler","9_BC","CAN",380000
"Townsend's Warbler","4_YT","CAN",330000
"Townsend's Warbler","10_AB","CAN",250000
"Townsend's Warbler","10_WA","USA",240000
"Townsend's Warbler","3_AK","USA",130000
"Townsend's Warbler","5_OR","USA",55000
"Townsend's Warbler","9_OR","USA",35000
"Townsend's Warbler","5_YT","CAN",30000
"Townsend's Warbler","6_AB","CAN",4200
"Townsend's Warbler","9_ID","USA",1200
"Hermit Warbler","5_OR","USA",1200000
"Hermit Warbler","5_CA","USA",490000
"Hermit Warbler","15_CA","USA",480000
"Hermit Warbler","5_WA","USA",150000
"Hermit Warbler","9_OR","USA",85000
"Hermit Warbler","32_CA","USA",48000
"Hermit Warbler","9_CA","USA",23000
"Hermit Warbler","15_NV","USA",19000
"Hermit Warbler","9_WA","USA",890
"Hermit Warbler","10_OR","USA",250
"Golden-cheeked Warbler","20_TX","USA",110000
"Black-throated Green Warbler","8_NL","CAN",1000000
"Black-throated Green Warbler","8_ON","CAN",980000
"Black-throated Green Warbler","8_QC","CAN",950000
"Black-throated Green Warbler","12_ON","CAN",670000
"Black-throated Green Warbler","12_QC","CAN",580000
"Black-throated Green Warbler","14_NB","CAN",500000
"Black-throated Green Warbler","14_ME","USA",450000
"Black-throated Green Warbler","14_NS","CAN",440000
"Black-throated Green Warbler","12_MI","USA",420000
"Black-throated Green Warbler","28_PA","USA",340000
"Black-throated Green Warbler","12_WI","USA",300000
"Black-throated Green Warbler","14_QC","CAN",300000
"Black-throated Green Warbler","12_MN","USA",270000
"Black-throated Green Warbler","14_NY","USA",250000
"Black-throated Green Warbler","6_MB","CAN",180000
"Black-throated Green Warbler","8_MB","CAN",170000
"Black-throated Green Warbler","13_ON","CAN",120000
"Black-throated Green Warbler","7_ON","CAN",120000
"Black-throated Green Warbler","8_SK","CAN",110000
"Black-throated Green Warbler","14_NH","USA",110000
"Black-throated Green Warbler","28_NC","USA",97000
"Black-throated Green Warbler","28_WV","USA",92000
"Black-throated Green Warbler","14_VT","USA",92000
"Black-throated Green Warbler","28_TN","USA",90000
"Black-throated Green Warbler","28_NY","USA",72000
"Black-throated Green Warbler","13_QC","CAN",51000
"Black-throated Green Warbler","28_AL","USA",49000
"Black-throated Green Warbler","28_KY","USA",41000
"Black-throated Green Warbler","14_MA","USA",39000
"Black-throated Green Warbler","14_PE","CAN",39000
"Black-throated Green Warbler","6_SK","CAN",25000
"Black-throated Green Warbler","28_VA","USA",25000
"Black-throated Green Warbler","6_AB","CAN",22000
"Black-throated Green Warbler","28_GA","USA",19000
"Black-throated Green Warbler","12_MB","CAN",16000
"Black-throated Green Warbler","13_VT","USA",13000
"Black-throated Green Warbler","13_NY","USA",13000
"Black-throated Green Warbler","28_MD","USA",11000
"Black-throated Green Warbler","28_SC","USA",11000
"Black-throated Green Warbler","30_CT","USA",10000
"Black-throated Green Warbler","7_NL","CAN",8400
"Black-throated Green Warbler","25_AR","USA",6500
"Black-throated Green Warbler","30_NH","USA",6300
"Black-throated Green Warbler","23_WI","USA",5200
"Black-throated Green Warbler","30_MA","USA",4600
"Black-throated Green Warbler","23_MI","USA",4100
"Black-throated Green Warbler","25_OK","USA",4000
"Black-throated Green Warbler","10_BC","CAN",3700
"Black-throated Green Warbler","6_BC","CAN",3500
"Black-throated Green Warbler","30_ME","USA",2200
"Black-throated Green Warbler","14_CT","USA",2000
"Black-throated Green Warbler","7_QC","CAN",1600
"Black-throated Green Warbler","27_NC","USA",1500
"Black-throated Green Warbler","28_OH","USA",1300
"Black-throated Green Warbler","13_PA","USA",1000
"Black-throated Green Warbler","24_AR","USA",540
"Black-throated Green Warbler","22_OH","USA",540
"Black-throated Green Warbler","30_RI","USA",430
"Black-throated Green Warbler","29_AL","USA",420
"Black-throated Green Warbler","29_VA","USA",400
"Black-throated Green Warbler","27_AL","USA",300
"Black-throated Green Warbler","8_AB","CAN",280
"Black-throated Green Warbler","28_CT","USA",170
"Black-throated Green Warbler","28_MA","USA",130
"Black-throated Green Warbler","28_NJ","USA",120
"Black-throated Green Warbler","29_PA","USA",120
"Black-throated Green Warbler","30_VT","USA",81
"Canada Warbler","8_ON","CAN",550000
"Canada Warbler","12_ON","CAN",230000
"Canada Warbler","8_MB","CAN",230000
"Canada Warbler","8_QC","CAN",220000
"Canada Warbler","12_MN","USA",210000
"Canada Warbler","12_QC","CAN",180000
"Canada Warbler","6_AB","CAN",170000
"Canada Warbler","6_MB","CAN",100000
"Canada Warbler","14_NB","CAN",90000
"Canada Warbler","8_SK","CAN",70000
"Canada Warbler","14_ME","USA",63000
"Canada Warbler","28_NC","USA",53000
"Canada Warbler","14_QC","CAN",52000
"Canada Warbler","12_WI","USA",45000
"Canada Warbler","6_SK","CAN",39000
"Canada Warbler","28_PA","USA",36000
"Canada Warbler","12_MI","USA",35000
"Canada Warbler","14_NY","USA",33000
"Canada Warbler","7_ON","CAN",31000
"Canada Warbler","28_WV","USA",24000
"Canada Warbler","6_BC","CAN",21000
"Canada Warbler","14_NS","CAN",20000
"Canada Warbler","6_NT","CAN",20000
"Canada Warbler","14_NH","USA",13000
"Canada Warbler","28_NY","USA",11000
"Canada Warbler","13_ON","CAN",11000
"Canada Warbler","10_BC","CAN",5900
"Canada Warbler","14_VT","USA",5900
"Canada Warbler","13_QC","CAN",4900
"Canada Warbler","12_MB","CAN",4700
"Canada Warbler","28_TN","USA",4300
"Canada Warbler","13_NY","USA",4100
"Canada Warbler","14_MA","USA",3500
"Canada Warbler","23_WI","USA",1900
"Canada Warbler","30_CT","USA",1500
"Canada Warbler","28_MD","USA",1300
"Canada Warbler","30_NH","USA",1100
"Canada Warbler","23_MI","USA",680
"Canada Warbler","28_VA","USA",430
"Canada Warbler","28_GA","USA",310
"Canada Warbler","14_PE","CAN",280
"Canada Warbler","28_CT","USA",280
"Canada Warbler","28_MA","USA",220
"Canada Warbler","30_MA","USA",140
"Canada Warbler","7_AB","CAN",31
"Canada Warbler","30_VT","USA",16
"Wilson's Warbler","2_AK","USA",15000000
"Wilson's Warbler","4_AK","USA",14000000
"Wilson's Warbler","7_QC","CAN",13000000
"Wilson's Warbler","4_BC","CAN",7100000
"Wilson's Warbler","5_AK","USA",5800000
"Wilson's Warbler","4_YT","CAN",5800000
"Wilson's Warbler","10_BC","CAN",2000000
"Wilson's Warbler","7_ON","CAN",1700000
"Wilson's Warbler","8_ON","CAN",1600000
"Wilson's Warbler","6_NT","CAN",1500000
"Wilson's Warbler","8_NL","CAN",1400000
"Wilson's Warbler","5_BC","CAN",1400000
"Wilson's Warbler","5_OR","USA",1300000
"Wilson's Warbler","7_NL","CAN",1200000
"Wilson's Warbler","4_NT","CAN",1200000
"Wilson's Warbler","5_WA","USA",1000000
"Wilson's Warbler","8_QC","CAN",720000
"Wilson's Warbler","3_AK","USA",500000
"Wilson's Warbler","16_CO","USA",490000
"Wilson's Warbler","32_CA","USA",410000
"Wilson's Warbler","7_NT","CAN",410000
"Wilson's Warbler","5_CA","USA",390000
"Wilson's Warbler","8_MB","CAN",370000
"Wilson's Warbler","10_AB","CAN",320000
"Wilson's Warbler","6_AB","CAN",320000
"Wilson's Warbler","8_SK","CAN",280000
"Wilson's Warbler","9_WA","USA",190000
"Wilson's Warbler","10_ID","USA",150000
"Wilson's Warbler","5_YT","CAN",150000
"Wilson's Warbler","12_ON","CAN",140000
"Wilson's Warbler","9_BC","CAN",130000
"Wilson's Warbler","10_MT","USA",120000
"Wilson's Warbler","6_SK","CAN",100000
"Wilson's Warbler","6_BC","CAN",82000
"Wilson's Warbler","9_NV","USA",77000
"Wilson's Warbler","15_CA","USA",77000
"Wilson's Warbler","7_SK","CAN",72000
"Wilson's Warbler","3_YT","CAN",65000
"Wilson's Warbler","12_QC","CAN",58000
"Wilson's Warbler","10_WY","USA",56000
"Wilson's Warbler","6_MB","CAN",54000
"Wilson's Warbler","7_MB","CAN",45000
"Wilson's Warbler","14_QC","CAN",43000
"Wilson's Warbler","14_NB","CAN",39000
"Wilson's Warbler","9_OR","USA",26000
"Wilson's Warbler","12_MN","USA",23000
"Wilson's Warbler","16_UT","USA",21000
"Wilson's Warbler","10_WA","USA",20000
"Wilson's Warbler","10_OR","USA",17000
"Wilson's Warbler","14_ME","USA",14000
"Wilson's Warbler","9_CA","USA",10000
"Wilson's Warbler","14_NS","CAN",7800
"Wilson's Warbler","9_ID","USA",6300
"Wilson's Warbler","16_WY","USA",5800
"Wilson's Warbler","11_AB","CAN",5400
"Wilson's Warbler","9_UT","USA",4700
"Wilson's Warbler","8_AB","CAN",3600
"Wilson's Warbler","16_NM","USA",2800
"Wilson's Warbler","18_NM","USA",2100
"Wilson's Warbler","12_MB","CAN",1300
"Wilson's Warbler","12_MI","USA",1200
"Wilson's Warbler","14_NH","USA",960
"Wilson's Warbler","33_CA","USA",850
"Wilson's Warbler","13_QC","CAN",700
"Wilson's Warbler","13_ON","CAN",680
"Wilson's Warbler","11_MB","CAN",310
"Wilson's Warbler","12_WI","USA",250
"Red-faced Warbler","34_AZ","USA",180000
"Red-faced Warbler","34_NM","USA",61000
"Red-faced Warbler","35_NM","USA",13000
"Red-faced Warbler","35_AZ","USA",340
"Painted Redstart","34_AZ","USA",120000
"Painted Redstart","34_NM","USA",17000
"Hepatic Tanager","34_AZ","USA",120000
"Hepatic Tanager","16_NM","USA",100000
"Hepatic Tanager","34_NM","USA",99000
"Hepatic Tanager","35_NM","USA",63000
"Hepatic Tanager","35_TX","USA",10000
"Hepatic Tanager","16_AZ","USA",6100
"Hepatic Tanager","18_NM","USA",2700
"Hepatic Tanager","35_AZ","USA",1600
"Hepatic Tanager","18_CO","USA",1500
"Hepatic Tanager","16_CO","USA",340
"Summer Tanager","27_MS","USA",890000
"Summer Tanager","24_MO","USA",780000
"Summer Tanager","25_AR","USA",640000
"Summer Tanager","25_TX","USA",580000
"Summer Tanager","20_TX","USA",560000
"Summer Tanager","27_NC","USA",520000
"Summer Tanager","27_GA","USA",490000
"Summer Tanager","27_AL","USA",480000
"Summer Tanager","27_SC","USA",460000
"Summer Tanager","25_OK","USA",440000
"Summer Tanager","27_FL","USA",420000
"Summer Tanager","25_LA","USA",330000
"Summer Tanager","24_KY","USA",320000
"Summer Tanager","24_TN","USA",300000
"Summer Tanager","24_AR","USA",290000
"Summer Tanager","29_GA","USA",270000
"Summer Tanager","28_AL","USA",250000
"Summer Tanager","29_SC","USA",230000
"Summer Tanager","21_TX","USA",210000
"Summer Tanager","21_OK","USA",200000
"Summer Tanager","27_TN","USA",190000
"Summer Tanager","29_NC","USA",180000
"Summer Tanager","22_MO","USA",180000
"Summer Tanager","35_TX","USA",150000
"Summer Tanager","26_AR","USA",150000
"Summer Tanager","34_AZ","USA",130000
"Summer Tanager","22_KS","USA",130000
"Summer Tanager","29_VA","USA",110000
"Summer Tanager","31_FL","USA",110000
"Summer Tanager","24_IL","USA",100000
"Summer Tanager","26_LA","USA",95000
"Summer Tanager","28_KY","USA",91000
"Summer Tanager","27_VA","USA",89000
"Summer Tanager","24_IN","USA",86000
"Summer Tanager","26_MS","USA",71000
"Summer Tanager","28_TN","USA",66000
"Summer Tanager","27_LA","USA",61000
"Summer Tanager","24_AL","USA",59000
"Summer Tanager","29_AL","USA",55000
"Summer Tanager","24_OK","USA",50000
"Summer Tanager","28_WV","USA",46000
"Summer Tanager","35_NM","USA",46000
"Summer Tanager","28_GA","USA",44000
"Summer Tanager","30_MD","USA",38000
"Summer Tanager","19_TX","USA",37000
"Summer Tanager","22_IL","USA",35000
"Summer Tanager","33_AZ","USA",29000
"Summer Tanager","37_LA","USA",22000
"Summer Tanager","26_MO","USA",20000
"Summer Tanager","28_VA","USA",18000
"Summer Tanager","19_OK","USA",17000
"Summer Tanager","22_OK","USA",17000
"Summer Tanager","36_TX","USA",15000
"Summer Tanager","30_VA","USA",9300
"Summer Tanager","18_NM","USA",9200
"Summer Tanager","27_KY","USA",9000
"Summer Tanager","37_TX","USA",8800
"Summer Tanager","28_OH","USA",8200
"Summer Tanager","22_IA","USA",6400
"Summer Tanager","16_AZ","USA",5900
"Summer Tanager","22_OH","USA",5800
"Summer Tanager","19_KS","USA",5700
"Summer Tanager","26_KY","USA",5400
"Summer Tanager","26_TN","USA",4800
"Summer Tanager","28_SC","USA",3400
"Summer Tanager","26_IL","USA",3300
"Summer Tanager","24_OH","USA",3000
"Summer Tanager","33_CA","USA",2800
"Summer Tanager","30_DE","USA",2200
"Summer Tanager","22_NE","USA",2000
"Summer Tanager","34_NM","USA",1900
"Summer Tanager","21_KS","USA",1400
"Summer Tanager","30_NJ","USA",1300
"Summer Tanager","9_NV","USA",1200
"Summer Tanager","28_NC","USA",1200
"Summer Tanager","35_AZ","USA",1200
"Summer Tanager","22_IN","USA",860
"Summer Tanager","24_KS","USA",700
"Summer Tanager","13_OH","USA",650
"Summer Tanager","16_NM","USA",550
"Summer Tanager","11_IA","USA",420
"Summer Tanager","16_UT","USA",270
"Summer Tanager","23_IN","USA",160
"Summer Tanager","37_MS","USA",79
"Summer Tanager","29_MD","USA",57
"Summer Tanager","28_MD","USA",37
"Summer Tanager","16_NV","USA",34
"Scarlet Tanager","28_PA","USA",350000
"Scarlet Tanager","28_WV","USA",260000
"Scarlet Tanager","28_KY","USA",130000
"Scarlet Tanager","28_VA","USA",120000
"Scarlet Tanager","28_TN","USA",94000
"Scarlet Tanager","12_ON","CAN",92000
"Scarlet Tanager","12_MI","USA",79000
"Scarlet Tanager","24_MO","USA",78000
"Scarlet Tanager","28_OH","USA",74000
"Scarlet Tanager","23_WI","USA",73000
"Scarlet Tanager","23_MI","USA",67000
"Scarlet Tanager","13_NY","USA",58000
"Scarlet Tanager","29_VA","USA",56000
"Scarlet Tanager","12_WI","USA",55000
"Scarlet Tanager","24_TN","USA",52000
"Scarlet Tanager","28_NY","USA",51000
"Scarlet Tanager","12_QC","CAN",44000
"Scarlet Tanager","24_IN","USA",43000
"Scarlet Tanager","29_NC","USA",41000
"Scarlet Tanager","24_KY","USA",40000
"Scarlet Tanager","24_AR","USA",38000
"Scarlet Tanager","12_MN","USA",36000
"Scarlet Tanager","28_NC","USA",36000
"Scarlet Tanager","14_NY","USA",35000
"Scarlet Tanager","28_AL","USA",35000
"Scarlet Tanager","25_AR","USA",34000
"Scarlet Tanager","14_ME","USA",32000
"Scarlet Tanager","28_GA","USA",31000
"Scarlet Tanager","28_MD","USA",31000
"Scarlet Tanager","14_NH","USA",26000
"Scarlet Tanager","13_ON","CAN",23000
"Scarlet Tanager","25_OK","USA",23000
"Scarlet Tanager","30_MD","USA",21000
"Scarlet Tanager","27_VA","USA",19000
"Scarlet Tanager","13_PA","USA",19000
"Scarlet Tanager","14_VT","USA",18000
"Scarlet Tanager","13_OH","USA",17000
"Scarlet Tanager","30_CT","USA",16000
"Scarlet Tanager","14_MA","USA",16000
"Scarlet Tanager","30_MA","USA",15000
"Scarlet Tanager","22_OH","USA",13000
"Scarlet Tanager","29_MD","USA",11000
"Scarlet Tanager","23_MN","USA",11000
"Scarlet Tanager","30_NH","USA",10000
"Scarlet Tanager","24_IL","USA",9900
"Scarlet Tanager","22_IL","USA",9100
"Scarlet Tanager","22_MO","USA",8500
"Scarlet Tanager","28_NJ","USA",8000
"Scarlet Tanager","27_TN","USA",7800
"Scarlet Tanager","27_AL","USA",7400
"Scarlet Tanager","29_GA","USA",6500
"Scarlet Tanager","24_OH","USA",5800
"Scarlet Tanager","30_NJ","USA",5300
"Scarlet Tanager","28_CT","USA",5300
"Scarlet Tanager","22_IN","USA",4800
"Scarlet Tanager","28_MA","USA",4100
"Scarlet Tanager","29_PA","USA",3800
"Scarlet Tanager","30_DE","USA",3500
"Scarlet Tanager","13_QC","CAN",3400
"Scarlet Tanager","30_RI","USA",3400
"Scarlet Tanager","27_NC","USA",3300
"Scarlet Tanager","22_IA","USA",3300
"Scarlet Tanager","14_QC","CAN",3200
"Scarlet Tanager","8_ON","CAN",2800
"Scarlet Tanager","14_NB","CAN",2600
"Scarlet Tanager","24_AL","USA",2400
"Scarlet Tanager","28_SC","USA",2400
"Scarlet Tanager","13_VT","USA",2300
"Scarlet Tanager","14_CT","USA",2300
"Scarlet Tanager","12_MB","CAN",2100
"Scarlet Tanager","30_NY","USA",2000
"Scarlet Tanager","29_AL","USA",2000
"Scarlet Tanager","27_MS","USA",1600
"Scarlet Tanager","23_IN","USA",1600
"Scarlet Tanager","22_KS","USA",1600
"Scarlet Tanager","8_MB","CAN",1300
"Scarlet Tanager","30_VA","USA",1300
"Scarlet Tanager","29_NJ","USA",1300
"Scarlet Tanager","30_ME","USA",1300
"Scarlet Tanager","29_SC","USA",1200
"Scarlet Tanager","8_QC","CAN",1200
"Scarlet Tanager","11_MN","USA",1200
"Scarlet Tanager","24_OK","USA",1100
"Scarlet Tanager","22_MN","USA",800
"Scarlet Tanager","22_MI","USA",760
"Scarlet Tanager","23_IA","USA",650
"Scarlet Tanager","14_NS","CAN",610
"Scarlet Tanager","22_WI","USA",510
"Scarlet Tanager","23_IL","USA",420
"Scarlet Tanager","11_NE","USA",410
"Scarlet Tanager","11_ND","USA",340
"Scarlet Tanager","26_TN","USA",320
"Scarlet Tanager","22_NE","USA",300
"Scarlet Tanager","27_KY","USA",280
"Scarlet Tanager","19_NE","USA",230
"Scarlet Tanager","6_MB","CAN",210
"Scarlet Tanager","30_PA","USA",160
"Scarlet Tanager","30_VT","USA",130
"Scarlet Tanager","26_KY","USA",130
"Scarlet Tanager","22_OK","USA",110
"Scarlet Tanager","11_MB","CAN",80
"Scarlet Tanager","29_DE","USA",70
"Scarlet Tanager","29_NY","USA",55
"Scarlet Tanager","23_OH","USA",14
"Western Tanager","10_BC","CAN",2000000
"Western Tanager","10_ID","USA",1100000
"Western Tanager","5_BC","CAN",950000
"Western Tanager","6_NT","CAN",870000
"Western Tanager","10_OR","USA",820000
"Western Tanager","15_CA","USA",800000
"Western Tanager","5_CA","USA",700000
"Western Tanager","9_OR","USA",620000
"Western Tanager","9_WA","USA",620000
"Western Tanager","10_MT","USA",600000
"Western Tanager","5_OR","USA",560000
"Western Tanager","9_BC","CAN",540000
"Western Tanager","16_CO","USA",470000
"Western Tanager","16_NM","USA",460000
"Western Tanager","5_WA","USA",430000
"Western Tanager","34_AZ","USA",400000
"Western Tanager","16_UT","USA",370000
"Western Tanager","16_AZ","USA",360000
"Western Tanager","32_CA","USA",360000
"Western Tanager","6_AB","CAN",290000
"Western Tanager","6_BC","CAN",270000
"Western Tanager","9_CA","USA",240000
"Western Tanager","17_SD","USA",200000
"Western Tanager","10_WA","USA",190000
"Western Tanager","35_NM","USA",170000
"Western Tanager","10_WY","USA",140000
"Western Tanager","9_ID","USA",130000
"Western Tanager","34_NM","USA",100000
"Western Tanager","9_NV","USA",83000
"Western Tanager","6_SK","CAN",31000
"Western Tanager","17_MT","USA",27000
"Western Tanager","17_WY","USA",24000
"Western Tanager","9_UT","USA",23000
"Western Tanager","5_AK","USA",20000
"Western Tanager","15_NV","USA",16000
"Western Tanager","16_WY","USA",11000
"Western Tanager","17_NE","USA",9400
"Western Tanager","4_BC","CAN",9100
"Western Tanager","35_TX","USA",8700
"Western Tanager","10_AB","CAN",6800
"Western Tanager","4_YT","CAN",5500
"Western Tanager","10_CO","USA",3500
"Western Tanager","35_AZ","USA",3500
"Western Tanager","8_AB","CAN",3000
"Western Tanager","18_CO","USA",2500
"Western Tanager","16_ID","USA",2500
"Western Tanager","18_NE","USA",2000
"Western Tanager","33_AZ","USA",1600
"Western Tanager","11_AB","CAN",1200
"Western Tanager","18_NM","USA",280
"Western Tanager","6_YT","CAN",240
"Western Tanager","10_UT","USA",210
"Western Tanager","9_WY","USA",160
"Western Tanager","18_SD","USA",140
"Northern Cardinal","21_TX","USA",11000000
"Northern Cardinal","27_GA","USA",5000000
"Northern Cardinal","25_TX","USA",4800000
"Northern Cardinal","27_MS","USA",4300000
"Northern Cardinal","27_FL","USA",4100000
"Northern Cardinal","27_AL","USA",3800000
"Northern Cardinal","31_FL","USA",3500000
"Northern Cardinal","20_TX","USA",3000000
"Northern Cardinal","24_MO","USA",2700000
"Northern Cardinal","26_LA","USA",2700000
"Northern Cardinal","25_LA","USA",2700000
"Northern Cardinal","25_AR","USA",2700000
"Northern Cardinal","21_OK","USA",2500000
"Northern Cardinal","27_SC","USA",2400000
"Northern Cardinal","27_NC","USA",2400000
"Northern Cardinal","22_MO","USA",2400000
"Northern Cardinal","22_IL","USA",2200000
"Northern Cardinal","24_KY","USA",2100000
"Northern Cardinal","29_GA","USA",2100000
"Northern Cardinal","22_KS","USA",2000000
"Northern Cardinal","19_OK","USA",1900000
"Northern Cardinal","29_NC","USA",1700000
"Northern Cardinal","28_AL","USA",1700000
"Northern Cardinal","24_TN","USA",1600000
"Northern Cardinal","28_WV","USA",1500000
"Northern Cardinal","26_AR","USA",1500000
"Northern Cardinal","19_KS","USA",1500000
"Northern Cardinal","28_PA","USA",1400000
"Northern Cardinal","37_TX","USA",1400000
"Northern Cardinal","19_TX","USA",1400000
"Northern Cardinal","36_TX","USA",1300000
"Northern Cardinal","23_WI","USA",1300000
"Northern Cardinal","23_MI","USA",1300000
"Northern Cardinal","28_TN","USA",1300000
"Northern Cardinal","22_OH","USA",1200000
"Northern Cardinal","29_VA","USA",1200000
"Northern Cardinal","24_AR","USA",1200000
"Northern Cardinal","22_IA","USA",1200000
"Northern Cardinal","28_KY","USA",1200000
"Northern Cardinal","24_IN","USA",1200000
"Northern Cardinal","37_LA","USA",1200000
"Northern Cardinal","29_SC","USA",1100000
"Northern Cardinal","27_TN","USA",980000
"Northern Cardinal","25_OK","USA",960000
"Northern Cardinal","22_IN","USA",940000
"Northern Cardinal","13_NY","USA",880000
"Northern Cardinal","28_OH","USA",870000
"Northern Cardinal","28_VA","USA",850000
"Northern Cardinal","26_MS","USA",780000
"Northern Cardinal","28_GA","USA",650000
"Northern Cardinal","24_IL","USA",630000
"Northern Cardinal","35_TX","USA",570000
"Northern Cardinal","13_OH","USA",560000
"Northern Cardinal","27_VA","USA",550000
"Northern Cardinal","30_MD","USA",540000
"Northern Cardinal","22_OK","USA",540000
"Northern Cardinal","26_MO","USA",520000
"Northern Cardinal","19_NE","USA",520000
"Northern Cardinal","13_ON","CAN",520000
"Northern Cardinal","27_LA","USA",520000
"Northern Cardinal","28_NC","USA",470000
"Northern Cardinal","29_PA","USA",400000
"Northern Cardinal","24_AL","USA",390000
"Northern Cardinal","23_MN","USA",390000
"Northern Cardinal","30_MA","USA",370000
"Northern Cardinal","24_OK","USA",340000
"Northern Cardinal","34_AZ","USA",320000
"Northern Cardinal","28_NY","USA",310000
"Northern Cardinal","12_MI","USA",300000
"Northern Cardinal","29_MD","USA",300000
"Northern Cardinal","22_NE","USA",300000
"Northern Cardinal","30_NJ","USA",290000
"Northern Cardinal","30_CT","USA",290000
"Northern Cardinal","23_IN","USA",250000
"Northern Cardinal","29_AL","USA",240000
"Northern Cardinal","13_PA","USA",220000
"Northern Cardinal","27_KY","USA",140000
"Northern Cardinal","30_NY","USA",130000
"Northern Cardinal","30_DE","USA",130000
"Northern Cardinal","30_VA","USA",100000
"Northern Cardinal","26_TN","USA",100000
"Northern Cardinal","11_IA","USA",100000
"Northern Cardinal","28_MD","USA",92000
"Northern Cardinal","30_NH","USA",91000
"Northern Cardinal","22_MI","USA",87000
"Northern Cardinal","29_NJ","USA",85000
"Northern Cardinal","33_AZ","USA",82000
"Northern Cardinal","14_ME","USA",80000
"Northern Cardinal","22_MN","USA",76000
"Northern Cardinal","28_NJ","USA",71000
"Northern Cardinal","11_MN","USA",64000
"Northern Cardinal","18_TX","USA",62000
"Northern Cardinal","13_QC","CAN",62000
"Northern Cardinal","14_NH","USA",60000
"Northern Cardinal","30_RI","USA",59000
"Northern Cardinal","24_OH","USA",59000
"Northern Cardinal","26_KY","USA",52000
"Northern Cardinal","13_VT","USA",51000
"Northern Cardinal","23_IL","USA",50000
"Northern Cardinal","12_WI","USA",48000
"Northern Cardinal","35_NM","USA",45000
"Northern Cardinal","28_SC","USA",45000
"Northern Cardinal","14_MA","USA",41000
"Northern Cardinal","23_IA","USA",34000
"Northern Cardinal","26_IL","USA",32000
"Northern Cardinal","14_VT","USA",32000
"Northern Cardinal","11_NE","USA",30000
"Northern Cardinal","12_QC","CAN",30000
"Northern Cardinal","30_ME","USA",29000
"Northern Cardinal","22_WI","USA",28000
"Northern Cardinal","14_CT","USA",20000
"Northern Cardinal","14_NY","USA",17000
"Northern Cardinal","18_NE","USA",16000
"Northern Cardinal","28_CT","USA",16000
"Northern Cardinal","21_KS","USA",15000
"Northern Cardinal","14_NS","CAN",14000
"Northern Cardinal","28_MA","USA",12000
"Northern Cardinal","11_SD","USA",10000
"Northern Cardinal","12_MN","USA",9700
"Northern Cardinal","30_PA","USA",8900
"Northern Cardinal","12_ON","CAN",8500
"Northern Cardinal","29_DE","USA",7300
"Northern Cardinal","14_QC","CAN",5900
"Northern Cardinal","24_KS","USA",4700
"Northern Cardinal","37_MS","USA",4200
"Northern Cardinal","29_NY","USA",3600
"Northern Cardinal","19_SD","USA",3200
"Northern Cardinal","18_OK","USA",3200
"Northern Cardinal","8_ON","CAN",3000
"Northern Cardinal","14_NB","CAN",2800
"Northern Cardinal","17_SD","USA",2700
"Northern Cardinal","23_OH","USA",2100
"Northern Cardinal","32_CA","USA",1800
"Northern Cardinal","30_VT","USA",1200
"Northern Cardinal","35_AZ","USA",1200
"Northern Cardinal","6_MB","CAN",360
"Northern Cardinal","11_ND","USA",360
"Northern Cardinal","17_NE","USA",260
"Northern Cardinal","18_CO","USA",250
"Pyrrhuloxia","35_TX","USA",630000
"Pyrrhuloxia","36_TX","USA",530000
"Pyrrhuloxia","18_TX","USA",100000
"Pyrrhuloxia","19_TX","USA",89000
"Pyrrhuloxia","34_AZ","USA",40000
"Pyrrhuloxia","35_NM","USA",39000
"Pyrrhuloxia","20_TX","USA",39000
"Pyrrhuloxia","21_TX","USA",36000
"Pyrrhuloxia","18_NM","USA",29000
"Pyrrhuloxia","33_AZ","USA",19000
"Pyrrhuloxia","37_TX","USA",15000
"Pyrrhuloxia","34_NM","USA",12000
"Pyrrhuloxia","35_AZ","USA",500
"Rose-breasted Grosbeak","6_AB","CAN",810000
"Rose-breasted Grosbeak","23_WI","USA",310000
"Rose-breasted Grosbeak","6_BC","CAN",280000
"Rose-breasted Grosbeak","12_ON","CAN",270000
"Rose-breasted Grosbeak","12_MN","USA",230000
"Rose-breasted Grosbeak","12_MI","USA",220000
"Rose-breasted Grosbeak","12_WI","USA",200000
"Rose-breasted Grosbeak","22_IA","USA",150000
"Rose-breasted Grosbeak","6_SK","CAN",140000
"Rose-breasted Grosbeak","12_QC","CAN",140000
"Rose-breasted Grosbeak","22_MO","USA",130000
"Rose-breasted Grosbeak","23_MI","USA",120000
"Rose-breasted Grosbeak","13_ON","CAN",120000
"Rose-breasted Grosbeak","28_PA","USA",120000
"Rose-breasted Grosbeak","23_MN","USA",120000
"Rose-breasted Grosbeak","6_NT","CAN",110000
"Rose-breasted Grosbeak","6_MB","CAN",100000
"Rose-breasted Grosbeak","22_IL","USA",100000
"Rose-breasted Grosbeak","13_NY","USA",70000
"Rose-breasted Grosbeak","14_ME","USA",63000
"Rose-breasted Grosbeak","11_MN","USA",62000
"Rose-breasted Grosbeak","28_NY","USA",54000
"Rose-breasted Grosbeak","11_MB","CAN",46000
"Rose-breasted Grosbeak","8_QC","CAN",45000
"Rose-breasted Grosbeak","11_ND","USA",44000
"Rose-breasted Grosbeak","12_MB","CAN",43000
"Rose-breasted Grosbeak","14_NB","CAN",39000
"Rose-breasted Grosbeak","8_ON","CAN",34000
"Rose-breasted Grosbeak","14_NY","USA",31000
"Rose-breasted Grosbeak","14_QC","CAN",30000
"Rose-breasted Grosbeak","13_QC","CAN",27000
"Rose-breasted Grosbeak","8_MB","CAN",25000
"Rose-breasted Grosbeak","13_OH","USA",24000
"Rose-breasted Grosbeak","11_SK","CAN",23000
"Rose-breasted Grosbeak","14_VT","USA",22000
"Rose-breasted Grosbeak","13_PA","USA",21000
"Rose-breasted Grosbeak","19_KS","USA",19000
"Rose-breasted Grosbeak","22_NE","USA",18000
"Rose-breasted Grosbeak","11_IA","USA",18000
"Rose-breasted Grosbeak","28_WV","USA",18000
"Rose-breasted Grosbeak","22_IN","USA",16000
"Rose-breasted Grosbeak","14_NS","CAN",15000
"Rose-breasted Grosbeak","22_KS","USA",14000
"Rose-breasted Grosbeak","10_BC","CAN",14000
"Rose-breasted Grosbeak","22_MN","USA",14000
"Rose-breasted Grosbeak","14_NH","USA",14000
"Rose-breasted Grosbeak","11_SD","USA",13000
"Rose-breasted Grosbeak","11_AB","CAN",13000
"Rose-breasted Grosbeak","19_NE","USA",13000
"Rose-breasted Grosbeak","22_OH","USA",13000
"Rose-breasted Grosbeak","28_OH","USA",12000
"Rose-breasted Grosbeak","28_VA","USA",9200
"Rose-breasted Grosbeak","23_IN","USA",8700
"Rose-breasted Grosbeak","14_MA","USA",8700
"Rose-breasted Grosbeak","11_NE","USA",8600
"Rose-breasted Grosbeak","30_MA","USA",7900
"Rose-breasted Grosbeak","23_IA","USA",7500
"Rose-breasted Grosbeak","30_NH","USA",7100
"Rose-breasted Grosbeak","30_CT","USA",6800
"Rose-breasted Grosbeak","23_IL","USA",5900
"Rose-breasted Grosbeak","24_MO","USA",5100
"Rose-breasted Grosbeak","13_VT","USA",4500
"Rose-breasted Grosbeak","28_NC","USA",3700
"Rose-breasted Grosbeak","28_MD","USA",3300
"Rose-breasted Grosbeak","22_WI","USA",1800
"Rose-breasted Grosbeak","28_NJ","USA",1700
"Rose-breasted Grosbeak","28_TN","USA",1700
"Rose-breasted Grosbeak","28_CT","USA",1400
"Rose-breasted Grosbeak","14_PE","CAN",1300
"Rose-breasted Grosbeak","22_MI","USA",1200
"Rose-breasted Grosbeak","28_MA","USA",1100
"Rose-breasted Grosbeak","30_RI","USA",1000
"Rose-breasted Grosbeak","24_IL","USA",830
"Rose-breasted Grosbeak","29_NJ","USA",730
"Rose-breasted Grosbeak","24_IN","USA",720
"Rose-breasted Grosbeak","14_CT","USA",500
"Rose-breasted Grosbeak","10_AB","CAN",440
"Rose-breasted Grosbeak","30_ME","USA",440
"Rose-breasted Grosbeak","29_PA","USA",430
"Rose-breasted Grosbeak","8_NL","CAN",260
"Rose-breasted Grosbeak","30_NY","USA",130
"Rose-breasted Grosbeak","28_GA","USA",120
"Rose-breasted Grosbeak","29_VA","USA",110
"Rose-breasted Grosbeak","30_VT","USA",92
"Rose-breasted Grosbeak","23_OH","USA",73
"Rose-breasted Grosbeak","29_MD","USA",57
"Rose-breasted Grosbeak","30_NJ","USA",55
"Rose-breasted Grosbeak","29_NY","USA",31
"Rose-breasted Grosbeak","29_DE","USA",8
"Rose-breasted Grosbeak","30_PA","USA",2
"Black-headed Grosbeak","32_CA","USA",1400000
"Black-headed Grosbeak","5_OR","USA",1300000
"Black-headed Grosbeak","5_CA","USA",1000000
"Black-headed Grosbeak","15_CA","USA",990000
"Black-headed Grosbeak","5_WA","USA",790000
"Black-headed Grosbeak","9_WA","USA",710000
"Black-headed Grosbeak","16_NM","USA",640000
"Black-headed Grosbeak","34_AZ","USA",580000
"Black-headed Grosbeak","16_CO","USA",560000
"Black-headed Grosbeak","5_BC","CAN",510000
"Black-headed Grosbeak","16_UT","USA",340000
"Black-headed Grosbeak","35_NM","USA",330000
"Black-headed Grosbeak","9_OR","USA",270000
"Black-headed Grosbeak","9_ID","USA",250000
"Black-headed Grosbeak","10_MT","USA",250000
"Black-headed Grosbeak","10_ID","USA",250000
"Black-headed Grosbeak","10_BC","CAN",220000
"Black-headed Grosbeak","16_AZ","USA",210000
"Black-headed Grosbeak","9_CA","USA",180000
"Black-headed Grosbeak","9_NV","USA",170000
"Black-headed Grosbeak","34_NM","USA",160000
"Black-headed Grosbeak","9_BC","CAN",120000
"Black-headed Grosbeak","10_WA","USA",120000
"Black-headed Grosbeak","10_OR","USA",120000
"Black-headed Grosbeak","17_MT","USA",110000
"Black-headed Grosbeak","17_SD","USA",100000
"Black-headed Grosbeak","19_NE","USA",72000
"Black-headed Grosbeak","17_WY","USA",69000
"Black-headed Grosbeak","10_WY","USA",57000
"Black-headed Grosbeak","18_CO","USA",44000
"Black-headed Grosbeak","17_ND","USA",30000
"Black-headed Grosbeak","9_UT","USA",29000
"Black-headed Grosbeak","33_CA","USA",24000
"Black-headed Grosbeak","18_NE","USA",24000
"Black-headed Grosbeak","15_NV","USA",23000
"Black-headed Grosbeak","16_WY","USA",16000
"Black-headed Grosbeak","11_ND","USA",14000
"Black-headed Grosbeak","18_NM","USA",13000
"Black-headed Grosbeak","35_TX","USA",13000
"Black-headed Grosbeak","10_CO","USA",12000
"Black-headed Grosbeak","10_AB","CAN",11000
"Black-headed Grosbeak","18_WY","USA",6500
"Black-headed Grosbeak","19_KS","USA",5300
"Black-headed Grosbeak","17_NE","USA",5000
"Black-headed Grosbeak","35_AZ","USA",4500
"Black-headed Grosbeak","11_MT","USA",2600
"Black-headed Grosbeak","16_ID","USA",2300
"Black-headed Grosbeak","33_AZ","USA",2200
"Black-headed Grosbeak","18_SD","USA",1600
"Black-headed Grosbeak","10_UT","USA",850
"Black-headed Grosbeak","19_SD","USA",750
"Black-headed Grosbeak","16_NV","USA",690
"Black-headed Grosbeak","11_AB","CAN",480
"Black-headed Grosbeak","9_WY","USA",280
"Blue Grosbeak","27_GA","USA",1300000
"Blue Grosbeak","27_NC","USA",1300000
"Blue Grosbeak","35_TX","USA",1100000
"Blue Grosbeak","27_SC","USA",840000
"Blue Grosbeak","27_FL","USA",820000
"Blue Grosbeak","27_MS","USA",800000
"Blue Grosbeak","27_AL","USA",790000
"Blue Grosbeak","35_NM","USA",690000
"Blue Grosbeak","24_KY","USA",560000
"Blue Grosbeak","19_NE","USA",560000
"Blue Grosbeak","34_AZ","USA",510000
"Blue Grosbeak","24_AR","USA",460000
"Blue Grosbeak","18_NM","USA",460000
"Blue Grosbeak","24_MO","USA",450000
"Blue Grosbeak","19_OK","USA",440000
"Blue Grosbeak","29_GA","USA",410000
"Blue Grosbeak","24_TN","USA",410000
"Blue Grosbeak","29_NC","USA",390000
"Blue Grosbeak","25_OK","USA",360000
"Blue Grosbeak","25_AR","USA",350000
"Blue Grosbeak","19_TX","USA",340000
"Blue Grosbeak","18_TX","USA",300000
"Blue Grosbeak","29_VA","USA",300000
"Blue Grosbeak","27_VA","USA",290000
"Blue Grosbeak","22_KS","USA",280000
"Blue Grosbeak","27_TN","USA",280000
"Blue Grosbeak","28_AL","USA",270000
"Blue Grosbeak","26_AR","USA",270000
"Blue Grosbeak","21_OK","USA",270000
"Blue Grosbeak","25_TX","USA",260000
"Blue Grosbeak","30_MD","USA",260000
"Blue Grosbeak","25_LA","USA",240000
"Blue Grosbeak","29_SC","USA",240000
"Blue Grosbeak","32_CA","USA",230000
"Blue Grosbeak","22_MO","USA",230000
"Blue Grosbeak","19_KS","USA",220000
"Blue Grosbeak","16_NM","USA",200000
"Blue Grosbeak","21_TX","USA",180000
"Blue Grosbeak","18_CO","USA",180000
"Blue Grosbeak","24_IN","USA",180000
"Blue Grosbeak","20_TX","USA",170000
"Blue Grosbeak","22_IL","USA",160000
"Blue Grosbeak","36_TX","USA",160000
"Blue Grosbeak","22_IA","USA",160000
"Blue Grosbeak","24_IL","USA",150000
"Blue Grosbeak","28_TN","USA",150000
"Blue Grosbeak","18_NE","USA",130000
"Blue Grosbeak","16_UT","USA",110000
"Blue Grosbeak","28_KY","USA",91000
"Blue Grosbeak","33_CA","USA",83000
"Blue Grosbeak","30_DE","USA",81000
"Blue Grosbeak","24_AL","USA",79000
"Blue Grosbeak","18_KS","USA",74000
"Blue Grosbeak","29_AL","USA",73000
"Blue Grosbeak","28_GA","USA",70000
"Blue Grosbeak","26_MS","USA",66000
"Blue Grosbeak","26_LA","USA",65000
"Blue Grosbeak","11_NE","USA",65000
"Blue Grosbeak","22_NE","USA",64000
"Blue Grosbeak","26_MO","USA",62000
"Blue Grosbeak","34_NM","USA",59000
"Blue Grosbeak","37_TX","USA",55000
"Blue Grosbeak","17_SD","USA",54000
"Blue Grosbeak","33_AZ","USA",53000
"Blue Grosbeak","37_LA","USA",49000
"Blue Grosbeak","31_FL","USA",48000
"Blue Grosbeak","16_CO","USA",48000
"Blue Grosbeak","24_OK","USA",42000
"Blue Grosbeak","11_SD","USA",39000
"Blue Grosbeak","18_OK","USA",37000
"Blue Grosbeak","22_OK","USA",36000
"Blue Grosbeak","28_VA","USA",35000
"Blue Grosbeak","18_WY","USA",34000
"Blue Grosbeak","27_LA","USA",33000
"Blue Grosbeak","30_VA","USA",28000
"Blue Grosbeak","28_SC","USA",15000
"Blue Grosbeak","30_NJ","USA",15000
"Blue Grosbeak","28_OH","USA",14000
"Blue Grosbeak","27_KY","USA",13000
"Blue Grosbeak","29_MD","USA",12000
"Blue Grosbeak","26_TN","USA",11000
"Blue Grosbeak","22_MN","USA",9400
"Blue Grosbeak","18_SD","USA",9300
"Blue Grosbeak","35_AZ","USA",9000
"Blue Grosbeak","22_OH","USA",8600
"Blue Grosbeak","28_NC","USA",7100
"Blue Grosbeak","11_MN","USA",6800
"Blue Grosbeak","26_KY","USA",6400
"Blue Grosbeak","24_OH","USA",5900
"Blue Grosbeak","19_SD","USA",5400
"Blue Grosbeak","22_IN","USA",4900
"Blue Grosbeak","17_ND","USA",4800
"Blue Grosbeak","16_AZ","USA",4600
"Blue Grosbeak","9_NV","USA",4400
"Blue Grosbeak","28_WV","USA",4400
"Blue Grosbeak","26_IL","USA",3900
"Blue Grosbeak","33_NV","USA",3200
"Blue Grosbeak","9_UT","USA",3100
"Blue Grosbeak","10_CO","USA",3100
"Blue Grosbeak","10_WY","USA",3000
"Blue Grosbeak","17_NE","USA",2100
"Blue Grosbeak","28_PA","USA",2000
"Blue Grosbeak","29_PA","USA",1900
"Blue Grosbeak","21_KS","USA",1600
"Blue Grosbeak","11_IA","USA",1400
"Blue Grosbeak","28_MD","USA",770
"Blue Grosbeak","24_KS","USA",590
"Blue Grosbeak","30_PA","USA",480
"Blue Grosbeak","11_ND","USA",470
"Blue Grosbeak","23_IL","USA",320
"Blue Grosbeak","5_CA","USA",220
"Blue Grosbeak","33_UT","USA",44
"Blue Grosbeak","29_DE","USA",40
"Blue Grosbeak","16_NV","USA",13
"Lazuli Bunting","10_BC","CAN",650000
"Lazuli Bunting","9_ID","USA",510000
"Lazuli Bunting","16_UT","USA",490000
"Lazuli Bunting","10_ID","USA",410000
"Lazuli Bunting","5_CA","USA",410000
"Lazuli Bunting","9_OR","USA",400000
"Lazuli Bunting","10_OR","USA",370000
"Lazuli Bunting","9_BC","CAN",330000
"Lazuli Bunting","32_CA","USA",320000
"Lazuli Bunting","5_OR","USA",310000
"Lazuli Bunting","9_NV","USA",300000
"Lazuli Bunting","10_MT","USA",260000
"Lazuli Bunting","9_WA","USA",220000
"Lazuli Bunting","16_CO","USA",190000
"Lazuli Bunting","17_MT","USA",190000
"Lazuli Bunting","10_WA","USA",180000
"Lazuli Bunting","10_WY","USA",180000
"Lazuli Bunting","15_CA","USA",170000
"Lazuli Bunting","17_ND","USA",150000
"Lazuli Bunting","9_CA","USA",88000
"Lazuli Bunting","17_SD","USA",56000
"Lazuli Bunting","9_UT","USA",54000
"Lazuli Bunting","5_WA","USA",28000
"Lazuli Bunting","16_NM","USA",26000
"Lazuli Bunting","11_ND","USA",25000
"Lazuli Bunting","5_BC","CAN",19000
"Lazuli Bunting","10_CO","USA",18000
"Lazuli Bunting","10_AB","CAN",16000
"Lazuli Bunting","16_WY","USA",11000
"Lazuli Bunting","17_WY","USA",9200
"Lazuli Bunting","6_BC","CAN",7800
"Lazuli Bunting","18_CO","USA",6800
"Lazuli Bunting","33_CA","USA",5600
"Lazuli Bunting","18_NE","USA",5400
"Lazuli Bunting","11_MT","USA",4200
"Lazuli Bunting","15_NV","USA",3800
"Lazuli Bunting","11_SK","CAN",3800
"Lazuli Bunting","16_ID","USA",3300
"Lazuli Bunting","17_NE","USA",3100
"Lazuli Bunting","11_SD","USA",2100
"Lazuli Bunting","6_AB","CAN",1100
"Lazuli Bunting","34_AZ","USA",860
"Lazuli Bunting","18_WY","USA",640
"Lazuli Bunting","9_WY","USA",560
"Lazuli Bunting","19_NE","USA",500
"Lazuli Bunting","19_OK","USA",480
"Lazuli Bunting","20_TX","USA",460
"Lazuli Bunting","18_SD","USA",440
"Lazuli Bunting","19_SD","USA",10
"Indigo Bunting","24_MO","USA",4200000
"Indigo Bunting","24_KY","USA",3400000
"Indigo Bunting","22_IL","USA",3300000
"Indigo Bunting","27_MS","USA",3000000
"Indigo Bunting","22_MO","USA",2700000
"Indigo Bunting","25_AR","USA",2300000
"Indigo Bunting","27_AL","USA",2300000
"Indigo Bunting","27_NC","USA",2200000
"Indigo Bunting","24_TN","USA",2000000
"Indigo Bunting","24_IN","USA",1900000
"Indigo Bunting","24_AR","USA",1800000
"Indigo Bunting","28_WV","USA",1800000
"Indigo Bunting","28_PA","USA",1800000
"Indigo Bunting","27_GA","USA",1700000
"Indigo Bunting","26_AR","USA",1700000
"Indigo Bunting","29_NC","USA",1600000
"Indigo Bunting","29_VA","USA",1600000
"Indigo Bunting","23_WI","USA",1600000
"Indigo Bunting","28_AL","USA",1500000
"Indigo Bunting","27_TN","USA",1500000
"Indigo Bunting","22_KS","USA",1500000
"Indigo Bunting","28_KY","USA",1400000
"Indigo Bunting","25_OK","USA",1400000
"Indigo Bunting","28_TN","USA",1400000
"Indigo Bunting","24_IL","USA",1200000
"Indigo Bunting","25_TX","USA",1200000
"Indigo Bunting","12_MI","USA",1200000
"Indigo Bunting","28_VA","USA",1100000
"Indigo Bunting","27_SC","USA",1000000
"Indigo Bunting","25_LA","USA",1000000
"Indigo Bunting","22_IN","USA",1000000
"Indigo Bunting","29_GA","USA",990000
"Indigo Bunting","22_OH","USA",980000
"Indigo Bunting","28_OH","USA",930000
"Indigo Bunting","22_IA","USA",920000
"Indigo Bunting","23_MI","USA",890000
"Indigo Bunting","21_OK","USA",860000
"Indigo Bunting","26_MS","USA",800000
"Indigo Bunting","29_SC","USA",730000
"Indigo Bunting","12_ON","CAN",720000
"Indigo Bunting","27_VA","USA",710000
"Indigo Bunting","12_WI","USA",670000
"Indigo Bunting","28_NC","USA",590000
"Indigo Bunting","30_MD","USA",560000
"Indigo Bunting","26_LA","USA",550000
"Indigo Bunting","28_GA","USA",510000
"Indigo Bunting","13_ON","CAN",500000
"Indigo Bunting","13_NY","USA",470000
"Indigo Bunting","24_AL","USA",470000
"Indigo Bunting","26_MO","USA",470000
"Indigo Bunting","19_KS","USA",450000
"Indigo Bunting","23_MN","USA",380000
"Indigo Bunting","12_QC","CAN",360000
"Indigo Bunting","28_NY","USA",330000
"Indigo Bunting","24_OK","USA",320000
"Indigo Bunting","21_TX","USA",290000
"Indigo Bunting","29_AL","USA",280000
"Indigo Bunting","13_OH","USA",260000
"Indigo Bunting","19_OK","USA",230000
"Indigo Bunting","22_OK","USA",220000
"Indigo Bunting","27_FL","USA",210000
"Indigo Bunting","23_IN","USA",190000
"Indigo Bunting","29_MD","USA",180000
"Indigo Bunting","30_DE","USA",180000
"Indigo Bunting","19_NE","USA",160000
"Indigo Bunting","27_KY","USA",160000
"Indigo Bunting","28_MD","USA",150000
"Indigo Bunting","29_PA","USA",150000
"Indigo Bunting","27_LA","USA",140000
"Indigo Bunting","30_VA","USA",120000
"Indigo Bunting","22_NE","USA",120000
"Indigo Bunting","11_IA","USA",120000
"Indigo Bunting","13_PA","USA",110000
"Indigo Bunting","26_TN","USA",110000
"Indigo Bunting","37_LA","USA",110000
"Indigo Bunting","14_NY","USA",110000
"Indigo Bunting","14_NH","USA",100000
"Indigo Bunting","12_MN","USA",98000
"Indigo Bunting","24_OH","USA",94000
"Indigo Bunting","14_ME","USA",91000
"Indigo Bunting","23_IA","USA",89000
"Indigo Bunting","28_SC","USA",84000
"Indigo Bunting","14_VT","USA",79000
"Indigo Bunting","22_MN","USA",78000
"Indigo Bunting","30_NJ","USA",72000
"Indigo Bunting","11_MN","USA",70000
"Indigo Bunting","26_KY","USA",67000
"Indigo Bunting","22_MI","USA",47000
"Indigo Bunting","26_IL","USA",42000
"Indigo Bunting","23_IL","USA",40000
"Indigo Bunting","28_NJ","USA",39000
"Indigo Bunting","14_MA","USA",36000
"Indigo Bunting","30_MA","USA",35000
"Indigo Bunting","29_NJ","USA",33000
"Indigo Bunting","30_CT","USA",31000
"Indigo Bunting","11_NE","USA",31000
"Indigo Bunting","30_NH","USA",28000
"Indigo Bunting","13_QC","CAN",26000
"Indigo Bunting","11_ND","USA",22000
"Indigo Bunting","20_TX","USA",21000
"Indigo Bunting","14_QC","CAN",20000
"Indigo Bunting","31_FL","USA",16000
"Indigo Bunting","17_SD","USA",16000
"Indigo Bunting","22_WI","USA",15000
"Indigo Bunting","18_CO","USA",14000
"Indigo Bunting","8_QC","CAN",14000
"Indigo Bunting","13_VT","USA",9300
"Indigo Bunting","36_TX","USA",7300
"Indigo Bunting","12_MB","CAN",6400
"Indigo Bunting","14_NB","CAN",6100
"Indigo Bunting","19_TX","USA",5700
"Indigo Bunting","11_SD","USA",5500
"Indigo Bunting","21_KS","USA",5100
"Indigo Bunting","11_MB","CAN",4700
"Indigo Bunting","24_KS","USA",4400
"Indigo Bunting","30_RI","USA",4400
"Indigo Bunting","28_CT","USA",3300
"Indigo Bunting","14_CT","USA",2800
"Indigo Bunting","6_MB","CAN",2700
"Indigo Bunting","29_DE","USA",2700
"Indigo Bunting","16_UT","USA",2600
"Indigo Bunting","28_MA","USA",2600
"Indigo Bunting","30_ME","USA",2200
"Indigo Bunting","30_PA","USA",2200
"Indigo Bunting","16_NM","USA",1800
"Indigo Bunting","37_TX","USA",1700
"Indigo Bunting","17_ND","USA",1700
"Indigo Bunting","19_SD","USA",1600
"Indigo Bunting","23_OH","USA",1600
"Indigo Bunting","29_NY","USA",1400
"Indigo Bunting","34_NM","USA",1300
"Indigo Bunting","16_CO","USA",1300
"Indigo Bunting","8_ON","CAN",1200
"Indigo Bunting","35_NM","USA",1200
"Indigo Bunting","32_CA","USA",1100
"Indigo Bunting","18_TX","USA",920
"Indigo Bunting","34_AZ","USA",820
"Indigo Bunting","18_NE","USA",710
"Indigo Bunting","17_NE","USA",680
"Indigo Bunting","30_NY","USA",660
"Indigo Bunting","17_WY","USA",610
"Indigo Bunting","8_MB","CAN",560
"Indigo Bunting","37_MS","USA",400
"Indigo Bunting","30_VT","USA",360
"Indigo Bunting","18_OK","USA",270
"Indigo Bunting","18_SD","USA",98
"Indigo Bunting","35_AZ","USA",30
"Varied Bunting","35_TX","USA",38000
"Varied Bunting","34_AZ","USA",31000
"Varied Bunting","36_TX","USA",480
"Painted Bunting","21_TX","USA",4000000
"Painted Bunting","20_TX","USA",1600000
"Painted Bunting","19_TX","USA",1400000
"Painted Bunting","36_TX","USA",1300000
"Painted Bunting","19_OK","USA",930000
"Painted Bunting","21_OK","USA",750000
"Painted Bunting","35_TX","USA",660000
"Painted Bunting","25_TX","USA",350000
"Painted Bunting","25_OK","USA",310000
"Painted Bunting","26_LA","USA",300000
"Painted Bunting","37_TX","USA",220000
"Painted Bunting","25_AR","USA",160000
"Painted Bunting","27_SC","USA",140000
"Painted Bunting","37_LA","USA",93000
"Painted Bunting","24_AR","USA",82000
"Painted Bunting","25_LA","USA",70000
"Painted Bunting","26_AR","USA",64000
"Painted Bunting","22_OK","USA",60000
"Painted Bunting","18_TX","USA",60000
"Painted Bunting","27_GA","USA",51000
"Painted Bunting","24_OK","USA",37000
"Painted Bunting","19_KS","USA",37000
"Painted Bunting","22_KS","USA",36000
"Painted Bunting","26_MS","USA",29000
"Painted Bunting","27_LA","USA",14000
"Painted Bunting","27_MS","USA",14000
"Painted Bunting","27_NC","USA",9400
"Painted Bunting","21_KS","USA",4500
"Painted Bunting","35_NM","USA",4100
"Painted Bunting","24_MO","USA",3700
"Painted Bunting","18_NM","USA",1100
"Painted Bunting","31_FL","USA",640
"Painted Bunting","24_KS","USA",520
"Painted Bunting","29_SC","USA",350
"Painted Bunting","37_MS","USA",340
"Painted Bunting","27_AL","USA",330
"Dickcissel","19_KS","USA",4000000
"Dickcissel","22_KS","USA",2700000
"Dickcissel","19_NE","USA",2500000
"Dickcissel","22_IA","USA",2100000
"Dickcissel","22_MO","USA",2000000
"Dickcissel","22_IL","USA",1300000
"Dickcissel","11_SD","USA",1200000
"Dickcissel","21_TX","USA",1100000
"Dickcissel","19_OK","USA",1100000
"Dickcissel","26_AR","USA",970000
"Dickcissel","22_OK","USA",680000
"Dickcissel","24_MO","USA",630000
"Dickcissel","21_OK","USA",570000
"Dickcissel","17_SD","USA",520000
"Dickcissel","11_NE","USA",510000
"Dickcissel","22_NE","USA",470000
"Dickcissel","18_TX","USA",430000
"Dickcissel","25_OK","USA",390000
"Dickcissel","19_TX","USA",370000
"Dickcissel","11_IA","USA",330000
"Dickcissel","36_TX","USA",270000
"Dickcissel","26_MS","USA",250000
"Dickcissel","24_AR","USA",240000
"Dickcissel","26_MO","USA",220000
"Dickcissel","37_TX","USA",220000
"Dickcissel","18_KS","USA",220000
"Dickcissel","18_NE","USA",210000
"Dickcissel","23_WI","USA",190000
"Dickcissel","11_ND","USA",170000
"Dickcissel","24_KY","USA",170000
"Dickcissel","25_AR","USA",170000
"Dickcissel","25_TX","USA",160000
"Dickcissel","20_TX","USA",150000
"Dickcissel","24_IN","USA",140000
"Dickcissel","11_MN","USA",140000
"Dickcissel","24_IL","USA",130000
"Dickcissel","26_LA","USA",110000
"Dickcissel","27_MS","USA",99000
"Dickcissel","22_IN","USA",93000
"Dickcissel","17_ND","USA",77000
"Dickcissel","18_CO","USA",70000
"Dickcissel","27_TN","USA",68000
"Dickcissel","26_TN","USA",62000
"Dickcissel","37_LA","USA",55000
"Dickcissel","18_OK","USA",53000
"Dickcissel","23_MN","USA",45000
"Dickcissel","22_MN","USA",43000
"Dickcissel","22_OH","USA",38000
"Dickcissel","24_OK","USA",37000
"Dickcissel","25_LA","USA",31000
"Dickcissel","23_IA","USA",31000
"Dickcissel","24_TN","USA",27000
"Dickcissel","27_KY","USA",25000
"Dickcissel","17_NE","USA",24000
"Dickcissel","19_SD","USA",24000
"Dickcissel","17_MT","USA",22000
"Dickcissel","18_SD","USA",15000
"Dickcissel","23_IL","USA",14000
"Dickcissel","23_IN","USA",13000
"Dickcissel","18_WY","USA",9500
"Dickcissel","24_AL","USA",8600
"Dickcissel","23_MI","USA",8100
"Dickcissel","27_AL","USA",8000
"Dickcissel","12_WI","USA",7300
"Dickcissel","12_MN","USA",7300
"Dickcissel","35_TX","USA",3600
"Dickcissel","21_KS","USA",3400
"Dickcissel","27_GA","USA",2800
"Dickcissel","12_MI","USA",2600
"Dickcissel","29_SC","USA",2500
"Dickcissel","26_KY","USA",2400
"Dickcissel","29_GA","USA",2400
"Dickcissel","11_MB","CAN",1900
"Dickcissel","28_TN","USA",1900
"Dickcissel","22_WI","USA",1800
"Dickcissel","18_NM","USA",1800
"Dickcissel","26_IL","USA",1500
"Dickcissel","17_WY","USA",1500
"Dickcissel","28_AL","USA",1200
"Dickcissel","22_MI","USA",1100
"Dickcissel","28_VA","USA",950
"Dickcissel","28_OH","USA",950
"Dickcissel","29_MD","USA",850
"Dickcissel","11_SK","CAN",820
"Dickcissel","24_KS","USA",520
"Dickcissel","27_NC","USA",500
"Dickcissel","11_MT","USA",460
"Dickcissel","29_VA","USA",460
"Dickcissel","16_NM","USA",410
"Dickcissel","35_NM","USA",240
"Dickcissel","27_VA","USA",240
"Dickcissel","27_LA","USA",240
"Dickcissel","24_OH","USA",170
"Dickcissel","28_KY","USA",150
"Dickcissel","29_NC","USA",140
"Dickcissel","30_DE","USA",130
"Dickcissel","23_OH","USA",110
"Dickcissel","30_MD","USA",100
"Dickcissel","28_MD","USA",100
"Dickcissel","13_NY","USA",93
"Dickcissel","13_OH","USA",81
"Dickcissel","28_PA","USA",47
