"common_name","eBird","BAMv4","BAMv5","CGAMv1","DUC"
"Yellow-bellied Sapsucker","Yes","Yes","No","No","No"
"Abert's Towhee","Yes","No","No","No","No"
"Ash-breasted Sierra Finch","Yes","No","No","No","No"
"Acadian Flycatcher","Yes","No","No","No","No"
"Acorn Woodpecker","Yes","No","No","No","No"
"Adelaide's Warbler","Yes","No","No","No","No"
"African Collared-Dove","Yes","No","No","No","No"
"African Fish-Eagle","Yes","No","No","No","No"
"African Marsh Harrier","Yes","No","No","No","No"
"African Palm Swift","Yes","No","No","No","No"
"African Hawk-Eagle","Yes","No","No","No","No"
"African Jacana","Yes","No","No","No","No"
"African Skimmer","Yes","No","No","No","No"
"African Spoonbill","Yes","No","No","No","No"
"Agami Heron","Yes","No","No","No","No"
"Alder Flycatcher","Yes","Yes","Yes","No","No"
"Alexandrine Parakeet","Yes","No","No","No","No"
"Aleutian Tern","Yes","No","No","No","No"
"Allen's Hummingbird","Yes","No","No","No","No"
"Alpine Accentor","Yes","No","No","No","No"
"Alpine Swift","Yes","No","No","No","No"
"Altamira Oriole","Yes","No","No","No","No"
"Altamira Yellowthroat","Yes","No","No","No","No"
"Amazon Kingfisher","Yes","No","No","No","No"
"American Black Duck","Yes","No","No","No","No"
"American Avocet","Yes","No","No","No","No"
"American Bittern","Yes","No","No","No","No"
"American Crow","Yes","Yes","No","No","No"
"American Dipper","Yes","No","No","No","No"
"American Goldfinch","Yes","Yes","No","No","No"
"American Kestrel","Yes","No","No","No","No"
"American Oystercatcher","Yes","No","No","No","No"
"American Pipit","Yes","Yes","Yes","No","No"
"American Redstart","Yes","Yes","No","No","No"
"American Robin","Yes","Yes","No","No","No"
"American Wigeon","Yes","No","No","No","No"
"American Woodcock","Yes","No","No","No","No"
"American Golden-Plover","Yes","No","No","No","No"
"American Herring Gull","Yes","No","No","No","No"
"American Pygmy Kingfisher","Yes","No","No","No","No"
"Amethyst-throated Mountain-gem","Yes","No","No","No","No"
"American Tree Sparrow","Yes","Yes","Yes","No","No"
"Amur Falcon","Yes","No","No","No","No"
"Amur Paradise-Flycatcher","Yes","No","No","No","No"
"American White Pelican","Yes","No","No","No","No"
"Antillean Crested Hummingbird","Yes","No","No","No","No"
"Ancient Murrelet","Yes","No","No","No","No"
"Andean Avocet","Yes","No","No","No","No"
"Andean Condor","Yes","No","No","No","No"
"Andean Duck","Yes","No","No","No","No"
"Andean Emerald","Yes","No","No","No","No"
"Andean Flamingo","Yes","No","No","No","No"
"Andean Flicker","Yes","No","No","No","No"
"Andean Goose","Yes","No","No","No","No"
"Andean Guan","Yes","No","No","No","No"
"Andean Gull","Yes","No","No","No","No"
"Andean Hillstar","Yes","No","No","No","No"
"Andean Lapwing","Yes","No","No","No","No"
"Andean Negrito","Yes","No","No","No","No"
"Andean Solitaire","Yes","No","No","No","No"
"Andean Swallow","Yes","No","No","No","No"
"Andean Swift","Yes","No","No","No","No"
"Andean Tinamou","Yes","No","No","No","No"
"Southern Giant-Petrel","Yes","No","No","No","No"
"Anhinga","Yes","No","No","No","No"
"Anna's Hummingbird","Yes","No","No","No","No"
"Antillean Palm Swift","Yes","No","No","No","No"
"Hispaniolan Euphonia","Yes","No","No","No","No"
"Puerto Rican Euphonia","Yes","No","No","No","No"
"Lesser Antillean Euphonia","Yes","No","No","No","No"
"Hispaniolan Mango","Yes","No","No","No","No"
"Puerto Rican Mango","Yes","No","No","No","No"
"Antillean Nighthawk","Yes","No","No","No","No"
"Antillean Piculet","Yes","No","No","No","No"
"Antillean Siskin","Yes","No","No","No","No"
"Apical Flycatcher","Yes","No","No","No","No"
"Aplomado Falcon","Yes","No","No","No","No"
"Arctic Loon","Yes","No","No","No","No"
"Arctic Tern","Yes","No","No","No","No"
"Arctic Warbler","Yes","No","No","No","No"
"Kamchatka Leaf Warbler","Yes","No","No","No","No"
"Arizona Woodpecker","Yes","No","No","No","No"
"Arrowhead Warbler","Yes","No","No","No","No"
"Ashy-crowned Sparrow-Lark","Yes","No","No","No","No"
"Asian Fairy-bluebird","Yes","No","No","No","No"
"Ashy-faced Owl","Yes","No","No","No","No"
"Asian Glossy Starling","Yes","No","No","No","No"
"Ashy-headed Goose","Yes","No","No","No","No"
"Asian House-Martin","Yes","No","No","No","No"
"Ashy Prinia","Yes","No","No","No","No"
"Ashy Tailorbird","Yes","No","No","No","No"
"Asian Dowitcher","Yes","No","No","No","No"
"Fork-tailed Drongo-Cuckoo","Yes","No","No","No","No"
"Asian Koel","Yes","No","No","No","No"
"Pacific Koel","Yes","No","No","No","No"
"Asian Stubtail","Yes","No","No","No","No"
"Indian Paradise-Flycatcher","Yes","No","No","No","No"
"Ashy Storm-Petrel","Yes","No","No","No","No"
"Ash-throated Flycatcher","Yes","No","No","No","No"
"Ashy-throated Chlorospingus","Yes","No","No","No","No"
"Atlantic Puffin","Yes","No","No","No","No"
"American Three-toed Woodpecker","Yes","Yes","Yes","No","No"
"Audouin's Gull","Yes","No","No","No","No"
"Audubon's Oriole","Yes","No","No","No","No"
"Sargasso Shearwater","Yes","No","No","No","No"
"Auckland Islands Shag","Yes","No","No","No","No"
"Australian King-Parrot","Yes","No","No","No","No"
"Austral Pygmy-Owl","Yes","No","No","No","No"
"Australasian Bittern","Yes","No","No","No","No"
"Austral Blackbird","Yes","No","No","No","No"
"Australian Brushturkey","Yes","No","No","No","No"
"Austral Canastero","Yes","No","No","No","No"
"Australasian Figbird","Yes","No","No","No","No"
"Australasian Gannet","Yes","No","No","No","No"
"Australasian Grebe","Yes","No","No","No","No"
"Australian Ibis","Yes","No","No","No","No"
"Nankeen Kestrel","Yes","No","No","No","No"
"Black-shouldered Kite","Yes","No","No","No","No"
"Australian Magpie","Yes","No","No","No","No"
"Austral Negrito","Yes","No","No","No","No"
"Austral Parakeet","Yes","No","No","No","No"
"Australian Pipit","Yes","No","No","No","No"
"New Zealand Pipit","Yes","No","No","No","No"
"Austral Rail","Yes","No","No","No","No"
"Australian Raven","Yes","No","No","No","No"
"Australian Shelduck","Yes","No","No","No","No"
"Australasian Shoveler","Yes","No","No","No","No"
"Austral Thrush","Yes","No","No","No","No"
"Azara's Spinetail","Yes","No","No","No","No"
"Azure-crowned Hummingbird","Yes","No","No","No","No"
"Azure-hooded Jay","Yes","No","No","No","No"
"Azure-rumped Tanager","Yes","No","No","No","No"
"Azure-shouldered Tanager","Yes","No","No","No","No"
"Aztec Thrush","Yes","No","No","No","No"
"Azure Kingfisher","Yes","No","No","No","No"
"Iberian Magpie","Yes","No","No","No","No"
"Bay-breasted Warbler","Yes","Yes","Yes","No","No"
"Band-backed Wren","Yes","No","No","No","No"
"Bare-crowned Antbird","Yes","No","No","No","No"
"Bar-crested Antshrike","Yes","No","No","No","No"
"Black-and-chestnut Eagle","Yes","No","No","No","No"
"Bachman's Sparrow","Yes","No","No","No","No"
"Bare-eyed Pigeon","Yes","No","No","No","No"
"Spectacled Thrush","Yes","No","No","No","No"
"Bare-faced Curassow","Yes","No","No","No","No"
"Barred Forest-Falcon","Yes","No","No","No","No"
"Bare-faced Ibis","Yes","No","No","No","No"
"Blue-and-gold Tanager","Yes","No","No","No","No"
"Black-and-gold Tanager","Yes","No","No","No","No"
"Bahama Mockingbird","Yes","No","No","No","No"
"Bahama Swallow","Yes","No","No","No","No"
"Bay-headed Tanager","Yes","No","No","No","No"
"Bahama Woodstar","Yes","No","No","No","No"
"Bahama Yellowthroat","Yes","No","No","No","No"
"Baird's Flycatcher","Yes","No","No","No","No"
"Baird's Sandpiper","Yes","No","No","No","No"
"Baird's Sparrow","Yes","No","No","Yes","No"
"Baird's Trogon","Yes","No","No","No","No"
"Bald Eagle","Yes","No","No","No","No"
"Baltimore Oriole","Yes","Yes","No","No","No"
"Bare-legged Owl","Yes","No","No","No","No"
"Balearic Shearwater","Yes","No","No","No","No"
"Bananaquit","Yes","No","No","No","No"
"Bank Myna","Yes","No","No","No","No"
"Banded Quail","Yes","No","No","No","No"
"Bank Swallow","Yes","Yes","No","No","No"
"Bare-necked Umbrellabird","Yes","No","No","No","No"
"Banded Woodpecker","Yes","No","No","No","No"
"Banded Wren","Yes","No","No","No","No"
"Barred Antshrike","Yes","No","No","No","No"
"Barred Becard","Yes","No","No","No","No"
"Barbados Bullfinch","Yes","No","No","No","No"
"Barred Buttonquail","Yes","No","No","No","No"
"Barrow's Goldeneye","Yes","No","No","No","No"
"Barnacle Goose","Yes","No","No","No","No"
"Barred Hawk","Yes","No","No","No","No"
"Barred Parakeet","Yes","No","No","No","No"
"Barred Puffbird","Yes","No","No","No","No"
"Barn Swallow","Yes","Yes","No","No","No"
"Band-rumped Swift","Yes","No","No","No","No"
"Barbuda Warbler","Yes","No","No","No","No"
"Bar-shouldered Dove","Yes","No","No","No","No"
"Balsas Screech-Owl","Yes","No","No","No","No"
"Band-tailed Barbthroat","Yes","No","No","No","No"
"Bare-throated Bellbird","Yes","No","No","No","No"
"Band-tailed Earthcreeper","Yes","No","No","No","No"
"Bateleur","Yes","No","No","No","No"
"Bat Falcon","Yes","No","No","No","No"
"Bar-tailed Godwit","Yes","No","No","No","No"
"Band-tailed Pigeon","Yes","No","No","No","No"
"Band-tailed Seedeater","Yes","No","No","No","No"
"Black-and-white Becard","Yes","No","No","No","No"
"Black-and-white Hawk-Eagle","Yes","No","No","No","No"
"Blue-and-white Mockingbird","Yes","No","No","No","No"
"Band-winged Nightjar","Yes","No","No","No","No"
"Tschudi's Nightjar","Yes","No","No","No","No"
"Bar-winged Oriole","Yes","No","No","No","No"
"Black-and-white Owl","Yes","No","No","No","No"
"Blue-and-white Swallow","Yes","No","No","No","No"
"Black-and-white Warbler","Yes","Yes","Yes","No","No"
"Black-and-yellow Silky-flycatcher","Yes","No","No","No","No"
"Blue-and-yellow Macaw","Yes","No","No","No","No"
"Black-and-yellow Tanager","Yes","No","No","No","No"
"Blue-and-yellow Tanager","Yes","No","No","No","No"
"Bay Wren","Yes","No","No","No","No"
"Buff-browed Foliage-gleaner","Yes","No","No","No","No"
"Black-billed Nightingale-Thrush","Yes","No","No","No","No"
"Black-bellied Whistling-Duck","Yes","No","No","No","No"
"Black-breasted Wood-Quail","Yes","No","No","No","No"
"Black-cheeked Ant-Tanager","Yes","No","No","No","No"
"Black-chested Buzzard-Eagle","Yes","No","No","No","No"
"Blue-crowned Hanging-Parrot","Yes","No","No","No","No"
"Black-crowned Night Heron","Yes","No","No","No","No"
"Black-crowned Palm-Tanager","Yes","No","No","No","No"
"Black-capped Pygmy-Tyrant","Yes","No","No","No","No"
"Brown-capped Rosy-Finch","Yes","No","No","No","No"
"Buffy-crowned Wood-Partridge","Yes","No","No","No","No"
"Bearded Bellbird","Yes","No","No","No","No"
"Beautiful Hummingbird","Yes","No","No","No","No"
"Beautiful Woodpecker","Yes","No","No","No","No"
"Bee Hummingbird","Yes","No","No","No","No"
"Belted Flycatcher","Yes","No","No","No","No"
"Belcher's Gull","Yes","No","No","No","No"
"Belted Kingfisher","Yes","Yes","No","No","No"
"Bell Miner","Yes","No","No","No","No"
"Bell's Sparrow","Yes","No","No","No","No"
"Bell's Vireo","Yes","No","No","No","No"
"Belding's Yellowthroat","Yes","No","No","No","No"
"Bengal Bushlark","Yes","No","No","No","No"
"Bendire's Thrasher","Yes","No","No","No","No"
"Black-breasted Weaver","Yes","No","No","No","No"
"Berylline Hummingbird","Yes","No","No","No","No"
"Berthelot's Pipit","Yes","No","No","No","No"
"Bearded Screech-Owl","Yes","No","No","No","No"
"Besra","Yes","No","No","No","No"
"Bearded Wood-Partridge","Yes","No","No","No","No"
"Black-eared Wood-Quail","Yes","No","No","No","No"
"Bewick's Wren","Yes","No","No","No","No"
"Brownish-flanked Bush Warbler","Yes","No","No","No","No"
"Buff-fronted Foliage-gleaner","Yes","No","No","No","No"
"Bare-faced Ground Dove","Yes","No","No","No","No"
"Black-fronted Ground-Tyrant","Yes","No","No","No","No"
"Black-fronted Piping-Guan","Yes","No","No","No","No"
"Buff-fronted Quail-Dove","Yes","No","No","No","No"
"Black-headed Nightingale-Thrush","Yes","No","No","No","No"
"Black-hooded Sierra Finch","Yes","No","No","No","No"
"Black-headed Tody-Flycatcher","Yes","No","No","No","No"
"Bicolored Antbird","Yes","No","No","No","No"
"Bicolored Conebill","Yes","No","No","No","No"
"Bicolored Hawk","Yes","No","No","No","No"
"Chilean Hawk","Yes","No","No","No","No"
"Bicknell's Thrush","Yes","No","No","No","No"
"Bicolored Wren","Yes","No","No","No","No"
"Black-browed Albatross","Yes","No","No","No","No"
"Black-billed Cuckoo","Yes","Yes","Yes","No","No"
"Black-billed Magpie","Yes","Yes","No","No","No"
"Black-bellied Plover","Yes","No","No","No","No"
"Black-billed Shrike-Tyrant","Yes","No","No","No","No"
"Black-chested Snake-Eagle","Yes","No","No","No","No"
"Blackburnian Warbler","Yes","Yes","Yes","No","No"
"Black-backed Woodpecker","Yes","Yes","Yes","No","No"
"Black-capped Chickadee","Yes","Yes","Yes","No","No"
"Black-capped Donacobius","Yes","No","No","No","No"
"Black-capped Gnatcatcher","Yes","No","No","No","No"
"Black-chinned Hummingbird","Yes","No","No","No","No"
"Black-cowled Oriole","Yes","No","No","No","No"
"Black-chinned Sparrow","Yes","No","No","No","No"
"Black-collared Starling","Yes","No","No","No","No"
"Black-capped Vireo","Yes","No","No","No","No"
"Black-footed Albatross","Yes","No","No","No","No"
"Mayan Antthrush","Yes","No","No","No","No"
"Masked Bunting","Yes","No","No","No","No"
"Black-faced Cuckooshrike","Yes","No","No","No","No"
"Black-faced Grassquit","Yes","No","No","No","No"
"Black-faced Ibis","Yes","No","No","No","No"
"Andean Ibis","Yes","No","No","No","No"
"Black-headed Berryeater","Yes","No","No","No","No"
"Black-headed Grosbeak","Yes","No","No","No","No"
"Black-headed Gull","Yes","No","No","No","No"
"Nanday Parakeet","Yes","No","No","No","No"
"Black-legged Kittiwake","Yes","No","No","No","No"
"Yellow-throated Toucan","Yes","No","No","No","No"
"Black-necked Stilt","Yes","No","No","No","No"
"Blackpoll Warbler","Yes","Yes","Yes","No","No"
"Black Rosy-Finch","Yes","No","No","No","No"
"Black-rumped Flameback","Yes","No","No","No","No"
"Black-rumped Waxbill","Yes","No","No","No","No"
"Black-winged Kite","Yes","No","No","No","No"
"Black-throated Flowerpiercer","Yes","No","No","No","No"
"Black-tailed Gnatcatcher","Yes","No","No","No","No"
"Black-tailed Gull","Yes","No","No","No","No"
"Black-throated Sparrow","Yes","No","No","No","No"
"Northern Black-throated Trogon","Yes","No","No","No","No"
"Black-vented Oriole","Yes","No","No","No","No"
"Black-vented Shearwater","Yes","No","No","No","No"
"Black-winged Cuckooshrike","Yes","No","No","No","No"
"Black-winged Petrel","Yes","No","No","No","No"
"Black-winged Stilt","Yes","No","No","No","No"
"Black-whiskered Vireo","Yes","No","No","No","No"
"Black Antshrike","Yes","No","No","No","No"
"Black Bulbul","Yes","No","No","No","No"
"Black Catbird","Yes","No","No","No","No"
"Blackish Cinclodes","Yes","No","No","No","No"
"Eurasian Blackcap","Yes","No","No","No","No"
"Black Crake","Yes","No","No","No","No"
"Black Currawong","Yes","No","No","No","No"
"Black Drongo","Yes","No","No","No","No"
"Black Eagle","Yes","No","No","No","No"
"Black Guan","Yes","No","No","No","No"
"Black Honeyeater","Yes","No","No","No","No"
"Black Kite","Yes","No","No","No","No"
"Black Oropendola","Yes","No","No","No","No"
"Blackish Oystercatcher","Yes","No","No","No","No"
"Blacksmith Lapwing","Yes","No","No","No","No"
"Black Redstart","Yes","No","No","No","No"
"Black Thrush","Yes","No","No","No","No"
"Black Siskin","Yes","No","No","No","No"
"Black Stilt","Yes","No","No","No","No"
"Black Stork","Yes","No","No","No","No"
"Blackish Tapaculo","Yes","No","No","No","No"
"Blue-billed Duck","Yes","No","No","No","No"
"Blue-black Grassquit","Yes","No","No","No","No"
"Black-billed Gull","Yes","No","No","No","No"
"Black-bellied Hummingbird","Yes","No","No","No","No"
"Blue-backed Manakin","Yes","No","No","No","No"
"Black-backed Oriole","Yes","No","No","No","No"
"Black-billed Amazon","Yes","No","No","No","No"
"Black-breasted Puffbird","Yes","No","No","No","No"
"Black-backed Puffback","Yes","No","No","No","No"
"Black-bellied Sandgrouse","Yes","No","No","No","No"
"Black-banded Woodcreeper","Yes","No","No","No","No"
"Black-bodied Woodpecker","Yes","No","No","No","No"
"Black-bellied Wren","Yes","No","No","No","No"
"Black-crowned Antpitta","Yes","No","No","No","No"
"Black-crested Antshrike","Yes","No","No","No","No"
"Blue-crowned Chlorophonia","Yes","No","No","No","No"
"Black-crested Coquette","Yes","No","No","No","No"
"Black-capped Flycatcher","Yes","No","No","No","No"
"Black-collared Hawk","Yes","No","No","No","No"
"Blue-chested Hummingbird","Yes","No","No","No","No"
"Blue-capped Hummingbird","Yes","No","No","No","No"
"Black-chested Jay","Yes","No","No","No","No"
"Black-capped Kingfisher","Yes","No","No","No","No"
"Black-capped Siskin","Yes","No","No","No","No"
"Black-chinned Siskin","Yes","No","No","No","No"
"Black-chested Sparrow","Yes","No","No","No","No"
"Black-capped Swallow","Yes","No","No","No","No"
"Black-capped Tanager","Yes","No","No","No","No"
"Black-crowned Tityra","Yes","No","No","No","No"
"Black-crested Titmouse","Yes","No","No","No","No"
"Black-cheeked Warbler","Yes","No","No","No","No"
"Black-cheeked Woodpecker","Yes","No","No","No","No"
"Black-faced Antthrush","Yes","No","No","No","No"
"Black-fronted Dotterel","Yes","No","No","No","No"
"Black-faced Grosbeak","Yes","No","No","No","No"
"Blue-faced Honeyeater","Yes","No","No","No","No"
"Black-faced Laughingthrush","Yes","No","No","No","No"
"Black-faced Monarch","Yes","No","No","No","No"
"Black-faced Solitaire","Yes","No","No","No","No"
"Black-faced Spoonbill","Yes","No","No","No","No"
"Black-fronted Tern","Yes","No","No","No","No"
"Black-faced Woodswallow","Yes","No","No","No","No"
"Blue Ground Dove","Yes","No","No","No","No"
"Black-headed Antthrush","Yes","No","No","No","No"
"Black-hooded Antshrike","Yes","No","No","No","No"
"Black-headed Duck","Yes","No","No","No","No"
"Black Hawk-Eagle","Yes","No","No","No","No"
"Black-headed Honeyeater","Yes","No","No","No","No"
"Blue-headed Hummingbird","Yes","No","No","No","No"
"Black-headed Ibis","Yes","No","No","No","No"
"Blue-headed Parrot","Yes","No","No","No","No"
"Black-headed Saltator","Yes","No","No","No","No"
"Black-headed Siskin","Yes","No","No","No","No"
"Black-headed Trogon","Yes","No","No","No","No"
"Black Flowerpiercer","Yes","No","No","No","No"
"Black Francolin","Yes","No","No","No","No"
"Black Guillemot","Yes","No","No","No","No"
"Black Oystercatcher","Yes","No","No","No","No"
"Black Phoebe","Yes","No","No","No","No"
"Black Rail","Yes","No","No","No","No"
"Common Scoter","Yes","No","No","No","No"
"Black Scoter","Yes","No","No","No","No"
"Black Skimmer","Yes","No","No","No","No"
"Black Swan","Yes","No","No","No","No"
"Black Swift","Yes","No","No","No","No"
"Black Tern","Yes","No","No","No","No"
"Black Turnstone","Yes","No","No","No","No"
"Black Vulture","Yes","No","No","No","No"
"Blue Mountain Vireo","Yes","No","No","No","No"
"Black-naped Monarch","Yes","No","No","No","No"
"Black-naped Oriole","Yes","No","No","No","No"
"Black-necked Swan","Yes","No","No","No","No"
"Black-naped Tern","Yes","No","No","No","No"
"Black-polled Yellowthroat","Yes","No","No","No","No"
"Blyth's Reed Warbler","Yes","No","No","No","No"
"Black-striped Sparrow","Yes","No","No","No","No"
"Black-striped Woodcreeper","Yes","No","No","No","No"
"Black-throated Bobwhite","Yes","No","No","No","No"
"Black-tailed Flycatcher","Yes","No","No","No","No"
"Blue-throated Goldentail","Yes","No","No","No","No"
"Black-thighed Grosbeak","Yes","No","No","No","No"
"Blue-tailed Hummingbird","Yes","No","No","No","No"
"Black-throated Jay","Yes","No","No","No","No"
"Black-throated Mango","Yes","No","No","No","No"
"Blue-throated Motmot","Yes","No","No","No","No"
"Black-throated Munia","Yes","No","No","No","No"
"Blue-tufted Starthroat","Yes","No","No","No","No"
"Black-throated Sunbird","Yes","No","No","No","No"
"Black-tailed Tityra","Yes","No","No","No","No"
"Black-throated Tit","Yes","No","No","No","No"
"Black-tailed Trogon","Yes","No","No","No","No"
"Black-throated Wren","Yes","No","No","No","No"
"Blue Bunting","Yes","No","No","No","No"
"Blue Cotinga","Yes","No","No","No","No"
"Blue Crane","Yes","No","No","No","No"
"Blue Dacnis","Yes","No","No","No","No"
"Blue Duck","Yes","No","No","No","No"
"Bluethroat","Yes","No","No","No","No"
"Blue Grosbeak","Yes","No","No","No","No"
"Blue Jay","Yes","Yes","No","No","No"
"Blue Mockingbird","Yes","No","No","No","No"
"Blue Seedeater","Yes","No","No","No","No"
"Eurasian Blue Tit","Yes","No","No","No","No"
"Blue-winged Leafbird","Yes","No","No","No","No"
"Blue-winged Parrot","Yes","No","No","No","No"
"Blue Whistling-Thrush","Yes","No","No","No","No"
"Brown-crested Flycatcher","Yes","No","No","No","No"
"Sunda Pygmy Woodpecker","Yes","No","No","No","No"
"Brown-capped Pygmy Woodpecker","Yes","No","No","No","No"
"Brown-headed Cowbird","Yes","Yes","No","No","No"
"Brown-headed Gull","Yes","No","No","No","No"
"Brown-headed Nuthatch","Yes","No","No","No","No"
"Boat-billed Flycatcher","Yes","No","No","No","No"
"Boat-billed Heron","Yes","No","No","No","No"
"Bobolink","Yes","Yes","Yes","Yes","No"
"Bohemian Waxwing","Yes","Yes","No","No","No"
"Bokmakierie","Yes","No","No","No","No"
"Bonelli's Eagle","Yes","No","No","No","No"
"Bonaparte's Gull","Yes","No","No","No","No"
"Booted Eagle","Yes","No","No","No","No"
"Boreal Chickadee","Yes","Yes","Yes","No","No"
"Boreal Owl","Yes","No","No","No","No"
"Boat-tailed Grackle","Yes","No","No","No","No"
"Botteri's Sparrow","Yes","No","No","No","No"
"Boucard's Wren","Yes","No","No","No","No"
"Brandt's Cormorant","Yes","No","No","No","No"
"Brahminy Kite","Yes","No","No","No","No"
"Brambling","Yes","No","No","No","No"
"Brant","Yes","No","No","No","No"
"Brahminy Starling","Yes","No","No","No","No"
"Brazilian Teal","Yes","No","No","No","No"
"Brown-breasted Bulbul","Yes","No","No","No","No"
"Broad-billed Hummingbird","Yes","No","No","No","No"
"Turquoise-crowned Hummingbird","Yes","No","No","No","No"
"Broad-billed Motmot","Yes","No","No","No","No"
"Broad-billed Sandpiper","Yes","No","No","No","No"
"Brown-billed Scythebill","Yes","No","No","No","No"
"Brown-backed Solitaire","Yes","No","No","No","No"
"Broad-billed Tody","Yes","No","No","No","No"
"Brown Cuckoo-Dove","Yes","No","No","No","No"
"Bran-colored Flycatcher","Yes","No","No","No","No"
"Rufescent Flycatcher","Yes","No","No","No","No"
"Brown-chested Martin","Yes","No","No","No","No"
"Brown-capped Tyrannulet","Yes","No","No","No","No"
"Brown-capped Vireo","Yes","No","No","No","No"
"Barred Owl","Yes","No","No","No","No"
"Brewer's Blackbird","Yes","Yes","No","No","No"
"Brown-eared Bulbul","Yes","No","No","No","No"
"Brewer's Sparrow","Yes","No","No","Yes","No"
"Brown-hooded Gull","Yes","No","No","No","No"
"Brown-hooded Parrot","Yes","No","No","No","No"
"Brown-headed Thrush","Yes","No","No","No","No"
"European Storm-Petrel","Yes","No","No","No","No"
"Bridled Sparrow","Yes","No","No","No","No"
"Bridled Titmouse","Yes","No","No","No","No"
"Brown Creeper","Yes","Yes","Yes","No","No"
"Brown Jay","Yes","No","No","No","No"
"American Barn Owl","Yes","No","No","No","No"
"Brown Pelican","Yes","No","No","No","No"
"Brown Shrike","Yes","No","No","No","No"
"Brown Thrasher","Yes","Yes","No","No","No"
"Bronzed Cowbird","Yes","No","No","No","No"
"Bronzed Drongo","Yes","No","No","No","No"
"Brown Falcon","Yes","No","No","No","No"
"Brownish Twistwing","Yes","No","No","No","No"
"Brown Gerygone","Yes","No","No","No","No"
"Brown Goshawk","Yes","No","No","No","No"
"Bronzy Hermit","Yes","No","No","No","No"
"Brown Honeyeater","Yes","No","No","No","No"
"Brolga","Yes","No","No","No","No"
"Bronze Mannikin","Yes","No","No","No","No"
"Brown Quail","Yes","No","No","No","No"
"Stewart Island Shag","Yes","No","No","No","No"
"Brown Teal","Yes","No","No","No","No"
"Brown Thornbill","Yes","No","No","No","No"
"Brown Tinamou","Yes","No","No","No","No"
"Brown Trembler","Yes","No","No","No","No"
"Brown Treecreeper","Yes","No","No","No","No"
"Bridled Quail-Dove","Yes","No","No","No","No"
"Bright-rumped Attila","Yes","No","No","No","No"
"Brown Snake-Eagle","Yes","No","No","No","No"
"Bristle-thighed Curlew","Yes","No","No","No","No"
"Broad-tailed Hummingbird","Yes","No","No","No","No"
"Brown-throated Parakeet","Yes","No","No","No","No"
"Bronze-tailed Plumeleteer","Yes","No","No","No","No"
"Little Wattlebird","Yes","No","No","No","No"
"Brown Violetear","Yes","No","No","No","No"
"Broad-winged Hawk","Yes","No","No","No","No"
"Bronze-winged Jacana","Yes","No","No","No","No"
"Bronze-winged Parrot","Yes","No","No","No","No"
"Bright-rumped Yellow-Finch","Yes","No","No","No","No"
"Bare-shanked Screech-Owl","Yes","No","No","No","No"
"Blue-tailed Bee-eater","Yes","No","No","No","No"
"Black-throated Blue Warbler","Yes","Yes","Yes","No","No"
"Ochre-throated Foliage-gleaner","Yes","No","No","No","No"
"Black-throated Huet-huet","Yes","No","No","No","No"
"Black-throated Magpie-Jay","Yes","No","No","No","No"
"Black-throated Green Warbler","Yes","Yes","Yes","No","No"
"Band-tailed Sierra Finch","Yes","No","No","No","No"
"Black-throated Shrike-Tanager","Yes","No","No","No","No"
"Bare-throated Tiger-Heron","Yes","No","No","No","No"
"Black-throated Gray Warbler","Yes","No","No","No","No"
"Southern Cordonbleu","Yes","No","No","No","No"
"Buff-breasted Earthcreeper","Yes","No","No","No","No"
"Buff-breasted Flycatcher","Yes","No","No","No","No"
"Blue-black Grosbeak","Yes","No","No","No","No"
"Buff-bellied Hummingbird","Yes","No","No","No","No"
"Buff-banded Rail","Yes","No","No","No","No"
"Buff-breasted Sandpiper","Yes","No","No","No","No"
"Burnished-buff Tanager","Yes","No","No","No","No"
"Buff-breasted Wren","Yes","No","No","No","No"
"Bushy-crested Jay","Yes","No","No","No","No"
"Velvety Manakin","Yes","No","No","No","No"
"Blue-capped Motmot","Yes","No","No","No","No"
"Lesson's Motmot","Yes","No","No","No","No"
"Whooping Motmot","Yes","No","No","No","No"
"Buff-collared Nightjar","Yes","No","No","No","No"
"Blue-crowned Parakeet","Yes","No","No","No","No"
"Blue-capped Redstart","Yes","No","No","No","No"
"Blue-chinned Sapphire","Yes","No","No","No","No"
"Budgerigar","Yes","No","No","No","No"
"Bufflehead","Yes","No","No","No","No"
"Turquoise-fronted Amazon","Yes","No","No","No","No"
"Blue-fronted Parrotlet","Yes","No","No","No","No"
"Buffy Tuftedcheek","Yes","No","No","No","No"
"Blue-gray Gnatcatcher","Yes","Yes","No","No","No"
"Blue-gray Tanager","Yes","No","No","No","No"
"Bull-headed Shrike","Yes","No","No","No","No"
"Blue-headed Vireo","Yes","Yes","Yes","No","No"
"Buller's Albatross","Yes","No","No","No","No"
"Bullock's Oriole","Yes","No","No","No","No"
"Buller's Shearwater","Yes","No","No","No","No"
"Bumblebee Hummingbird","Yes","No","No","No","No"
"Buff-necked Ibis","Yes","No","No","No","No"
"Burrowing Owl","Yes","No","No","No","No"
"Burrowing Parakeet","Yes","No","No","No","No"
"Buff-rumped Thornbill","Yes","No","No","No","No"
"Blue Rock-Thrush","Yes","No","No","No","No"
"Buff-rumped Warbler","Yes","No","No","No","No"
"Bushtit","Yes","No","No","No","No"
"Blue-throated Flycatcher","Yes","No","No","No","No"
"Chiriqui Foliage-gleaner","Yes","No","No","No","No"
"Fawn-throated Foliage-gleaner","Yes","No","No","No","No"
"Blue-throated Mountain-gem","Yes","No","No","No","No"
"Bush Thick-knee","Yes","No","No","No","No"
"Buff-throated Saltator","Yes","No","No","No","No"
"Blue-vented Hummingbird","Yes","No","No","No","No"
"Buff-winged Cinclodes","Yes","No","No","No","No"
"Blue-winged Teal","Yes","No","No","No","Yes"
"Blue-winged Warbler","Yes","No","No","No","No"
"Black-winged Ground Dove","Yes","No","No","No","No"
"Cackling Goose","Yes","No","No","No","No"
"Cactus Wren","Yes","No","No","No","No"
"Campbell Islands Shag","Yes","No","No","No","No"
"Campbell Islands Teal","Yes","No","No","No","No"
"California Condor","Yes","No","No","No","No"
"California Gnatcatcher","Yes","No","No","No","No"
"California Gull","Yes","No","No","No","No"
"Calliope Hummingbird","Yes","No","No","No","No"
"Calandra Lark","Yes","No","No","No","No"
"California Quail","Yes","No","No","No","No"
"California Thrasher","Yes","No","No","No","No"
"California Towhee","Yes","No","No","No","No"
"Cape May Warbler","Yes","Yes","No","No","No"
"Canyon Canastero","Yes","No","No","No","No"
"Canivet's Emerald","Yes","No","No","No","No"
"Canada Goose","Yes","No","No","No","No"
"Canyon Towhee","Yes","No","No","No","No"
"Canvasback","Yes","No","No","No","Yes"
"Canada Warbler","Yes","Yes","Yes","No","No"
"Canyon Wren","Yes","No","No","No","No"
"Cape Griffon","Yes","No","No","No","No"
"Capped Heron","Yes","No","No","No","No"
"Central American Pygmy-Owl","Yes","No","No","No","No"
"Pintado Petrel","Yes","No","No","No","No"
"Cape Shoveler","Yes","No","No","No","No"
"Cape Sparrow","Yes","No","No","No","No"
"Cape Sugarbird","Yes","No","No","No","No"
"Cape Teal","Yes","No","No","No","No"
"Carolina Chickadee","Yes","No","No","No","No"
"Caribbean Dove","Yes","No","No","No","No"
"Caribbean Elaenia","Yes","No","No","No","No"
"Carib Grackle","Yes","No","No","No","No"
"Caribbean Martin","Yes","No","No","No","No"
"Carolina Wren","Yes","No","No","No","No"
"Cassin's Auklet","Yes","No","No","No","No"
"Cassin's Finch","Yes","No","No","No","No"
"Cassin's Kingbird","Yes","No","No","No","No"
"Cassin's Sparrow","Yes","No","No","No","No"
"Caspian Tern","Yes","No","No","No","No"
"Cassin's Vireo","Yes","No","No","No","No"
"Western Cattle-Egret","Yes","No","No","No","No"
"Eastern Cattle-Egret","Yes","No","No","No","No"
"Cattle Tyrant","Yes","No","No","No","No"
"Cauca Guan","Yes","No","No","No","No"
"Cave Swallow","Yes","No","No","No","No"
"White-bridled Finch","Yes","No","No","No","No"
"Chestnut-capped Brushfinch","Yes","No","No","No","No"
"Cedar Waxwing","Yes","Yes","No","No","No"
"Cerulean Warbler","Yes","No","No","No","No"
"Cetti's Warbler","Yes","No","No","No","No"
"Charming Hummingbird","Yes","No","No","No","No"
"Chatham Islands Oystercatcher","Yes","No","No","No","No"
"Chestnut-backed Antbird","Yes","No","No","No","No"
"Chestnut-backed Chickadee","Yes","No","No","No","No"
"Channel-billed Cuckoo","Yes","No","No","No","No"
"Chestnut-bellied Cuckoo","Yes","No","No","No","No"
"Chestnut-headed Bee-eater","Yes","No","No","No","No"
"Chalk-browed Mockingbird","Yes","No","No","No","No"
"Indian Nuthatch","Yes","No","No","No","No"
"Chestnut-bellied Nuthatch","Yes","No","No","No","No"
"Burmese Nuthatch","Yes","No","No","No","No"
"Chestnut-backed Tanager","Yes","No","No","No","No"
"Channel-billed Toucan","Yes","No","No","No","No"
"Chestnut-crowned Antpitta","Yes","No","No","No","No"
"Chestnut-capped Blackbird","Yes","No","No","No","No"
"Chestnut-crowned Laughingthrush","Yes","No","No","No","No"
"Chestnut-collared Longspur","Yes","No","No","Yes","No"
"Chestnut-collared Swift","Yes","No","No","No","No"
"Chestnut-colored Woodpecker","Yes","No","No","No","No"
"Chestnut Bulbul","Yes","No","No","No","No"
"Chestnut Munia","Yes","No","No","No","No"
"Chestnut Woodpecker","Yes","No","No","No","No"
"Chestnut-fronted Macaw","Yes","No","No","No","No"
"Chestnut-headed Oropendola","Yes","No","No","No","No"
"Chestnut-headed Tesia","Yes","No","No","No","No"
"Chinese Blackbird","Yes","No","No","No","No"
"Chimango Caracara","Yes","No","No","No","No"
"Chinese Egret","Yes","No","No","No","No"
"Chilean Flamingo","Yes","No","No","No","No"
"Chilean Flicker","Yes","No","No","No","No"
"Chatham Islands Gerygone","Yes","No","No","No","No"
"Chilean Mockingbird","Yes","No","No","No","No"
"Chilean Pigeon","Yes","No","No","No","No"
"Chihuahuan Raven","Yes","No","No","No","No"
"Chatham Islands Shag","Yes","No","No","No","No"
"Chilean Skua","Yes","No","No","No","No"
"Chipping Sparrow","Yes","Yes","Yes","No","No"
"Chilean Swallow","Yes","No","No","No","No"
"Chimney Swift","Yes","No","No","No","No"
"Chiguanco Thrush","Yes","No","No","No","No"
"Chilean Tinamou","Yes","No","No","No","No"
"Chivi Vireo","Yes","No","No","No","No"
"Chiloe Wigeon","Yes","No","No","No","No"
"Chilean Woodstar","Yes","No","No","No","No"
"Chinese Pond-Heron","Yes","No","No","No","No"
"Chinese Penduline-Tit","Yes","No","No","No","No"
"Chiriqui Quail-Dove","Yes","No","No","No","No"
"Chestnut-sided Warbler","Yes","Yes","No","No","No"
"Checker-throated Stipplethroat","Yes","No","No","No","No"
"Chestnut-throated Seedeater","Yes","No","No","No","No"
"Chestnut-tailed Starling","Yes","No","No","No","No"
"Chukar","Yes","No","No","No","No"
"Chucao Tapaculo","Yes","No","No","No","No"
"Chocolate-vented Tyrant","Yes","No","No","No","No"
"Chestnut-winged Chachalaca","Yes","No","No","No","No"
"Chestnut-winged Cuckoo","Yes","No","No","No","No"
"Chestnut Wood-Quail","Yes","No","No","No","No"
"Chuck-will's-widow","Yes","No","No","No","No"
"Cinnamon-bellied Flowerpiercer","Yes","No","No","No","No"
"Cinnamon-bellied Ground-Tyrant","Yes","No","No","No","No"
"Cinnamon Becard","Yes","No","No","No","No"
"Cinnamon Bittern","Yes","No","No","No","No"
"Cinereous Conebill","Yes","No","No","No","No"
"Cinereous Ground-Tyrant","Yes","No","No","No","No"
"Cinereous Harrier","Yes","No","No","No","No"
"Cinnamon Hummingbird","Yes","No","No","No","No"
"Cinnamon Teal","Yes","No","No","No","No"
"Cinereous Vulture","Yes","No","No","No","No"
"Cinnamon Woodpecker","Yes","No","No","No","No"
"Cirl Bunting","Yes","No","No","No","No"
"Cinnamon-tailed Sparrow","Yes","No","No","No","No"
"Citreoline Trogon","Yes","No","No","No","No"
"Citrine Warbler","Yes","No","No","No","No"
"Clark's Grebe","Yes","No","No","No","No"
"Clark's Nutcracker","Yes","No","No","No","No"
"Clapper Rail","Yes","No","No","No","No"
"Clay-colored Thrush","Yes","No","No","No","No"
"Clay-colored Sparrow","Yes","Yes","No","Yes","No"
"Cliff Swallow","Yes","Yes","No","No","No"
"Coal Tit","Yes","No","No","No","No"
"Common Chlorospingus","Yes","No","No","No","No"
"Cocoi Heron","Yes","No","No","No","No"
"Cockatiel","Yes","No","No","No","No"
"Cocoa Thrush","Yes","No","No","No","No"
"Cocoa Woodcreeper","Yes","No","No","No","No"
"Diuca Finch","Yes","No","No","No","No"
"Common Diving-Petrel","Yes","No","No","No","No"
"Collared Forest-Falcon","Yes","No","No","No","No"
"Common Ground Dove","Yes","No","No","No","No"
"Common Grasshopper Warbler","Yes","No","No","No","No"
"Coppery-headed Emerald","Yes","No","No","No","No"
"Collared Antshrike","Yes","No","No","No","No"
"Collared Aracari","Yes","No","No","No","No"
"Colombian Chachalaca","Yes","No","No","No","No"
"Collared Crow","Yes","No","No","No","No"
"Collared Finchbill","Yes","No","No","No","No"
"Collared Inca","Yes","No","No","No","No"
"Collared Kingfisher","Yes","No","No","No","No"
"Collared Owlet","Yes","No","No","No","No"
"Collared Plover","Yes","No","No","No","No"
"Collared Pratincole","Yes","No","No","No","No"
"Collared Redstart","Yes","No","No","No","No"
"Collared Sparrowhawk","Yes","No","No","No","No"
"Collared Towhee","Yes","No","No","No","No"
"Collared Trogon","Yes","No","No","No","No"
"Colima Warbler","Yes","No","No","No","No"
"Common Black Hawk","Yes","No","No","No","No"
"Common Bulbul","Yes","No","No","No","No"
"Common Buzzard","Yes","No","No","No","No"
"Eastern Buzzard","Yes","No","No","No","No"
"Common Chaffinch","Yes","No","No","No","No"
"Common Chiffchaff","Yes","No","No","No","No"
"Common Crane","Yes","No","No","No","No"
"Common Cuckoo","Yes","No","No","No","No"
"Common Eider","Yes","No","No","No","No"
"Common Flameback","Yes","No","No","No","No"
"Common Gallinule","Yes","No","No","No","No"
"Common Goldeneye","Yes","No","No","No","No"
"Common Grackle","Yes","Yes","No","No","No"
"Common Greenshank","Yes","No","No","No","No"
"Western House-Martin","Yes","No","No","No","No"
"Common Kingfisher","Yes","No","No","No","No"
"Common Loon","Yes","No","No","No","No"
"Common Merganser","Yes","No","No","No","No"
"Common Miner","Yes","No","No","No","No"
"Common Murre","Yes","No","No","No","No"
"Common Myna","Yes","No","No","No","No"
"Common Nighthawk","Yes","No","No","No","No"
"Common Nightingale","Yes","No","No","No","No"
"Common Pauraque","Yes","No","No","No","No"
"Indian Peafowl","Yes","No","No","No","No"
"Common Pochard","Yes","No","No","No","No"
"Common Poorwill","Yes","No","No","No","No"
"Common Potoo","Yes","No","No","No","No"
"Common Quail","Yes","No","No","No","No"
"Common Raven","Yes","Yes","No","No","No"
"Common Redshank","Yes","No","No","No","No"
"Common Redstart","Yes","No","No","No","No"
"Common Sandpiper","Yes","No","No","No","No"
"Common Snipe","Yes","No","No","No","No"
"Common Swift","Yes","No","No","No","No"
"Common Tailorbird","Yes","No","No","No","No"
"Common Tern","Yes","No","No","No","No"
"Common Waxbill","Yes","No","No","No","No"
"Common Yellowthroat","Yes","Yes","No","No","No"
"Connecticut Warbler","Yes","Yes","Yes","No","No"
"Cooper's Hawk","Yes","No","No","No","No"
"Cook's Petrel","Yes","No","No","No","No"
"Coppersmith Barbet","Yes","No","No","No","No"
"Colima Pygmy-Owl","Yes","No","No","No","No"
"Corn Bunting","Yes","No","No","No","No"
"Cordilleran Canastero","Yes","No","No","No","No"
"Copper-rumped Hummingbird","Yes","No","No","No","No"
"Correndera Pipit","Yes","No","No","No","No"
"Common Ringed Plover","Yes","No","No","No","No"
"Cory's/Scopoli's Shearwater","Yes","No","No","No","No"
"Costa Rican Swift","Yes","No","No","No","No"
"Costa's Hummingbird","Yes","No","No","No","No"
"Collared Scops-Owl","Yes","No","No","No","No"
"Coscoroba Swan","Yes","No","No","No","No"
"Common Tody-Flycatcher","Yes","No","No","No","No"
"Couch's Kingbird","Yes","No","No","No","No"
"Collared Warbling Finch","Yes","No","No","No","No"
"Common Wood-Pigeon","Yes","No","No","No","No"
"California Scrub-Jay","Yes","No","No","No","No"
"Cozumel Emerald","Yes","No","No","No","No"
"Cozumel Vireo","Yes","No","No","No","No"
"Crag Chilia","Yes","No","No","No","No"
"Crane Hawk","Yes","No","No","No","No"
"Craveri's Murrelet","Yes","No","No","No","No"
"Crested Ant-Tanager","Yes","No","No","No","No"
"Creamy-breasted Canastero","Yes","No","No","No","No"
"Crimson-backed Tanager","Yes","No","No","No","No"
"Crested Black-Tyrant","Yes","No","No","No","No"
"Crimson-bellied Woodpecker","Yes","No","No","No","No"
"Crimson-collared Grosbeak","Yes","No","No","No","No"
"Crimson-collared Tanager","Yes","No","No","No","No"
"Crescent-chested Warbler","Yes","No","No","No","No"
"Crimson-crested Woodpecker","Yes","No","No","No","No"
"Crested Duck","Yes","No","No","No","No"
"Crested Goshawk","Yes","No","No","No","No"
"Crested Guan","Yes","No","No","No","No"
"Crescent Honeyeater","Yes","No","No","No","No"
"Crested Lark","Yes","No","No","No","No"
"Crested Myna","Yes","No","No","No","No"
"Crested Oropendola","Yes","No","No","No","No"
"Crested Owl","Yes","No","No","No","No"
"Crested Pigeon","Yes","No","No","No","No"
"Eastern Shrike-tit","Yes","No","No","No","No"
"Crested Tit","Yes","No","No","No","No"
"Crested Treeswift","Yes","No","No","No","No"
"Crimson-fronted Parakeet","Yes","No","No","No","No"
"Croaking Ground Dove","Yes","No","No","No","No"
"Crowned Eagle","Yes","No","No","No","No"
"Crimson Rosella","Yes","No","No","No","No"
"Crissal Thrasher","Yes","No","No","No","No"
"Crowned Woodnymph","Yes","No","No","No","No"
"Costa Rican Pygmy-Owl","Yes","No","No","No","No"
"Crested Quail-Dove","Yes","No","No","No","No"
"Crimson-rumped Toucanet","Yes","No","No","No","No"
"Crested Serpent-Eagle","Yes","No","No","No","No"
"Cream-vented Bulbul","Yes","No","No","No","No"
"Cream-winged Cinclodes","Yes","No","No","No","No"
"Chestnut-sided Shrike-Vireo","Yes","No","No","No","No"
"Chestnut-throated Huet-huet","Yes","No","No","No","No"
"Cuban Blackbird","Yes","No","No","No","No"
"Cuban Black Hawk","Yes","No","No","No","No"
"Cuban Bullfinch","Yes","No","No","No","No"
"Grand Cayman Bullfinch","Yes","No","No","No","No"
"Cuban Crow","Yes","No","No","No","No"
"Cuban Emerald","Yes","No","No","No","No"
"Cuban Gnatcatcher","Yes","No","No","No","No"
"Cuban Grassquit","Yes","No","No","No","No"
"Cuban Martin","Yes","No","No","No","No"
"Cuban Amazon","Yes","No","No","No","No"
"Cuban Pewee","Yes","No","No","No","No"
"Cuban Solitaire","Yes","No","No","No","No"
"Curve-billed Thrasher","Yes","No","No","No","No"
"Cuban Tody","Yes","No","No","No","No"
"Cuban Trogon","Yes","No","No","No","No"
"Cuban Vireo","Yes","No","No","No","No"
"Cuban Green Woodpecker","Yes","No","No","No","No"
"Cuban Palm-Crow","Yes","No","No","No","No"
"Cuban Pygmy-Owl","Yes","No","No","No","No"
"Curlew Sandpiper","Yes","No","No","No","No"
"Dark-bellied Cinclodes","Yes","No","No","No","No"
"Dark-eyed Junco","Yes","Yes","No","No","No"
"Dark-fronted Babbler","Yes","No","No","No","No"
"Dark-faced Ground-Tyrant","Yes","No","No","No","No"
"Dark-necked Tailorbird","Yes","No","No","No","No"
"Dark Pewee","Yes","No","No","No","No"
"African Darter","Yes","No","No","No","No"
"Dartford Warbler","Yes","No","No","No","No"
"Daurian Redstart","Yes","No","No","No","No"
"Dark-backed Wood-Quail","Yes","No","No","No","No"
"Des Murs's Wiretail","Yes","No","No","No","No"
"Diamond Firetail","Yes","No","No","No","No"
"Diademed Sandpiper-Plover","Yes","No","No","No","No"
"Diademed Tanager","Yes","No","No","No","No"
"Dickcissel","Yes","No","No","No","No"
"Dideric Cuckoo","Yes","No","No","No","No"
"Double-barred Finch","Yes","No","No","No","No"
"Double-banded Graytail","Yes","No","No","No","No"
"Double-banded Plover","Yes","No","No","No","No"
"Double-banded Sandgrouse","Yes","No","No","No","No"
"Double-crested Cormorant","Yes","No","No","No","No"
"Double-collared Seedeater","Yes","No","No","No","No"
"Dolphin Gull","Yes","No","No","No","No"
"Dollarbird","Yes","No","No","No","No"
"d'Orbigny's Chat-Tyrant","Yes","No","No","No","No"
"Double-toothed Kite","Yes","No","No","No","No"
"Dovekie","Yes","No","No","No","No"
"Antarctic Prion","Yes","No","No","No","No"
"Dot-winged Antwren","Yes","No","No","No","No"
"Downy Woodpecker","Yes","Yes","No","No","No"
"Double-striped Thick-knee","Yes","No","No","No","No"
"Dusky-backed Jacamar","Yes","No","No","No","No"
"Dusky-capped Flycatcher","Yes","No","No","No","No"
"Dusky-faced Tanager","Yes","No","No","No","No"
"Dusky-legged Guan","Yes","No","No","No","No"
"Dull-mantled Antbird","Yes","No","No","No","No"
"Dunlin","Yes","No","No","No","No"
"Dunnock","Yes","No","No","No","No"
"Dusky Antbird","Yes","No","No","No","No"
"Dusky Flycatcher","Yes","Yes","No","No","No"
"Dusky Fulvetta","Yes","No","No","No","No"
"Dusky Grouse","Yes","No","No","No","No"
"Dusky Hummingbird","Yes","No","No","No","No"
"Dusky Nightjar","Yes","No","No","No","No"
"Dusky Robin","Yes","No","No","No","No"
"Dusky Tapaculo","Yes","No","No","No","No"
"Dusky Warbler","Yes","No","No","No","No"
"Dusky Woodswallow","Yes","No","No","No","No"
"Dusky-tailed Canastero","Yes","No","No","No","No"
"Dwarf Jay","Yes","No","No","No","No"
"Eared Dove","Yes","No","No","No","No"
"Eared Grebe","Yes","No","No","No","No"
"Eared Quetzal","Yes","No","No","No","No"
"Eastern Bluebird","Yes","Yes","No","No","No"
"Eastern Kingbird","Yes","Yes","No","Yes","No"
"Eastern Marsh Harrier","Yes","No","No","No","No"
"Eastern Meadowlark","Yes","No","No","No","No"
"Eastern Screech-Owl","Yes","No","No","No","No"
"Eastern Phoebe","Yes","Yes","No","No","No"
"Eastern Rosella","Yes","No","No","No","No"
"Eastern Spinebill","Yes","No","No","No","No"
"Eastern Towhee","Yes","Yes","Yes","No","No"
"Eastern Whipbird","Yes","No","No","No","No"
"Eastern Whip-poor-will","Yes","No","No","No","No"
"Eastern Wood-Pewee","Yes","Yes","No","No","No"
"Eastern Yellow Wagtail","Yes","No","No","No","No"
"Ecuadorian Ground Dove","Yes","No","No","No","No"
"Ecuadorian Thrush","Yes","No","No","No","No"
"Egyptian Goose","Yes","No","No","No","No"
"Egyptian Vulture","Yes","No","No","No","No"
"Elegant Crested-Tinamou","Yes","No","No","No","No"
"Elegant Euphonia","Yes","No","No","No","No"
"Eleonora's Falcon","Yes","No","No","No","No"
"Elegant Quail","Yes","No","No","No","No"
"Elegant Tern","Yes","No","No","No","No"
"Elegant Trogon","Yes","No","No","No","No"
"Elf Owl","Yes","No","No","No","No"
"Elfin-woods Warbler","Yes","No","No","No","No"
"Emerald-chinned Hummingbird","Yes","No","No","No","No"
"Asian Emerald Dove","Yes","No","No","No","No"
"Emerald Tanager","Yes","No","No","No","No"
"Emperor Goose","Yes","No","No","No","No"
"Emu","Yes","No","No","No","No"
"Epaulet Oriole","Yes","No","No","No","No"
"Variable Oriole","Yes","No","No","No","No"
"Emerald-spotted Wood-Dove","Yes","No","No","No","No"
"Eurasian Three-toed Woodpecker","Yes","No","No","No","No"
"European Bee-eater","Yes","No","No","No","No"
"Eurasian Collared-Dove","Yes","No","No","No","No"
"Eurasian Golden Oriole","Yes","No","No","No","No"
"European Golden-Plover","Yes","No","No","No","No"
"European Honey-buzzard","Yes","No","No","No","No"
"Euler's Flycatcher","Yes","No","No","No","No"
"European Pied Flycatcher","Yes","No","No","No","No"
"Eurasian Blackbird","Yes","No","No","No","No"
"Eurasian Coot","Yes","No","No","No","No"
"Eurasian Crag-Martin","Yes","No","No","No","No"
"Eurasian Curlew","Yes","No","No","No","No"
"European Greenfinch","Yes","No","No","No","No"
"Eurasian Griffon","Yes","No","No","No","No"
"Eurasian Jay","Yes","No","No","No","No"
"Eurasian Kestrel","Yes","No","No","No","No"
"Eurasian Linnet","Yes","No","No","No","No"
"Eurasian Magpie","Yes","No","No","No","No"
"Eurasian Nightjar","Yes","No","No","No","No"
"Northern/Southern Nutcracker","Yes","No","No","No","No"
"Eurasian Oystercatcher","Yes","No","No","No","No"
"European Robin","Yes","No","No","No","No"
"European Roller","Yes","No","No","No","No"
"European Serin","Yes","No","No","No","No"
"European Shag","Yes","No","No","No","No"
"Eurasian Sparrowhawk","Yes","No","No","No","No"
"Eurasian Spoonbill","Yes","No","No","No","No"
"European Starling","Yes","Yes","No","No","No"
"Common Reed Warbler","Yes","No","No","No","No"
"Eurasian Wigeon","Yes","No","No","No","No"
"Eurasian Woodcock","Yes","No","No","No","No"
"Eurasian Wryneck","Yes","No","No","No","No"
"European Turtle-Dove","Yes","No","No","No","No"
"Eurasian Tree Sparrow","Yes","No","No","No","No"
"Evening Grosbeak","Yes","Yes","Yes","No","No"
"Eye-ringed Flatbill","Yes","No","No","No","No"
"Fawn-breasted Tanager","Yes","No","No","No","No"
"Far Eastern Curlew","Yes","No","No","No","No"
"Fairy Martin","Yes","No","No","No","No"
"Fairy Pitta","Yes","No","No","No","No"
"Fairy Prion","Yes","No","No","No","No"
"Australian Fairy Tern","Yes","No","No","No","No"
"Falcated Duck","Yes","No","No","No","No"
"Fasciated Antshrike","Yes","No","No","No","No"
"Fasciated Wren","Yes","No","No","No","No"
"Fan-tailed Cuckoo","Yes","No","No","No","No"
"Fasciated Tiger-Heron","Yes","No","No","No","No"
"Fan-tailed Warbler","Yes","No","No","No","No"
"Ferruginous Pygmy-Owl","Yes","No","No","No","No"
"Ferruginous Duck","Yes","No","No","No","No"
"Ferruginous Flycatcher","Yes","No","No","No","No"
"Ferruginous Hawk","Yes","No","No","No","No"
"New Zealand Fernbird","Yes","No","No","No","No"
"Fiery-billed Aracari","Yes","No","No","No","No"
"Fire-breasted Flowerpecker","Yes","No","No","No","No"
"Fire-eyed Diucon","Yes","No","No","No","No"
"Field Sparrow","Yes","Yes","Yes","No","No"
"Fish Crow","Yes","No","No","No","No"
"Five-striped Sparrow","Yes","No","No","No","No"
"Fiery-throated Hummingbird","Yes","No","No","No","No"
"Flammulated Flycatcher","Yes","No","No","No","No"
"Flammulated Owl","Yes","No","No","No","No"
"Flame Robin","Yes","No","No","No","No"
"Flame-colored Tanager","Yes","No","No","No","No"
"Flesh-footed Shearwater","Yes","No","No","No","No"
"Flightless Steamer-Duck","Yes","No","No","No","No"
"Flame-rumped Tanager","Yes","No","No","No","No"
"Florida Scrub-Jay","Yes","No","No","No","No"
"Flame-throated Warbler","Yes","No","No","No","No"
"Fluttering Shearwater","Yes","No","No","No","No"
"Flying Steamer-Duck","Yes","No","No","No","No"
"Forest Elaenia","Yes","No","No","No","No"
"Taiwan Blue-Magpie","Yes","No","No","No","No"
"Forest Raven","Yes","No","No","No","No"
"Forster's Tern","Yes","No","No","No","No"
"Forest Thrush","Yes","No","No","No","No"
"Forest Wagtail","Yes","No","No","No","No"
"Fork-tailed Drongo","Yes","No","No","No","No"
"Fork-tailed Flycatcher","Yes","No","No","No","No"
"Fork-tailed Sunbird","Yes","No","No","No","No"
"Pacific Swift","Yes","No","No","No","No"
"Taiwan Whistling-Thrush","Yes","No","No","No","No"
"Fox Sparrow","Yes","Yes","Yes","No","No"
"Franklin's Gull","Yes","No","No","No","No"
"Fork-tailed Palm Swift","Yes","No","No","No","No"
"Fork-tailed Storm-Petrel","Yes","No","No","No","No"
"Fulvous Owl","Yes","No","No","No","No"
"Fuscous Flycatcher","Yes","No","No","No","No"
"Fulvous-vented Euphonia","Yes","No","No","No","No"
"Fulvous Whistling-Duck","Yes","No","No","No","No"
"Gadwall","Yes","No","No","No","Yes"
"Gang-gang Cockatoo","Yes","No","No","No","No"
"Galah","Yes","No","No","No","No"
"Gambel's Quail","Yes","No","No","No","No"
"Garden Emerald","Yes","No","No","No","No"
"Garganey","Yes","No","No","No","No"
"Green-and-rufous Kingfisher","Yes","No","No","No","No"
"Gartered Trogon","Yes","No","No","No","No"
"Garnet-throated Hummingbird","Yes","No","No","No","No"
"Great Black-backed Gull","Yes","No","No","No","No"
"Green-breasted Mountain-gem","Yes","No","No","No","No"
"Gray-breasted Wood-Wren","Yes","No","No","No","No"
"Golden-cheeked Warbler","Yes","No","No","No","No"
"Gray-crowned Palm-Tanager","Yes","No","No","No","No"
"Gray-crowned Rosy-Finch","Yes","No","No","No","No"
"Golden-crowned Warbler","Yes","No","No","No","No"
"Gray-fronted Quail-Dove","Yes","No","No","No","No"
"Giant Conebill","Yes","No","No","No","No"
"Giant Coot","Yes","No","No","No","No"
"Giant Cowbird","Yes","No","No","No","No"
"Giant Hummingbird","Yes","No","No","No","No"
"Giant Kingbird","Yes","No","No","No","No"
"Giant Wren","Yes","No","No","No","No"
"Gilded Barbet","Yes","No","No","No","No"
"Gilded Flicker","Yes","No","No","No","No"
"Gila Woodpecker","Yes","No","No","No","No"
"Glaucous Gull","Yes","No","No","No","No"
"Glaucous Tanager","Yes","No","No","No","No"
"Glossy Black-Cockatoo","Yes","No","No","No","No"
"Glittering-bellied Emerald","Yes","No","No","No","No"
"Glossy Ibis","Yes","No","No","No","No"
"Glaucous-winged Gull","Yes","No","No","No","No"
"Green-breasted Mango","Yes","No","No","No","No"
"Green-backed Trogon","Yes","No","No","No","No"
"Green-tailed Towhee","Yes","No","No","No","No"
"Green-winged Teal","Yes","No","No","No","No"
"Golden-browed Chlorophonia","Yes","No","No","No","No"
"Golden-bellied Flycatcher","Yes","No","No","No","No"
"Golden-bellied Gerygone","Yes","No","No","No","No"
"Golden-browed Warbler","Yes","No","No","No","No"
"Cuzco Warbler","Yes","No","No","No","No"
"Choco Warbler","Yes","No","No","No","No"
"Golden-crowned Emerald","Yes","No","No","No","No"
"Golden-crowned Kinglet","Yes","Yes","Yes","No","No"
"Golden-collared Manakin","Yes","No","No","No","No"
"Golden-crowned Sparrow","Yes","Yes","No","No","No"
"Golden-crowned Spadebill","Yes","No","No","No","No"
"Golden-chevroned Tanager","Yes","No","No","No","No"
"Golden-cheeked Woodpecker","Yes","No","No","No","No"
"Golden-fronted Greenlet","Yes","No","No","No","No"
"Golden-faced Tyrannulet","Yes","No","No","No","No"
"Golden-fronted Woodpecker","Yes","No","No","No","No"
"Golden-green Woodpecker","Yes","No","No","No","No"
"Golden-headed Cisticola","Yes","No","No","No","No"
"Golden-headed Manakin","Yes","No","No","No","No"
"Golden-hooded Tanager","Yes","No","No","No","No"
"Goldcrest","Yes","No","No","No","No"
"Golden Eagle","Yes","No","No","No","No"
"Goliath Heron","Yes","No","No","No","No"
"Golden Swallow","Yes","No","No","No","No"
"Golden Tanager","Yes","No","No","No","No"
"Golden Vireo","Yes","No","No","No","No"
"Golden-naped Woodpecker","Yes","No","No","No","No"
"Golden-olive Woodpecker","Yes","No","No","No","No"
"Golden-plumed Parakeet","Yes","No","No","No","No"
"Gorgeted Sunangel","Yes","No","No","No","No"
"Gold-ringed Tanager","Yes","No","No","No","No"
"Mrs. Gould's Sunbird","Yes","No","No","No","No"
"Golden-winged Warbler","Yes","Yes","Yes","No","No"
"Greater Antillean Bullfinch","Yes","No","No","No","No"
"Greater Antillean Elaenia","Yes","No","No","No","No"
"Graylag Goose","Yes","No","No","No","No"
"Greater Antillean Grackle","Yes","No","No","No","No"
"Gray Heron","Yes","No","No","No","No"
"Cryptic Honeyeater","Yes","No","No","No","No"
"Grayish Miner","Yes","No","No","No","No"
"Hispaniolan Nightjar","Yes","No","No","No","No"
"Hispaniolan Oriole","Yes","No","No","No","No"
"Cuban Oriole","Yes","No","No","No","No"
"Bahama Oriole","Yes","No","No","No","No"
"Puerto Rican Oriole","Yes","No","No","No","No"
"Grayish Piculet","Yes","No","No","No","No"
"Cinnamon-bellied Saltator","Yes","No","No","No","No"
"Olive-gray Saltator","Yes","No","No","No","No"
"Grasshopper Sparrow","Yes","Yes","No","Yes","No"
"Gray Thrasher","Yes","No","No","No","No"
"Gray Trembler","Yes","No","No","No","No"
"Grace's Warbler","Yes","No","No","No","No"
"Groove-billed Ani","Yes","No","No","No","No"
"Green-backed Camaroptera","Yes","No","No","No","No"
"Gray-breasted Crake","Yes","No","No","No","No"
"Green-backed Firecrown","Yes","No","No","No","No"
"Great Black Hawk","Yes","No","No","No","No"
"Great Blue Heron","Yes","No","No","No","No"
"Green-backed Sparrow","Yes","No","No","No","No"
"Green-backed Tit","Yes","No","No","No","No"
"Gray-breasted Woodpecker","Yes","No","No","No","No"
"Gray-barred Wren","Yes","No","No","No","No"
"Gray-collared Becard","Yes","No","No","No","No"
"Green-crowned Brilliant","Yes","No","No","No","No"
"Gray Crowned-Crane","Yes","No","No","No","No"
"Gray-chested Dove","Yes","No","No","No","No"
"Great Crested Flycatcher","Yes","Yes","No","No","No"
"Gray-capped Flycatcher","Yes","No","No","No","No"
"Great Crested Grebe","Yes","No","No","No","No"
"Great Crested Tern","Yes","No","No","No","No"
"Greater Ani","Yes","No","No","No","No"
"Great Antshrike","Yes","No","No","No","No"
"Eurasian Bittern","Yes","No","No","No","No"
"Great Bustard","Yes","No","No","No","No"
"Green Catbird","Yes","No","No","No","No"
"Great Cormorant","Yes","No","No","No","No"
"Greater Coucal","Yes","No","No","No","No"
"Great Curassow","Yes","No","No","No","No"
"Great Egret","Yes","No","No","No","No"
"Greenish Elaenia","Yes","No","No","No","No"
"American Flamingo","Yes","No","No","No","No"
"Greater Flamingo","Yes","No","No","No","No"
"Grenada Flycatcher","Yes","No","No","No","No"
"Great Grebe","Yes","No","No","No","No"
"Green Hermit","Yes","No","No","No","No"
"Green Honeycreeper","Yes","No","No","No","No"
"Great Hornbill","Yes","No","No","No","No"
"Green Ibis","Yes","No","No","No","No"
"Great Jacamar","Yes","No","No","No","No"
"Gray Junglefowl","Yes","No","No","No","No"
"Great Kiskadee","Yes","No","No","No","No"
"Great Knot","Yes","No","No","No","No"
"Great Lizard-Cuckoo","Yes","No","No","No","No"
"Green Mango","Yes","No","No","No","No"
"Greater Pewee","Yes","No","No","No","No"
"Great Potoo","Yes","No","No","No","No"
"Greater Rhea","Yes","No","No","No","No"
"Greater Roadrunner","Yes","No","No","No","No"
"Green Rosella","Yes","No","No","No","No"
"Greater Scaup","Yes","No","No","No","No"
"Great Shearwater","Yes","No","No","No","No"
"Great Shrike-Tyrant","Yes","No","No","No","No"
"Great Skua","Yes","No","No","No","No"
"Gray Teal","Yes","No","No","No","No"
"Green Thorntail","Yes","No","No","No","No"
"Great Thrush","Yes","No","No","No","No"
"Great Tinamou","Yes","No","No","No","No"
"Great Tit","Yes","No","No","No","No"
"Greater Whitethroat","Yes","No","No","No","No"
"Greater Yellowlegs","Yes","Yes","Yes","No","No"
"Gray-fronted Dove","Yes","No","No","No","No"
"Chinese Sparrowhawk","Yes","No","No","No","No"
"Green-fronted Hummingbird","Yes","No","No","No","No"
"Green-fronted Lancebill","Yes","No","No","No","No"
"Great Green Macaw","Yes","No","No","No","No"
"Great Gray Owl","Yes","No","No","No","No"
"Gray-headed Chachalaca","Yes","No","No","No","No"
"Gray-hooded Gull","Yes","No","No","No","No"
"Gray-headed Kite","Yes","No","No","No","No"
"Great Horned Owl","Yes","No","No","No","No"
"Lesser Horned Owl","Yes","No","No","No","No"
"Gray-headed Piprites","Yes","No","No","No","No"
"Gray-headed Tanager","Yes","No","No","No","No"
"Green Heron","Yes","No","No","No","No"
"Green Jay","Yes","No","No","No","No"
"Green Kingfisher","Yes","No","No","No","No"
"Green Parakeet","Yes","No","No","No","No"
"Green Sandpiper","Yes","No","No","No","No"
"Mexican Violetear","Yes","No","No","No","No"
"Iberian Green Woodpecker","Yes","No","No","No","No"
"Greater Prairie-Chicken","Yes","No","No","No","No"
"Great Pampa-Finch","Yes","No","No","No","No"
"Greater Painted-Snipe","Yes","No","No","No","No"
"Green-rumped Parrotlet","Yes","No","No","No","No"
"Gray-rumped Swift","Yes","No","No","No","No"
"Great Reed Warbler","Yes","No","No","No","No"
"Gray Silky-flycatcher","Yes","No","No","No","No"
"Great Spotted Kiwi","Yes","No","No","No","No"
"Green Shrike-Vireo","Yes","No","No","No","No"
"Great Spotted Woodpecker","Yes","No","No","No","No"
"Green-throated Carib","Yes","No","No","No","No"
"Gray-throated Chat","Yes","No","No","No","No"
"Great-tailed Grackle","Yes","No","No","No","No"
"Green-throated Mango","Yes","No","No","No","No"
"Green-tailed Trainbearer","Yes","No","No","No","No"
"Green-tailed Warbler","Yes","No","No","No","No"
"Great White Pelican","Yes","No","No","No","No"
"Gray-faced Petrel","Yes","No","No","No","No"
"Green-winged Saltator","Yes","No","No","No","No"
"Gray Butcherbird","Yes","No","No","No","No"
"Gray Catbird","Yes","Yes","No","No","No"
"Gray Currawong","Yes","No","No","No","No"
"Choco Elaenia","Yes","No","No","No","No"
"Gray Fantail","Yes","No","No","No","No"
"Grassland Yellow-Finch","Yes","No","No","No","No"
"Greater Yellow-Finch","Yes","No","No","No","No"
"Greenish Yellow-Finch","Yes","No","No","No","No"
"Gray Flycatcher","Yes","No","No","No","No"
"Gray Go-away-bird","Yes","No","No","No","No"
"Gray Gerygone","Yes","No","No","No","No"
"Gray Gull","Yes","No","No","No","No"
"Gray Hawk","Yes","No","No","No","No"
"Gray-lined Hawk","Yes","No","No","No","No"
"Canada Jay","Yes","Yes","No","No","No"
"Gray Kingbird","Yes","No","No","No","No"
"Gray Monjita","Yes","No","No","No","No"
"Jungle Nightjar","Yes","No","No","No","No"
"Gray Noddy","Yes","No","No","No","No"
"Gray Partridge","Yes","No","No","No","No"
"Gray Shrikethrush","Yes","No","No","No","No"
"Gray Tinamou","Yes","No","No","No","No"
"Gray Treepie","Yes","No","No","No","No"
"Gray Vireo","Yes","No","No","No","No"
"Gray Wagtail","Yes","No","No","No","No"
"Gray Whistler","Yes","No","No","No","No"
"Green-striped Brushfinch","Yes","No","No","No","No"
"Golden-spotted Ground Dove","Yes","No","No","No","No"
"Great Swallow-tailed Swift","Yes","No","No","No","No"
"Green-throated Mountain-gem","Yes","No","No","No","No"
"Guanay Cormorant","Yes","No","No","No","No"
"Guadeloupe Woodpecker","Yes","No","No","No","No"
"Guayaquil Woodpecker","Yes","No","No","No","No"
"Gull-billed Tern","Yes","No","No","No","No"
"Guira Cuckoo","Yes","No","No","No","No"
"Gundlach's Hawk","Yes","No","No","No","No"
"Gunnison Sage-Grouse","Yes","No","No","No","No"
"Greater White-fronted Goose","Yes","No","No","No","No"
"Gray-breasted Martin","Yes","No","No","No","No"
"Gray-breasted Seedsnipe","Yes","No","No","No","No"
"Gray-bellied Shrike-Tyrant","Yes","No","No","No","No"
"Gray-backed Storm-Petrel","Yes","No","No","No","No"
"Morrison's Fulvetta","Yes","No","No","No","No"
"Gray-chinned Minivet","Yes","No","No","No","No"
"Gray-cheeked Nunlet","Yes","No","No","No","No"
"Gray-cheeked Thrush","Yes","Yes","Yes","No","No"
"Straneck's Tyrannulet","Yes","No","No","No","No"
"Gray-capped Pygmy Woodpecker","Yes","No","No","No","No"
"Gray-cowled Wood-Rail","Yes","No","No","No","No"
"Gray-crowned Yellowthroat","Yes","No","No","No","No"
"Gray-faced Buzzard","Yes","No","No","No","No"
"Gray-flanked Cinclodes","Yes","No","No","No","No"
"Gray-headed Woodpecker","Yes","No","No","No","No"
"Gray-headed Bulbul","Yes","No","No","No","No"
"Gray-headed Dove","Yes","No","No","No","No"
"Gray-hooded Sierra Finch","Yes","No","No","No","No"
"Gray-throated Martin","Yes","No","No","No","No"
"Gray-tailed Tattler","Yes","No","No","No","No"
"Gray-throated Warbling Finch","Yes","No","No","No","No"
"Hadada Ibis","Yes","No","No","No","No"
"Hairy Woodpecker","Yes","Yes","No","No","No"
"Hamerkop","Yes","No","No","No","No"
"Hammond's Flycatcher","Yes","Yes","Yes","No","No"
"Happy Wren","Yes","No","No","No","No"
"Harlequin Duck","Yes","No","No","No","No"
"Hartlaub's Gull","Yes","No","No","No","No"
"Harris's Sparrow","Yes","No","No","No","No"
"Heermann's Gull","Yes","No","No","No","No"
"Helmeted Guineafowl","Yes","No","No","No","No"
"Hellmayr's Pipit","Yes","No","No","No","No"
"Henslow's Sparrow","Yes","No","No","No","No"
"Hepatic Tanager","Yes","No","No","No","No"
"Hermit Thrush","Yes","Yes","No","No","No"
"Hermit Warbler","Yes","No","No","No","No"
"Heart-spotted Woodpecker","Yes","No","No","No","No"
"Small-headed Elaenia","Yes","No","No","No","No"
"Highland Guan","Yes","No","No","No","No"
"Andean Motmot","Yes","No","No","No","No"
"Highland Tinamou","Yes","No","No","No","No"
"Common Hill Myna","Yes","No","No","No","No"
"Himalayan Cuckoo","Yes","No","No","No","No"
"Himalayan Rubythroat","Yes","No","No","No","No"
"Hispaniolan Emerald","Yes","No","No","No","No"
"Hispaniolan Lizard-Cuckoo","Yes","No","No","No","No"
"Hispaniolan Parakeet","Yes","No","No","No","No"
"Hispaniolan Amazon","Yes","No","No","No","No"
"Hispaniolan Pewee","Yes","No","No","No","No"
"Hispaniolan Spindalis","Yes","No","No","No","No"
"Hispaniolan Trogon","Yes","No","No","No","No"
"Hispaniolan Woodpecker","Yes","No","No","No","No"
"Horsfield's Bronze-Cuckoo","Yes","No","No","No","No"
"Hook-billed Kite","Yes","No","No","No","No"
"Hoffmann's Woodpecker","Yes","No","No","No","No"
"Hoary-headed Grebe","Yes","No","No","No","No"
"Honduran Emerald","Yes","No","No","No","No"
"Hooded Grebe","Yes","No","No","No","No"
"Hooded Grosbeak","Yes","No","No","No","No"
"Hooded Merganser","Yes","No","No","No","No"
"Hooded Oriole","Yes","No","No","No","No"
"Eurasian Hoopoe","Yes","No","No","No","No"
"Hooded Siskin","Yes","No","No","No","No"
"Hooded Vulture","Yes","No","No","No","No"
"Hooded Warbler","Yes","No","No","No","No"
"Hooded Yellowthroat","Yes","No","No","No","No"
"Horned Coot","Yes","No","No","No","No"
"Horned Grebe","Yes","No","No","No","No"
"Horned Guan","Yes","No","No","No","No"
"Horned Lark","Yes","Yes","No","Yes","No"
"Horned Puffin","Yes","No","No","No","No"
"House Crow","Yes","No","No","No","No"
"House Finch","Yes","No","No","No","No"
"House Sparrow","Yes","Yes","No","No","No"
"House Swift","Yes","No","No","No","No"
"Harris's Hawk","Yes","No","No","No","No"
"Hudsonian Godwit","Yes","No","No","No","No"
"Humboldt Penguin","Yes","No","No","No","No"
"Hutton's Shearwater","Yes","No","No","No","No"
"Hutton's Vireo","Yes","No","No","No","No"
"Iberian Chiffchaff","Yes","No","No","No","No"
"Iberian Gray Shrike","Yes","No","No","No","No"
"Imperial Cormorant","Yes","No","No","No","No"
"Imperial Amazon","Yes","No","No","No","No"
"Inagua Woodstar","Yes","No","No","No","No"
"Inca Dove","Yes","No","No","No","No"
"Indigo-capped Hummingbird","Yes","No","No","No","No"
"Inca Tern","Yes","No","No","No","No"
"Indigo Bunting","Yes","Yes","No","No","No"
"Indian Courser","Yes","No","No","No","No"
"Indian Cuckoo","Yes","No","No","No","No"
"Indian Pitta","Yes","No","No","No","No"
"Indian Robin","Yes","No","No","No","No"
"Indian Roller","Yes","No","No","No","No"
"Indian Silverbill","Yes","No","No","No","No"
"Indian Thick-knee","Yes","No","No","No","No"
"Indian Gray Hornbill","Yes","No","No","No","No"
"Indian Pond-Heron","Yes","No","No","No","No"
"Medium Egret","Yes","No","No","No","No"
"Island Scrub-Jay","Yes","No","No","No","No"
"Isthmian Wren","Yes","No","No","No","No"
"Ivory-billed Woodcreeper","Yes","No","No","No","No"
"Ivory Gull","Yes","No","No","No","No"
"Jabiru","Yes","No","No","No","No"
"Japanese Bush Warbler","Yes","No","No","No","No"
"Jamaican Becard","Yes","No","No","No","No"
"Jamaican Blackbird","Yes","No","No","No","No"
"Jamaican Crow","Yes","No","No","No","No"
"Jamaican Elaenia","Yes","No","No","No","No"
"Jamaican Euphonia","Yes","No","No","No","No"
"James's Flamingo","Yes","No","No","No","No"
"Jamaican Lizard-Cuckoo","Yes","No","No","No","No"
"Jamaican Mango","Yes","No","No","No","No"
"Jamaican Oriole","Yes","No","No","No","No"
"Jamaican Owl","Yes","No","No","No","No"
"Jamaican Pewee","Yes","No","No","No","No"
"Jamaican Spindalis","Yes","No","No","No","No"
"Jamaican Tody","Yes","No","No","No","No"
"Jamaican Vireo","Yes","No","No","No","No"
"Jamaican Woodpecker","Yes","No","No","No","No"
"Japanese Cormorant","Yes","No","No","No","No"
"Black Paradise-Flycatcher","Yes","No","No","No","No"
"Japanese Sparrowhawk","Yes","No","No","No","No"
"Java Sparrow","Yes","No","No","No","No"
"Jerdon's Bushlark","Yes","No","No","No","No"
"Jerdon's Leafbird","Yes","No","No","No","No"
"Jerdon's Nightjar","Yes","No","No","No","No"
"Jet Antbird","Yes","No","No","No","No"
"Jungle Babbler","Yes","No","No","No","No"
"Jungle Owlet","Yes","No","No","No","No"
"Juniper Titmouse","Yes","No","No","No","No"
"Karoo Prinia","Yes","No","No","No","No"
"Kea","Yes","No","No","No","No"
"Keel-billed Motmot","Yes","No","No","No","No"
"Keel-billed Toucan","Yes","No","No","No","No"
"Kelp Goose","Yes","No","No","No","No"
"Kelp Gull","Yes","No","No","No","No"
"Kentish Plover","Yes","No","No","No","No"
"Kentucky Warbler","Yes","No","No","No","No"
"Killdeer","Yes","Yes","No","No","No"
"King Eider","Yes","No","No","No","No"
"King Penguin","Yes","No","No","No","No"
"Aztec Rail","Yes","No","No","No","No"
"King Rail","Yes","No","No","No","No"
"King Vulture","Yes","No","No","No","No"
"Kirtland's Warbler","Yes","No","No","No","No"
"Klaas's Cuckoo","Yes","No","No","No","No"
"North Island Kokako","Yes","No","No","No","No"
"Key West Quail-Dove","Yes","No","No","No","No"
"Large-billed Scrubwren","Yes","No","No","No","No"
"Large-billed Tern","Yes","No","No","No","No"
"Ladder-backed Woodpecker","Yes","No","No","No","No"
"Laced Woodpecker","Yes","No","No","No","No"
"Large-footed Finch","Yes","No","No","No","No"
"Lappet-faced Vulture","Yes","No","No","No","No"
"Lake Duck","Yes","No","No","No","No"
"Bearded Vulture","Yes","No","No","No","No"
"Lanceolated Monklet","Yes","No","No","No","No"
"Lapland Longspur","Yes","Yes","No","No","No"
"Lark Bunting","Yes","No","No","Yes","No"
"Large Hawk-Cuckoo","Yes","No","No","No","No"
"Lark Sparrow","Yes","No","No","No","No"
"La Sagra's Flycatcher","Yes","No","No","No","No"
"La Selle Thrush","Yes","No","No","No","No"
"Lance-tailed Manakin","Yes","No","No","No","No"
"Latham's Snipe","Yes","No","No","No","No"
"Lattice-tailed Trogon","Yes","No","No","No","No"
"Laughing Falcon","Yes","No","No","No","No"
"Laughing Gull","Yes","No","No","No","No"
"Laughing Kookaburra","Yes","No","No","No","No"
"Lawrence's Goldfinch","Yes","No","No","No","No"
"Laysan Albatross","Yes","No","No","No","No"
"Lazuli Bunting","Yes","No","No","No","No"
"Lesser Black-backed Gull","Yes","No","No","No","No"
"Large-billed Seed-Finch","Yes","No","No","No","No"
"Leach's Storm-Petrel","Yes","No","No","No","No"
"Least Bittern","Yes","No","No","No","No"
"Lesser Antillean Bullfinch","Yes","No","No","No","No"
"Least Flycatcher","Yes","Yes","Yes","No","No"
"Lesser Antillean Flycatcher","Yes","No","No","No","No"
"Leaden Flycatcher","Yes","No","No","No","No"
"Least Grebe","Yes","No","No","No","No"
"Lesser Antillean Pewee","Yes","No","No","No","No"
"Lesser Antillean Saltator","Yes","No","No","No","No"
"Least Sandpiper","Yes","No","No","No","No"
"Least Seedsnipe","Yes","No","No","No","No"
"Lesser Antillean Swift","Yes","No","No","No","No"
"Lesser Antillean Tanager","Yes","No","No","No","No"
"Least Tern","Yes","No","No","No","No"
"Lemon-browed Flycatcher","Yes","No","No","No","No"
"LeConte's Sparrow","Yes","Yes","Yes","Yes","No"
"LeConte's Thrasher","Yes","No","No","No","No"
"Lesser Ground-Cuckoo","Yes","No","No","No","No"
"Lesser Gray Shrike","Yes","No","No","No","No"
"Lesser Prairie-Chicken","Yes","No","No","No","No"
"Lesser Coucal","Yes","No","No","No","No"
"Lesser Spotted Eagle","Yes","No","No","No","No"
"Lesser Elaenia","Yes","No","No","No","No"
"Lesser Flamingo","Yes","No","No","No","No"
"Lesser Goldfinch","Yes","No","No","No","No"
"Lesser Greenlet","Yes","No","No","No","No"
"Lesser Kestrel","Yes","No","No","No","No"
"Lesser Kiskadee","Yes","No","No","No","No"
"Lesser Nighthawk","Yes","No","No","No","No"
"Lesser Rhea","Yes","No","No","No","No"
"Lesser Roadrunner","Yes","No","No","No","No"
"Lesser Scaup","Yes","No","No","No","No"
"Lesser Striped Swallow","Yes","No","No","No","No"
"Lemon-spectacled Tanager","Yes","No","No","No","No"
"Lesser Violetear","Yes","No","No","No","No"
"Lesser Whitethroat","Yes","No","No","No","No"
"Lesser Yellowlegs","Yes","Yes","Yes","No","No"
"Yelkouan Shearwater","Yes","No","No","No","No"
"Lewin's Honeyeater","Yes","No","No","No","No"
"Lewin's Rail","Yes","No","No","No","No"
"Lewis's Woodpecker","Yes","No","No","No","No"
"Little Black Cormorant","Yes","No","No","No","No"
"Little Blue Heron","Yes","No","No","No","No"
"Lilac-breasted Roller","Yes","No","No","No","No"
"Lilac-crowned Amazon","Yes","No","No","No","No"
"Lineated Foliage-gleaner","Yes","No","No","No","No"
"Chihuahuan Meadowlark","Yes","No","No","No","No"
"Limpkin","Yes","No","No","No","No"
"Lined Antshrike","Yes","No","No","No","No"
"Lined Seedeater","Yes","No","No","No","No"
"Lincoln's Sparrow","Yes","Yes","Yes","No","No"
"Lineated Woodpecker","Yes","No","No","No","No"
"Little Pied Cormorant","Yes","No","No","No","No"
"Little Ringed Plover","Yes","No","No","No","No"
"Little Spotted Kiwi","Yes","No","No","No","No"
"Little Bittern","Yes","No","No","No","No"
"Little Bustard","Yes","No","No","No","No"
"Little Buttonquail","Yes","No","No","No","No"
"Little Cormorant","Yes","No","No","No","No"
"Little Corella","Yes","No","No","No","No"
"Little Crow","Yes","No","No","No","No"
"Little Cuckoo","Yes","No","No","No","No"
"Little Egret","Yes","No","No","No","No"
"Little Forktail","Yes","No","No","No","No"
"Little Friarbird","Yes","No","No","No","No"
"Little Grebe","Yes","No","No","No","No"
"Little Gull","Yes","No","No","No","No"
"Little Hermit","Yes","No","No","No","No"
"Little Lorikeet","Yes","No","No","No","No"
"Little Owl","Yes","No","No","No","No"
"Lilac-tailed Parrotlet","Yes","No","No","No","No"
"Little Penguin","Yes","No","No","No","No"
"Little Raven","Yes","No","No","No","No"
"Little Stint","Yes","No","No","No","No"
"Little Tern","Yes","No","No","No","No"
"Little Tinamou","Yes","No","No","No","No"
"Light-vented Bulbul","Yes","No","No","No","No"
"Long-billed Corella","Yes","No","No","No","No"
"Long-billed Curlew","Yes","No","No","Yes","No"
"Long-billed Dowitcher","Yes","No","No","No","No"
"Long-billed Gnatwren","Yes","No","No","No","No"
"Long-billed Hermit","Yes","No","No","No","No"
"Long-billed Starthroat","Yes","No","No","No","No"
"Loten's Sunbird","Yes","No","No","No","No"
"Long-billed Thrasher","Yes","No","No","No","No"
"Long-crested Eagle","Yes","No","No","No","No"
"Long-eared Owl","Yes","No","No","No","No"
"Loggerhead Kingbird","Yes","No","No","No","No"
"Loggerhead Shrike","Yes","No","No","Yes","No"
"Long-tailed Duck","Yes","No","No","No","No"
"Long-tailed Jaeger","Yes","No","No","No","No"
"Long-tailed Koel","Yes","No","No","No","No"
"Long-tailed Manakin","Yes","No","No","No","No"
"Long-tailed Meadowlark","Yes","No","No","No","No"
"Long-tailed Mockingbird","Yes","No","No","No","No"
"Long-tailed Parakeet","Yes","No","No","No","No"
"Long-tailed Shrike","Yes","No","No","No","No"
"Long-toed Stint","Yes","No","No","No","No"
"Silver-throated Tit","Yes","No","No","No","No"
"Long-tailed Tyrant","Yes","No","No","No","No"
"Louisiana Waterthrush","Yes","No","No","No","No"
"Lovely Cotinga","Yes","No","No","No","No"
"Lowland White-eye","Yes","No","No","No","No"
"Long-winged Harrier","Yes","No","No","No","No"
"Least Storm-Petrel","Yes","No","No","No","No"
"Lesser Swallow-tailed Swift","Yes","No","No","No","No"
"Long-tailed Reed Finch","Yes","No","No","No","No"
"Long-tailed Silky-flycatcher","Yes","No","No","No","No"
"Long-tailed Wood-Partridge","Yes","No","No","No","No"
"Lucifer Hummingbird","Yes","No","No","No","No"
"Lucy's Warbler","Yes","No","No","No","No"
"Lesser Yellow-headed Vulture","Yes","No","No","No","No"
"Maroon-bellied Parakeet","Yes","No","No","No","No"
"MacGillivray's Warbler","Yes","No","No","No","No"
"Magellanic Diving-Petrel","Yes","No","No","No","No"
"Maroon-fronted Parrot","Yes","No","No","No","No"
"Magellanic Cormorant","Yes","No","No","No","No"
"Magnificent Frigatebird","Yes","No","No","No","No"
"Magpie Goose","Yes","No","No","No","No"
"Rivoli's Hummingbird","Yes","No","No","No","No"
"Talamanca Hummingbird","Yes","No","No","No","No"
"Magpie-lark","Yes","No","No","No","No"
"Magellanic Oystercatcher","Yes","No","No","No","No"
"Magellanic Penguin","Yes","No","No","No","No"
"Magellanic Plover","Yes","No","No","No","No"
"Oriental Magpie-Robin","Yes","No","No","No","No"
"Maguari Stork","Yes","No","No","No","No"
"Magellanic Tapaculo","Yes","No","No","No","No"
"Magnolia Warbler","Yes","Yes","No","No","No"
"Magellanic Woodpecker","Yes","No","No","No","No"
"Malabar Lark","Yes","No","No","No","No"
"Mallard","Yes","No","No","No","Yes"
"Malherbe's Parakeet","Yes","No","No","No","No"
"Mangrove Cuckoo","Yes","No","No","No","No"
"Mandarin Duck","Yes","No","No","No","No"
"Mangrove Hummingbird","Yes","No","No","No","No"
"Mangrove Rail","Yes","No","No","No","No"
"Manx Shearwater","Yes","No","No","No","No"
"Mangrove Swallow","Yes","No","No","No","No"
"Mangrove Vireo","Yes","No","No","No","No"
"Malabar Pied-Hornbill","Yes","No","No","No","No"
"Martial Eagle","Yes","No","No","No","No"
"Marbled Godwit","Yes","No","No","Yes","No"
"Marbled Murrelet","Yes","No","No","No","No"
"Martinique Oriole","Yes","No","No","No","No"
"Maroon Oriole","Yes","No","No","No","No"
"Marsh Sandpiper","Yes","No","No","No","No"
"Marvelous Spatuletail","Yes","No","No","No","No"
"Marabou Stork","Yes","No","No","No","No"
"Marsh Tit","Yes","No","No","No","No"
"Marsh Wren","Yes","Yes","No","No","No"
"Masked Duck","Yes","No","No","No","No"
"Masked Flowerpiercer","Yes","No","No","No","No"
"Masked Lapwing","Yes","No","No","No","No"
"Masked Laughingthrush","Yes","No","No","No","No"
"Markham's Storm-Petrel","Yes","No","No","No","No"
"Masatierra Petrel","Yes","No","No","No","No"
"Masked Tityra","Yes","No","No","No","No"
"Masked Woodswallow","Yes","No","No","No","No"
"Masked Yellowthroat","Yes","No","No","No","No"
"Black-lored Yellowthroat","Yes","No","No","No","No"
"Southern Yellowthroat","Yes","No","No","No","No"
"Magenta-throated Woodstar","Yes","No","No","No","No"
"Marbled Wood-Quail","Yes","No","No","No","No"
"Thick-billed Longspur","Yes","No","No","Yes","No"
"McKay's Bunting","Yes","No","No","No","No"
"Many-colored Rush Tyrant","Yes","No","No","No","No"
"Mealy Amazon","Yes","No","No","No","No"
"Meadow Pipit","Yes","No","No","No","No"
"Mediterranean Gull","Yes","No","No","No","No"
"Melodious Blackbird","Yes","No","No","No","No"
"Chinese Hwamei","Yes","No","No","No","No"
"Merlin","Yes","No","No","No","No"
"Common Gull","Yes","No","No","No","No"
"Short-billed Gull","Yes","No","No","No","No"
"Mexican Chickadee","Yes","No","No","No","No"
"Mexican Duck","Yes","No","No","No","No"
"Mexican Hermit","Yes","No","No","No","No"
"Transvolcanic Jay","Yes","No","No","No","No"
"Mexican Jay","Yes","No","No","No","No"
"Mexican Parrotlet","Yes","No","No","No","No"
"Mexican Sheartail","Yes","No","No","No","No"
"Mexican Woodnymph","Yes","No","No","No","No"
"Military Macaw","Yes","No","No","No","No"
"Milky Stork","Yes","No","No","No","No"
"Mississippi Kite","Yes","No","No","No","No"
"Mistle Thrush","Yes","No","No","No","No"
"Mitred Parakeet","Yes","No","No","No","No"
"Mottle-cheeked Tyrannulet","Yes","No","No","No","No"
"Montagu's Harrier","Yes","No","No","No","No"
"Montserrat Oriole","Yes","No","No","No","No"
"Montezuma Oropendola","Yes","No","No","No","No"
"Monk Parakeet","Yes","No","No","No","No"
"Montezuma Quail","Yes","No","No","No","No"
"Morepork","Yes","No","No","No","No"
"Mourning Sierra Finch","Yes","No","No","No","No"
"Mountain Scops-Owl","Yes","No","No","No","No"
"Mottled Duck","Yes","No","No","No","No"
"Mottled Owl","Yes","No","No","No","No"
"Mottled Petrel","Yes","No","No","No","No"
"Mottled Piculet","Yes","No","No","No","No"
"Moustached Antwren","Yes","No","No","No","No"
"Mountain Bluebird","Yes","Yes","Yes","No","No"
"Mountain Caracara","Yes","No","No","No","No"
"Mountain Chickadee","Yes","No","No","No","No"
"Mourning Dove","Yes","Yes","No","No","No"
"Mountain Elaenia","Yes","No","No","No","No"
"Mountain Hawk-Eagle","Yes","No","No","No","No"
"Malabar Imperial-Pigeon","Yes","No","No","No","No"
"Mountain Parakeet","Yes","No","No","No","No"
"Mountain Plover","Yes","No","No","No","No"
"Mountain Quail","Yes","No","No","No","No"
"Mountain Thrush","Yes","No","No","No","No"
"Mountain Trogon","Yes","No","No","No","No"
"Moustached Turca","Yes","No","No","No","No"
"Mourning Warbler","Yes","Yes","No","No","No"
"Mugimaki Flycatcher","Yes","No","No","No","No"
"Multicolored Tanager","Yes","No","No","No","No"
"Muscovy Duck","Yes","No","No","No","No"
"Musk Duck","Yes","No","No","No","No"
"Musk Lorikeet","Yes","No","No","No","No"
"Mute Swan","Yes","No","No","No","No"
"Narrow-billed Tody","Yes","No","No","No","No"
"Narcissus Flycatcher","Yes","No","No","No","No"
"Nashville Warbler","Yes","Yes","Yes","No","No"
"Nava's Wren","Yes","No","No","No","No"
"New Holland Honeyeater","Yes","No","No","No","No"
"Neotropic Cormorant","Yes","No","No","No","No"
"New Zealand Bellbird","Yes","No","No","No","No"
"New Zealand Falcon","Yes","No","No","No","No"
"New Zealand Fantail","Yes","No","No","No","No"
"New Zealand Grebe","Yes","No","No","No","No"
"New Zealand Kaka","Yes","No","No","No","No"
"New Zealand Pigeon","Yes","No","No","No","No"
"Chatham Islands Pigeon","Yes","No","No","No","No"
"North Island Robin","Yes","No","No","No","No"
"South Island Robin","Yes","No","No","No","No"
"New Zealand Scaup","Yes","No","No","No","No"
"New Zealand Storm-Petrel","Yes","No","No","No","No"
"North Island Brown Kiwi","Yes","No","No","No","No"
"Nicaraguan Grackle","Yes","No","No","No","No"
"Nightingale Wren","Yes","No","No","No","No"
"Nilgiri Flycatcher","Yes","No","No","No","No"
"Nicaraguan Seed-Finch","Yes","No","No","No","No"
"Northern Beardless-Tyrannulet","Yes","No","No","No","No"
"Northern Barred-Woodcreeper","Yes","No","No","No","No"
"Abyssinian Ground-Hornbill","Yes","No","No","No","No"
"Northern Hawk Owl","Yes","No","No","No","No"
"Noisy Friarbird","Yes","No","No","No","No"
"Noisy Miner","Yes","No","No","No","No"
"Noisy Pitta","Yes","No","No","No","No"
"Northern Pygmy-Owl","Yes","No","No","No","No"
"Northern Bentbill","Yes","No","No","No","No"
"Northern Bobwhite","Yes","No","No","No","No"
"Northern Boobook","Yes","No","No","No","No"
"Northern Cardinal","Yes","Yes","No","No","No"
"Northern Emerald-Toucanet","Yes","No","No","No","No"
"Northern Flicker","Yes","Yes","Yes","No","No"
"Guatemalan Flicker","Yes","No","No","No","No"
"Northern Fulmar","Yes","No","No","No","No"
"Northern Gannet","Yes","No","No","No","No"
"Northern Giant-Petrel","Yes","No","No","No","No"
"American Goshawk","Yes","No","No","No","No"
"Nordmann's Greenshank","Yes","No","No","No","No"
"Hen Harrier","Yes","No","No","No","No"
"Northern Harrier","Yes","No","No","No","No"
"Northern Jacana","Yes","No","No","No","No"
"Northern Lapwing","Yes","No","No","No","No"
"Northern Mockingbird","Yes","No","No","No","No"
"Northern Parula","Yes","Yes","No","No","No"
"Northern Pintail","Yes","No","No","No","Yes"
"Northern Potoo","Yes","No","No","No","No"
"Northern Screamer","Yes","No","No","No","No"
"Northern Shoveler","Yes","No","No","No","Yes"
"Northern Shrike","Yes","No","No","No","No"
"Northern Waterthrush","Yes","Yes","Yes","No","No"
"Northern Wheatear","Yes","No","No","No","No"
"Northern Scrub-Flycatcher","Yes","No","No","No","No"
"Northern Rough-winged Swallow","Yes","No","No","No","No"
"Nelson's Sparrow","Yes","Yes","Yes","No","No"
"Northern Saw-whet Owl","Yes","No","No","No","No"
"Nutting's Flycatcher","Yes","No","No","No","No"
"Scaly-breasted Munia","Yes","No","No","No","No"
"Nuttall's Woodpecker","Yes","No","No","No","No"
"Oak Titmouse","Yes","No","No","No","No"
"Oasis Hummingbird","Yes","No","No","No","No"
"Oaxaca Sparrow","Yes","No","No","No","No"
"Orange-billed Nightingale-Thrush","Yes","No","No","No","No"
"Olive-backed Quail-Dove","Yes","No","No","No","No"
"Ochre-breasted Antpitta","Yes","No","No","No","No"
"Ochre-bellied Flycatcher","Yes","No","No","No","No"
"Ocellated Antbird","Yes","No","No","No","No"
"Ocellated Quail","Yes","No","No","No","No"
"Ocellated Thrasher","Yes","No","No","No","No"
"Ocellated Turkey","Yes","No","No","No","No"
"Ochre-flanked Tapaculo","Yes","No","No","No","No"
"Ochraceous Pewee","Yes","No","No","No","No"
"Ochraceous Wren","Yes","No","No","No","No"
"Oilbird","Yes","No","No","No","No"
"Okarito Brown Kiwi","Yes","No","No","No","No"
"Olive-backed Euphonia","Yes","No","No","No","No"
"Ornate Sunbird","Yes","No","No","No","No"
"Olive-capped Warbler","Yes","No","No","No","No"
"Olive-crowned Yellowthroat","Yes","No","No","No","No"
"Western Olivaceous Flatbill","Yes","No","No","No","No"
"Olivaceous Piculet","Yes","No","No","No","No"
"Olive Sparrow","Yes","No","No","No","No"
"Carmiol's Tanager","Yes","No","No","No","No"
"Olive Warbler","Yes","No","No","No","No"
"Olive Whistler","Yes","No","No","No","No"
"Olivaceous Woodcreeper","Yes","No","No","No","No"
"Olive-sided Flycatcher","Yes","Yes","Yes","No","No"
"Olive-striped Flycatcher","Yes","No","No","No","No"
"Olive-streaked Flycatcher","Yes","No","No","No","No"
"Olive-throated Parakeet","Yes","No","No","No","No"
"Olive-winged Bulbul","Yes","No","No","No","No"
"One-colored Becard","Yes","No","No","No","No"
"Ochre-naped Ground-Tyrant","Yes","No","No","No","No"
"Northern Red Bishop","Yes","No","No","No","No"
"Orangequit","Yes","No","No","No","No"
"Orange Oriole","Yes","No","No","No","No"
"Orange-breasted Bunting","Yes","No","No","No","No"
"Orange-bellied Flowerpecker","Yes","No","No","No","No"
"Orange-billed Sparrow","Yes","No","No","No","No"
"Orange-collared Manakin","Yes","No","No","No","No"
"Orchard Oriole","Yes","No","No","No","No"
"Orange-crowned Oriole","Yes","No","No","No","No"
"Orange-chinned Parakeet","Yes","No","No","No","No"
"Orange-crowned Warbler","Yes","Yes","Yes","No","No"
"Orange-cheeked Waxbill","Yes","No","No","No","No"
"Orange-fronted Parakeet","Yes","No","No","No","No"
"Ornate Hawk-Eagle","Yes","No","No","No","No"
"Oriental Cuckoo","Yes","No","No","No","No"
"Orinoco Goose","Yes","No","No","No","No"
"Oriental Greenfinch","Yes","No","No","No","No"
"Oriental Honey-buzzard","Yes","No","No","No","No"
"Oriental Magpie","Yes","No","No","No","No"
"Oriental Pratincole","Yes","No","No","No","No"
"Oriental Skylark","Yes","No","No","No","No"
"Oriental Stork","Yes","No","No","No","No"
"Oriente Warbler","Yes","No","No","No","No"
"Ornate Tinamou","Yes","No","No","No","No"
"Oriental Reed Warbler","Yes","No","No","No","No"
"Oriental Scops-Owl","Yes","No","No","No","No"
"Ortolan Bunting","Yes","No","No","No","No"
"Oriental Turtle-Dove","Yes","No","No","No","No"
"Orange-winged Amazon","Yes","No","No","No","No"
"Osprey","Yes","No","No","No","No"
"Common Ostrich","Yes","No","No","No","No"
"Ovenbird","Yes","Yes","Yes","No","No"
"Pacific Black Duck","Yes","No","No","No","No"
"Pale-bellied Hermit","Yes","No","No","No","No"
"Pale-breasted Spinetail","Yes","No","No","No","No"
"Pale-billed Woodpecker","Yes","No","No","No","No"
"Pacific Antwren","Yes","No","No","No","No"
"Pacific Heron","Yes","No","No","No","No"
"Pacific Loon","Yes","No","No","No","No"
"Pacific Parakeet","Yes","No","No","No","No"
"Pacific Parrotlet","Yes","No","No","No","No"
"Pacific Reef-Heron","Yes","No","No","No","No"
"Pacific Swallow","Yes","No","No","No","No"
"Hill Swallow","Yes","No","No","No","No"
"Pacific Wren","Yes","No","No","No","No"
"Patagonian Forest Earthcreeper","Yes","No","No","No","No"
"Pacific Golden-Plover","Yes","No","No","No","No"
"Painted Bunting","Yes","No","No","No","No"
"Painted Buttonquail","Yes","No","No","No","No"
"Painted Redstart","Yes","No","No","No","No"
"Painted Sandgrouse","Yes","No","No","No","No"
"Painted Spurfowl","Yes","No","No","No","No"
"Palm Cockatoo","Yes","No","No","No","No"
"Hispaniolan Palm-Crow","Yes","No","No","No","No"
"Pallid Cuckoo","Yes","No","No","No","No"
"Pale-legged Hornero","Yes","No","No","No","No"
"Palmchat","Yes","No","No","No","No"
"Pallid Swift","Yes","No","No","No","No"
"Palm Tanager","Yes","No","No","No","No"
"Pale Thrush","Yes","No","No","No","No"
"Guatemalan Tyrannulet","Yes","No","No","No","No"
"Mistletoe Tyrannulet","Yes","No","No","No","No"
"Palm Warbler","Yes","Yes","Yes","No","No"
"Panama Flycatcher","Yes","No","No","No","No"
"Palm-nut Vulture","Yes","No","No","No","No"
"Parker's Antbird","Yes","No","No","No","No"
"Parakeet Auklet","Yes","No","No","No","No"
"Parasitic Jaeger","Yes","No","No","No","No"
"Parkinson's Petrel","Yes","No","No","No","No"
"Paradise Shelduck","Yes","No","No","No","No"
"Patagonian Sierra Finch","Yes","No","No","No","No"
"Pacific Screech-Owl","Yes","No","No","No","No"
"Patagonian Mockingbird","Yes","No","No","No","No"
"Patagonian Tinamou","Yes","No","No","No","No"
"Patagonian Tyrant","Yes","No","No","No","No"
"Pale-vented Pigeon","Yes","No","No","No","No"
"Pale-vented Thrush","Yes","No","No","No","No"
"Patagonian Yellow-Finch","Yes","No","No","No","No"
"Plain-breasted Ground Dove","Yes","No","No","No","No"
"Purplish-backed Quail-Dove","Yes","No","No","No","No"
"Pied-crested Tit-Tyrant","Yes","No","No","No","No"
"Pearl Kite","Yes","No","No","No","No"
"Peg-billed Finch","Yes","No","No","No","No"
"Pectoral Sandpiper","Yes","No","No","No","No"
"Peruvian Diving-Petrel","Yes","No","No","No","No"
"Pearly-eyed Thrasher","Yes","No","No","No","No"
"Rosy-faced Lovebird","Yes","No","No","No","No"
"Pelagic Cormorant","Yes","No","No","No","No"
"Peruvian Pygmy-Owl","Yes","No","No","No","No"
"Pale-eyed Pygmy-Tyrant","Yes","No","No","No","No"
"Peruvian Booby","Yes","No","No","No","No"
"Peregrine Falcon","Yes","No","No","No","No"
"Peruvian Meadowlark","Yes","No","No","No","No"
"Peruvian Pelican","Yes","No","No","No","No"
"Peruvian Plantcutter","Yes","No","No","No","No"
"Peruvian Sheartail","Yes","No","No","No","No"
"Peruvian Tern","Yes","No","No","No","No"
"Peruvian Warbling-Antbird","Yes","No","No","No","No"
"Peruvian Sierra Finch","Yes","No","No","No","No"
"Peruvian Thick-knee","Yes","No","No","No","No"
"Phainopepla","Yes","No","No","No","No"
"Philippine Cuckoo-Dove","Yes","No","No","No","No"
"Pheasant Coucal","Yes","No","No","No","No"
"Pheasant Cuckoo","Yes","No","No","No","No"
"Philadelphia Vireo","Yes","Yes","No","No","No"
"Pheasant-tailed Jacana","Yes","No","No","No","No"
"Pied-billed Grebe","Yes","No","No","No","No"
"Picazuro Pigeon","Yes","No","No","No","No"
"Pied Avocet","Yes","No","No","No","No"
"Pied Cormorant","Yes","No","No","No","No"
"Pied Currawong","Yes","No","No","No","No"
"Pink-eared Duck","Yes","No","No","No","No"
"Pied Harrier","Yes","No","No","No","No"
"Pied Kingfisher","Yes","No","No","No","No"
"Pied Oystercatcher","Yes","No","No","No","No"
"Pied Puffbird","Yes","No","No","No","No"
"Pied Stilt","Yes","No","No","No","No"
"Pied Triller","Yes","No","No","No","No"
"Pink-footed Goose","Yes","No","No","No","No"
"Pink-footed Shearwater","Yes","No","No","No","No"
"Picui Ground Dove","Yes","No","No","No","No"
"Pigeon Guillemot","Yes","No","No","No","No"
"Pink-headed Warbler","Yes","No","No","No","No"
"Pitt Island Shag","Yes","No","No","No","No"
"Pileated Flycatcher","Yes","No","No","No","No"
"Pileated Woodpecker","Yes","Yes","No","No","No"
"Pinnated Bittern","Yes","No","No","No","No"
"Pine Flycatcher","Yes","No","No","No","No"
"Pine Grosbeak","Yes","Yes","Yes","No","No"
"Pinyon Jay","Yes","No","No","No","No"
"Pink-necked Green-Pigeon","Yes","No","No","No","No"
"Pine Siskin","Yes","Yes","Yes","No","No"
"Pine Warbler","Yes","Yes","No","No","No"
"Pipipi","Yes","No","No","No","No"
"Piping Plover","Yes","No","No","No","No"
"Piratic Flycatcher","Yes","No","No","No","No"
"Pin-tailed Snipe","Yes","No","No","No","No"
"Pin-tailed Whydah","Yes","No","No","No","No"
"Pied Water-Tyrant","Yes","No","No","No","No"
"Plain Antvireo","Yes","No","No","No","No"
"Plain Chachalaca","Yes","No","No","No","No"
"Plaintive Cuckoo","Yes","No","No","No","No"
"Plain Flowerpecker","Yes","No","No","No","No"
"Plain Pigeon","Yes","No","No","No","No"
"Plain Prinia","Yes","No","No","No","No"
"Plain Swift","Yes","No","No","No","No"
"Cabanis's Wren","Yes","No","No","No","No"
"Canebrake Wren","Yes","No","No","No","No"
"Plain-brown Woodcreeper","Yes","No","No","No","No"
"Plain-capped Starthroat","Yes","No","No","No","No"
"Plain-colored Tanager","Yes","No","No","No","No"
"Plum-headed Parakeet","Yes","No","No","No","No"
"Plumbeous Sierra Finch","Yes","No","No","No","No"
"Plumbeous Vireo","Yes","No","No","No","No"
"Brown-throated Sunbird","Yes","No","No","No","No"
"Plume-toed Swiftlet","Yes","No","No","No","No"
"Plumbeous Hawk","Yes","No","No","No","No"
"Plumbeous Kite","Yes","No","No","No","No"
"Plumbeous Pigeon","Yes","No","No","No","No"
"Plumbeous Rail","Yes","No","No","No","No"
"Plumbeous Redstart","Yes","No","No","No","No"
"Plumbeous Warbler","Yes","No","No","No","No"
"Plumed Whistling-Duck","Yes","No","No","No","No"
"Plain-mantled Tit-Spinetail","Yes","No","No","No","No"
"Pale-naped Brushfinch","Yes","No","No","No","No"
"Pomarine Jaeger","Yes","No","No","No","No"
"Prairie Falcon","Yes","No","No","No","No"
"Prairie Warbler","Yes","No","No","No","No"
"Prong-billed Barbet","Yes","No","No","No","No"
"White-faced Ground-Sparrow","Yes","No","No","No","No"
"Cabanis's Ground-Sparrow","Yes","No","No","No","No"
"Prothonotary Warbler","Yes","No","No","No","No"
"Puerto Rican Owl","Yes","No","No","No","No"
"Purple-throated Mountain-gem","Yes","No","No","No","No"
"Purplish-backed Jay","Yes","No","No","No","No"
"Purple-crowned Fairy","Yes","No","No","No","No"
"Purple-collared Woodstar","Yes","No","No","No","No"
"Puna Ground-Tyrant","Yes","No","No","No","No"
"Puna Ibis","Yes","No","No","No","No"
"Puna Miner","Yes","No","No","No","No"
"Puna Plover","Yes","No","No","No","No"
"Puna Snipe","Yes","No","No","No","No"
"Puna Teal","Yes","No","No","No","No"
"Puna Tinamou","Yes","No","No","No","No"
"Puerto Rican Bullfinch","Yes","No","No","No","No"
"Puerto Rican Emerald","Yes","No","No","No","No"
"Purple Finch","Yes","Yes","Yes","No","No"
"Puerto Rican Flycatcher","Yes","No","No","No","No"
"Purple Gallinule","Yes","No","No","No","No"
"Purple Heron","Yes","No","No","No","No"
"Purple Honeycreeper","Yes","No","No","No","No"
"Puerto Rican Lizard-Cuckoo","Yes","No","No","No","No"
"Purple Martin","Yes","No","No","No","No"
"Puerto Rican Nightjar","Yes","No","No","No","No"
"Puerto Rican Amazon","Yes","No","No","No","No"
"Purple Sandpiper","Yes","No","No","No","No"
"Puerto Rican Spindalis","Yes","No","No","No","No"
"Purple-rumped Sunbird","Yes","No","No","No","No"
"Gray-headed Swamphen","Yes","No","No","No","No"
"Australasian Swamphen","Yes","No","No","No","No"
"Puerto Rican Tanager","Yes","No","No","No","No"
"Puerto Rican Tody","Yes","No","No","No","No"
"Puerto Rican Vireo","Yes","No","No","No","No"
"Puerto Rican Woodpecker","Yes","No","No","No","No"
"Purple-throated Carib","Yes","No","No","No","No"
"Purple-throated Fruitcrow","Yes","No","No","No","No"
"Puna Yellow-Finch","Yes","No","No","No","No"
"Pygmy Nuthatch","Yes","No","No","No","No"
"Japanese Pygmy Woodpecker","Yes","No","No","No","No"
"Pyrrhuloxia","Yes","No","No","No","No"
"Red-and-green Macaw","Yes","No","No","No","No"
"Rainbow Lorikeet","Yes","No","No","No","No"
"Rufous-and-white Wren","Yes","No","No","No","No"
"Raimondi's Yellow-Finch","Yes","No","No","No","No"
"Razorbill","Yes","No","No","No","No"
"Red-backed Sierra Finch","Yes","No","No","No","No"
"Red-crowned Ant-Tanager","Yes","No","No","No","No"
"Rufous-capped Brushfinch","Yes","No","No","No","No"
"Rose-crowned Fruit-Dove","Yes","No","No","No","No"
"Rusty-crowned Ground-Sparrow","Yes","No","No","No","No"
"Ruddy-capped Nightingale-Thrush","Yes","No","No","No","No"
"Russet-crowned Quail-Dove","Yes","No","No","No","No"
"Red-breasted Meadowlark","Yes","No","No","No","No"
"Red-breasted Chat","Yes","No","No","No","No"
"Red-breasted Dotterel","Yes","No","No","No","No"
"Red-backed Fairywren","Yes","No","No","No","No"
"Red-browed Firetail","Yes","No","No","No","No"
"Red-bellied Grackle","Yes","No","No","No","No"
"Variable Hawk","Yes","No","No","No","No"
"Red-billed Leiothrix","Yes","No","No","No","No"
"Red-bellied Macaw","Yes","No","No","No","No"
"Red-breasted Merganser","Yes","No","No","No","No"
"Red-breasted Nuthatch","Yes","Yes","No","No","No"
"Red-billed Pigeon","Yes","No","No","No","No"
"Red-breasted Sapsucker","Yes","No","No","No","No"
"Red-billed Scythebill","Yes","No","No","No","No"
"Red-backed Shrike","Yes","No","No","No","No"
"Red-bellied Woodpecker","Yes","No","No","No","No"
"Red-crested Cardinal","Yes","No","No","No","No"
"Masked Cardinal","Yes","No","No","No","No"
"Red-chested Cuckoo","Yes","No","No","No","No"
"Red Collared-Dove","Yes","No","No","No","No"
"Red-crested Finch","Yes","No","No","No","No"
"Red-capped Manakin","Yes","No","No","No","No"
"Red-crowned Amazon","Yes","No","No","No","No"
"Red-capped Plover","Yes","No","No","No","No"
"Red-cockaded Woodpecker","Yes","No","No","No","No"
"Red-crowned Woodpecker","Yes","No","No","No","No"
"Red Avadavat","Yes","No","No","No","No"
"Red Crossbill","Yes","Yes","No","No","No"
"Cassia Crossbill","Yes","No","No","No","No"
"Reddish Egret","Yes","No","No","No","No"
"Redhead","Yes","No","No","No","Yes"
"Red Junglefowl","Yes","No","No","No","No"
"Red Kite","Yes","No","No","No","No"
"Red Knot","Yes","No","No","No","No"
"Red Phalarope","Yes","No","No","No","No"
"Redpoll","Yes","No","No","No","No"
"Red Shoveler","Yes","No","No","No","No"
"Red Warbler","Yes","No","No","No","No"
"Red Wattlebird","Yes","No","No","No","No"
"Red-eyed Bulbul","Yes","No","No","No","No"
"Red-eyed Dove","Yes","No","No","No","No"
"Red-eyed Vireo","Yes","Yes","No","No","No"
"Red-flanked/Qilian Bluetail","Yes","No","No","No","No"
"Red-fronted Coot","Yes","No","No","No","No"
"Red-faced Cormorant","Yes","No","No","No","No"
"Red-fronted Parrotlet","Yes","No","No","No","No"
"Red-crowned Parakeet","Yes","No","No","No","No"
"Red-faced Spinetail","Yes","No","No","No","No"
"Red-faced Warbler","Yes","No","No","No","No"
"Red-gartered Coot","Yes","No","No","No","No"
"Regent Parrot","Yes","No","No","No","No"
"Red-headed Barbet","Yes","No","No","No","No"
"Red-headed Tanager","Yes","No","No","No","No"
"Red-headed Woodpecker","Yes","No","No","No","No"
"Red-kneed Dotterel","Yes","No","No","No","No"
"Red-legged Cormorant","Yes","No","No","No","No"
"Red-legged Honeycreeper","Yes","No","No","No","No"
"Red-lored Amazon","Yes","No","No","No","No"
"Red-legged Partridge","Yes","No","No","No","No"
"Red-legged Seriema","Yes","No","No","No","No"
"Red-legged Thrush","Yes","No","No","No","No"
"Red-masked Parakeet","Yes","No","No","No","No"
"Red-necked Falcon","Yes","No","No","No","No"
"Red-necked Grebe","Yes","No","No","No","No"
"Red-necked Nightjar","Yes","No","No","No","No"
"Red-necked Amazon","Yes","No","No","No","No"
"Red-necked Phalarope","Yes","No","No","No","No"
"Red-naped Sapsucker","Yes","No","No","No","No"
"Red-necked Stint","Yes","No","No","No","No"
"Red-rumped Parrot","Yes","No","No","No","No"
"Red-rumped Woodpecker","Yes","No","No","No","No"
"Red-shouldered Blackbird","Yes","No","No","No","No"
"Red-shouldered Hawk","Yes","No","No","No","No"
"Resplendent Quetzal","Yes","No","No","No","No"
"Red-throated Caracara","Yes","No","No","No","No"
"Red-tailed Hawk","Yes","No","No","No","No"
"Red-throated Loon","Yes","No","No","No","No"
"Red-vented Bulbul","Yes","No","No","No","No"
"Red-winged Blackbird","Yes","Yes","No","No","No"
"Red-whiskered Bulbul","Yes","No","No","No","No"
"Red-wattled Lapwing","Yes","No","No","No","No"
"Red-winged Parrot","Yes","No","No","No","No"
"Red-winged Starling","Yes","No","No","No","No"
"Red-winged Tinamou","Yes","No","No","No","No"
"Rhinoceros Auklet","Yes","No","No","No","No"
"Ring-billed Gull","Yes","No","No","No","No"
"Richard's Pipit","Yes","No","No","No","No"
"Ridgway's Hawk","Yes","No","No","No","No"
"Ridgway's Rail","Yes","No","No","No","No"
"Rifleman","Yes","No","No","No","No"
"Ring-necked Dove","Yes","No","No","No","No"
"Ring-necked Duck","Yes","No","No","No","No"
"Ringed Kingfisher","Yes","No","No","No","No"
"Ring-necked Pheasant","Yes","No","No","No","No"
"Green Pheasant","Yes","No","No","No","No"
"Ringed Teal","Yes","No","No","No","No"
"Ring-tailed Pigeon","Yes","No","No","No","No"
"River Tern","Yes","No","No","No","No"
"Riverside Wren","Yes","No","No","No","No"
"Rufous-naped Ground-Tyrant","Yes","No","No","No","No"
"Rufous-necked Wood-Rail","Yes","No","No","No","No"
"Roadside Hawk","Yes","No","No","No","No"
"Rose-bellied Bunting","Yes","No","No","No","No"
"Rose-breasted Grosbeak","Yes","Yes","No","No","No"
"Rosy-billed Pochard","Yes","No","No","No","No"
"Rock Bush-Quail","Yes","No","No","No","No"
"Southern Rockhopper Penguin","Yes","No","No","No","No"
"Rock Pigeon","Yes","Yes","No","No","No"
"Rock Pipit","Yes","No","No","No","No"
"Rock Ptarmigan","Yes","No","No","No","No"
"Rock Sandpiper","Yes","No","No","No","No"
"Rock Wren","Yes","No","No","No","No"
"Rough-legged Hawk","Yes","No","No","No","No"
"White-fronted Tyrannulet","Yes","No","No","No","No"
"Rook","Yes","No","No","No","No"
"Rose-ringed Parakeet","Yes","No","No","No","No"
"Ross's Goose","Yes","No","No","No","No"
"Ross's Gull","Yes","No","No","No","No"
"Rose Robin","Yes","No","No","No","No"
"Roseate Spoonbill","Yes","No","No","No","No"
"Roseate Tern","Yes","No","No","No","No"
"Rose-throated Becard","Yes","No","No","No","No"
"Rose-throated Tanager","Yes","No","No","No","No"
"Rosy Thrush-Tanager","Yes","No","No","No","No"
"Tropical Royal Flycatcher","Yes","No","No","No","No"
"Royal Spoonbill","Yes","No","No","No","No"
"Royal Tern","Yes","No","No","No","No"
"Red-throated Ant-Tanager","Yes","No","No","No","No"
"Red-tailed Black-Cockatoo","Yes","No","No","No","No"
"Ruby-throated Hummingbird","Yes","Yes","No","No","No"
"Rufous-tailed Hummingbird","Yes","No","No","No","No"
"Rufous-tailed Rock-Thrush","Yes","No","No","No","No"
"Rufous-breasted Antthrush","Yes","No","No","No","No"
"Rufous-bellied Chachalaca","Yes","No","No","No","No"
"Rufous-browed Conebill","Yes","No","No","No","No"
"Ruddy-breasted Crake","Yes","No","No","No","No"
"Rufous-breasted Hermit","Yes","No","No","No","No"
"Rufous-banded Miner","Yes","No","No","No","No"
"Rufous-browed Peppershrike","Yes","No","No","No","No"
"Rufous-backed Robin","Yes","No","No","No","No"
"Ruddy-breasted Seedeater","Yes","No","No","No","No"
"Rufous-bellied Seedsnipe","Yes","No","No","No","No"
"Rufous-breasted Spinetail","Yes","No","No","No","No"
"Coiba Spinetail","Yes","No","No","No","No"
"Rufous-breasted Wren","Yes","No","No","No","No"
"Rufous-browed Wren","Yes","No","No","No","No"
"Rufous-capped Babbler","Yes","No","No","No","No"
"Rufous-crested Coquette","Yes","No","No","No","No"
"Rufous-chested Dotterel","Yes","No","No","No","No"
"Ruby-crowned Kinglet","Yes","Yes","Yes","No","No"
"Russet-crowned Motmot","Yes","No","No","No","No"
"Rufous-collared Robin","Yes","No","No","No","No"
"Rusty-collared Seedeater","Yes","No","No","No","No"
"Rufous-crowned Sparrow","Yes","No","No","No","No"
"Rufous-collared Sparrow","Yes","No","No","No","No"
"Rufous-capped Warbler","Yes","No","No","No","No"
"Chestnut-capped Warbler","Yes","No","No","No","No"
"Ruddy Crake","Yes","No","No","No","No"
"Ruddy Duck","Yes","No","No","No","No"
"Ruddy Kingfisher","Yes","No","No","No","No"
"Ruddy Pigeon","Yes","No","No","No","No"
"Ruddy Treerunner","Yes","No","No","No","No"
"Ruddy Turnstone","Yes","No","No","No","No"
"Ruddy Woodcreeper","Yes","No","No","No","No"
"Ruff","Yes","No","No","No","No"
"Ruddy Foliage-gleaner","Yes","No","No","No","No"
"Ruffed Grouse","Yes","Yes","Yes","No","No"
"Rufous Hummingbird","Yes","No","No","No","No"
"Rufous Motmot","Yes","No","No","No","No"
"Rufous Mourner","Yes","No","No","No","No"
"Rufous Nightjar","Yes","No","No","No","No"
"Rufous Piha","Yes","No","No","No","No"
"Rufous-fronted Prinia","Yes","No","No","No","No"
"Rufous Sabrewing","Yes","No","No","No","No"
"Rufous Treepie","Yes","No","No","No","No"
"Rufous-faced Warbler","Yes","No","No","No","No"
"Rufous Whistler","Yes","No","No","No","No"
"Ruddy Ground Dove","Yes","No","No","No","No"
"Rufous-headed Chachalaca","Yes","No","No","No","No"
"Ruddy-headed Goose","Yes","No","No","No","No"
"Rufous-legged Owl","Yes","No","No","No","No"
"Rusty-margined Flycatcher","Yes","No","No","No","No"
"Nankeen Night Heron","Yes","No","No","No","No"
"Russet Nightingale-Thrush","Yes","No","No","No","No"
"Russet-naped Wood-Rail","Yes","No","No","No","No"
"Ruddy Quail-Dove","Yes","No","No","No","No"
"Rufous-rumped Antwren","Yes","No","No","No","No"
"Russet Antshrike","Yes","No","No","No","No"
"Rusty Blackbird","Yes","Yes","Yes","No","No"
"Rusty Sparrow","Yes","No","No","No","No"
"Russet Sparrow","Yes","No","No","No","No"
"Rufous-tailed Flycatcher","Yes","No","No","No","No"
"Ruddy-tailed Flycatcher","Yes","No","No","No","No"
"Rufous-tailed Hawk","Yes","No","No","No","No"
"Rufescent Tiger-Heron","Yes","No","No","No","No"
"Ruby-topaz Hummingbird","Yes","No","No","No","No"
"Rufous-tailed Jacamar","Yes","No","No","No","No"
"Rufous-tailed Lark","Yes","No","No","No","No"
"Rufous-tailed Plantcutter","Yes","No","No","No","No"
"Rufous-tailed Scrub-Robin","Yes","No","No","No","No"
"Rufous-throated Solitaire","Yes","No","No","No","No"
"Russet-tailed Thrush","Yes","No","No","No","No"
"Rufous-vented Chachalaca","Yes","No","No","No","No"
"Rufous-winged Sparrow","Yes","No","No","No","No"
"Rufous-winged Tanager","Yes","No","No","No","No"
"Rufous-winged Woodpecker","Yes","No","No","No","No"
"Rufous-webbed Bush-Tyrant","Yes","No","No","No","No"
"Sabine's Gull","Yes","No","No","No","No"
"San Blas Jay","Yes","No","No","No","No"
"Saddle-billed Stork","Yes","No","No","No","No"
"Saffron-cowled Blackbird","Yes","No","No","No","No"
"African Sacred Ibis","Yes","No","No","No","No"
"Sacred Kingfisher","Yes","No","No","No","No"
"North Island Saddleback","Yes","No","No","No","No"
"South Island Saddleback","Yes","No","No","No","No"
"Sad Flycatcher","Yes","No","No","No","No"
"Saffron Finch","Yes","No","No","No","No"
"Greater Sage-Grouse","Yes","No","No","No","No"
"Sagebrush Sparrow","Yes","No","No","No","No"
"Sage Thrasher","Yes","No","No","No","No"
"Salvin's Albatross","Yes","No","No","No","No"
"Sakhalin Leaf Warbler","Yes","No","No","No","No"
"Sandhill Crane","Yes","No","No","No","No"
"Sanderling","Yes","No","No","No","No"
"Sand Lark","Yes","No","No","No","No"
"Sandwich Tern","Yes","No","No","No","No"
"Sapayoa","Yes","No","No","No","No"
"Sarus Crane","Yes","No","No","No","No"
"Sardinian Warbler","Yes","No","No","No","No"
"Satin Bowerbird","Yes","No","No","No","No"
"Satin Flycatcher","Yes","No","No","No","No"
"Saunders's Gull","Yes","No","No","No","No"
"Savanna Hawk","Yes","No","No","No","No"
"Savanna Nightjar","Yes","No","No","No","No"
"Savannah Sparrow","Yes","Yes","Yes","Yes","No"
"Savi's Warbler","Yes","No","No","No","No"
"Say's Phoebe","Yes","No","No","No","No"
"Sayaca Tanager","Yes","No","No","No","No"
"Slaty-backed Forest-Falcon","Yes","No","No","No","No"
"Spot-billed Ground-Tyrant","Yes","No","No","No","No"
"Slaty-backed Nightingale-Thrush","Yes","No","No","No","No"
"Black-necklaced Scimitar-Babbler","Yes","No","No","No","No"
"Streak-breasted Scimitar-Babbler","Yes","No","No","No","No"
"Scaled Antpitta","Yes","No","No","No","No"
"Scarlet Ibis","Yes","No","No","No","No"
"Scarlet Macaw","Yes","No","No","No","No"
"Orange Minivet","Yes","No","No","No","No"
"Scarlet Myzomela","Yes","No","No","No","No"
"Scaled Pigeon","Yes","No","No","No","No"
"Scaled Quail","Yes","No","No","No","No"
"Scarlet Tanager","Yes","Yes","No","No","No"
"Scarlet-backed Flowerpecker","Yes","No","No","No","No"
"Scaly-breasted Hummingbird","Yes","No","No","No","No"
"Scaly-breasted Lorikeet","Yes","No","No","No","No"
"Sooty-capped Chlorospingus","Yes","No","No","No","No"
"Scarlet-browed Tanager","Yes","No","No","No","No"
"Scaly-breasted Thrasher","Yes","No","No","No","No"
"Scimitar-billed Woodcreeper","Yes","No","No","No","No"
"Scaly-breasted Wren","Yes","No","No","No","No"
"Scarlet-headed Blackbird","Yes","No","No","No","No"
"Scintillant Hummingbird","Yes","No","No","No","No"
"Scaly-naped Pigeon","Yes","No","No","No","No"
"Scott's Oriole","Yes","No","No","No","No"
"Scale-crested Pygmy-Tyrant","Yes","No","No","No","No"
"Scrub Blackbird","Yes","No","No","No","No"
"Scarlet-rumped Cacique","Yes","No","No","No","No"
"Screaming Cowbird","Yes","No","No","No","No"
"Scrub Euphonia","Yes","No","No","No","No"
"West Mexican Euphonia","Yes","No","No","No","No"
"Scrub Greenlet","Yes","No","No","No","No"
"Screaming Piha","Yes","No","No","No","No"
"Scrub Tanager","Yes","No","No","No","No"
"Scarlet-thighed Dacnis","Yes","No","No","No","No"
"Scale-throated Earthcreeper","Yes","No","No","No","No"
"Scissor-tailed Flycatcher","Yes","No","No","No","No"
"Scaly-throated Leaftosser","Yes","No","No","No","No"
"Seaside Cinclodes","Yes","No","No","No","No"
"Seaside Sparrow","Yes","No","No","No","No"
"Sepia-capped Flycatcher","Yes","No","No","No","No"
"Secretarybird","Yes","No","No","No","No"
"Grass Wren","Yes","No","No","No","No"
"Sedge Wren","Yes","Yes","No","Yes","No"
"Semiplumbeous Hawk","Yes","No","No","No","No"
"Semipalmated Plover","Yes","No","No","No","No"
"Semipalmated Sandpiper","Yes","No","No","No","No"
"Sharpbill","Yes","No","No","No","No"
"Sharp-billed Canastero","Yes","No","No","No","No"
"Shining Bronze-Cuckoo","Yes","No","No","No","No"
"Short-billed Dowitcher","Yes","No","No","No","No"
"Short-billed Pigeon","Yes","No","No","No","No"
"Short-eared Owl","Yes","No","No","No","No"
"Shiny Cowbird","Yes","No","No","No","No"
"Shining Honeycreeper","Yes","No","No","No","No"
"Sharp-shinned Hawk","Yes","No","No","No","No"
"Short-toed Snake-Eagle","Yes","No","No","No","No"
"Slate-headed Tody-Flycatcher","Yes","No","No","No","No"
"Sharp-tailed Grouse","Yes","No","No","No","No"
"Short-tailed Hawk","Yes","No","No","No","No"
"Short-tailed Nighthawk","Yes","No","No","No","No"
"Sharp-tailed Sandpiper","Yes","No","No","No","No"
"Short-tailed Shearwater","Yes","No","No","No","No"
"Sharp-tailed Streamcreeper","Yes","No","No","No","No"
"Short-tailed Swift","Yes","No","No","No","No"
"Short-toed Treecreeper","Yes","No","No","No","No"
"Siberian Blue Robin","Yes","No","No","No","No"
"Siberian Stonechat","Yes","No","No","No","No"
"Silver-beaked Tanager","Yes","No","No","No","No"
"Sick's Swift","Yes","No","No","No","No"
"Silver-eared Mesia","Yes","No","No","No","No"
"Silvery-fronted Tapaculo","Yes","No","No","No","No"
"Silvered Antbird","Yes","No","No","No","No"
"Silvery Grebe","Yes","No","No","No","No"
"Silver Gull","Yes","No","No","No","No"
"Silver Teal","Yes","No","No","No","No"
"Silvereye","Yes","No","No","No","No"
"Sierra Madre Sparrow","Yes","No","No","No","No"
"Sinaloa Crow","Yes","No","No","No","No"
"Singing Quail","Yes","No","No","No","No"
"Sinaloa Wren","Yes","No","No","No","No"
"Sirkeer Malkoha","Yes","No","No","No","No"
"Choco Sirystes","Yes","No","No","No","No"
"Silvery-throated Jay","Yes","No","No","No","No"
"Silvery-throated Spinetail","Yes","No","No","No","No"
"Silver-throated Tanager","Yes","No","No","No","No"
"Eurasian Skylark","Yes","No","No","No","No"
"Slaty Antwren","Yes","No","No","No","No"
"Slaty Flowerpiercer","Yes","No","No","No","No"
"Slaty Spinetail","Yes","No","No","No","No"
"Slaty Vireo","Yes","No","No","No","No"
"Carnaby's Black-Cockatoo","Yes","No","No","No","No"
"St. Lucia Black Finch","Yes","No","No","No","No"
"Slender-billed Finch","Yes","No","No","No","No"
"Slaty-backed Gull","Yes","No","No","No","No"
"Slender-billed Parakeet","Yes","No","No","No","No"
"Slender-billed Prion","Yes","No","No","No","No"
"Slaty-breasted Tinamou","Yes","No","No","No","No"
"Slate-colored Coot","Yes","No","No","No","No"
"Slaty-capped Flycatcher","Yes","No","No","No","No"
"Slate-colored Grosbeak","Yes","No","No","No","No"
"Slate-colored Seedeater","Yes","No","No","No","No"
"Slate-colored Solitaire","Yes","No","No","No","No"
"Slender Sheartail","Yes","No","No","No","No"
"Slate-throated Gnatcatcher","Yes","No","No","No","No"
"Slate-throated Redstart","Yes","No","No","No","No"
"Slaty-tailed Trogon","Yes","No","No","No","No"
"Smooth-billed Ani","Yes","No","No","No","No"
"Small-billed Elaenia","Yes","No","No","No","No"
"Smoky-brown Woodpecker","Yes","No","No","No","No"
"Smith's Longspur","Yes","No","No","No","No"
"Snail Kite","Yes","No","No","No","No"
"Snowy-browed Flycatcher","Yes","No","No","No","No"
"Snowy-bellied Hummingbird","Yes","No","No","No","No"
"Snow Bunting","Yes","No","No","No","No"
"Snowy Cotinga","Yes","No","No","No","No"
"Snowy Egret","Yes","No","No","No","No"
"Snow Goose","Yes","No","No","No","No"
"Snowy Owl","Yes","No","No","No","No"
"Snowy Plover","Yes","No","No","No","No"
"Snowy Sheathbill","Yes","No","No","No","No"
"Snowcap","Yes","No","No","No","No"
"South American Painted-Snipe","Yes","No","No","No","No"
"South African Shelduck","Yes","No","No","No","No"
"Magellanic Snipe","Yes","No","No","No","No"
"Sooty Ant-Tanager","Yes","No","No","No","No"
"South American Tern","Yes","No","No","No","No"
"Southern Brown Kiwi","Yes","No","No","No","No"
"Southern Beardless-Tyrannulet","Yes","No","No","No","No"
"Social Flycatcher","Yes","No","No","No","No"
"Sociable Weaver","Yes","No","No","No","No"
"Sooty-faced Finch","Yes","No","No","No","No"
"Southern Ground-Hornbill","Yes","No","No","No","No"
"Sooty-headed Tyrannulet","Yes","No","No","No","No"
"South Island Oystercatcher","Yes","No","No","No","No"
"South Island Wren","Yes","No","No","No","No"
"Solitary Eagle","Yes","No","No","No","No"
"Solitary Sandpiper","Yes","Yes","Yes","No","No"
"Song Sparrow","Yes","Yes","No","No","No"
"Song Thrush","Yes","No","No","No","No"
"Song Wren","Yes","No","No","No","No"
"Sooty Grassquit","Yes","No","No","No","No"
"Sooty Grouse","Yes","Yes","No","No","No"
"Sooty Oystercatcher","Yes","No","No","No","No"
"Sooty Thrush","Yes","No","No","No","No"
"Sooty Shearwater","Yes","No","No","No","No"
"South Polar Skua","Yes","No","No","No","No"
"Sora","Yes","No","No","No","No"
"Southern Bentbill","Yes","No","No","No","No"
"Southern Boubou","Yes","No","No","No","No"
"Southern Emuwren","Yes","No","No","No","No"
"Southern Fiscal","Yes","No","No","No","No"
"Southern Fulmar","Yes","No","No","No","No"
"Southern Lapwing","Yes","No","No","No","No"
"Southern Martin","Yes","No","No","No","No"
"Southern Screamer","Yes","No","No","No","No"
"Southern Whiteface","Yes","No","No","No","No"
"Mexican Whip-poor-will","Yes","No","No","No","No"
"Spanish Eagle","Yes","No","No","No","No"
"Eastern Spot-billed Duck","Yes","No","No","No","No"
"Spot-breasted Fantail","Yes","No","No","No","No"
"Spot-breasted Oriole","Yes","No","No","No","No"
"Spot-billed Pelican","Yes","No","No","No","No"
"Spoon-billed Sandpiper","Yes","No","No","No","No"
"Spot-breasted Woodpecker","Yes","No","No","No","No"
"Spot-breasted Wren","Yes","No","No","No","No"
"Spot-crowned Antvireo","Yes","No","No","No","No"
"Spot-crowned Barbet","Yes","No","No","No","No"
"Spot-crowned Euphonia","Yes","No","No","No","No"
"Spangle-cheeked Tanager","Yes","No","No","No","No"
"Spot-crowned Woodcreeper","Yes","No","No","No","No"
"Spectacled Duck","Yes","No","No","No","No"
"Spectacled Eider","Yes","No","No","No","No"
"Speckled Mourner","Yes","No","No","No","No"
"Speckled Mousebird","Yes","No","No","No","No"
"Spectacled Owl","Yes","No","No","No","No"
"Spectacled Parrotlet","Yes","No","No","No","No"
"Speckled Pigeon","Yes","No","No","No","No"
"Speckled Tanager","Yes","No","No","No","No"
"Andean Teal","Yes","No","No","No","No"
"Spectacled Tyrant","Yes","No","No","No","No"
"Spot-flanked Gallinule","Yes","No","No","No","No"
"Spot-fronted Swift","Yes","No","No","No","No"
"Spix's Spinetail","Yes","No","No","No","No"
"Splendid Fairywren","Yes","No","No","No","No"
"Yellow-throated Nightingale-Thrush","Yes","No","No","No","No"
"Spotted Antbird","Yes","No","No","No","No"
"Spotted Barbtail","Yes","No","No","No","No"
"Spotless Crake","Yes","No","No","No","No"
"Spotted Dove","Yes","No","No","No","No"
"Spotted Nothura","Yes","No","No","No","No"
"Spotted Owl","Yes","No","No","No","No"
"Spotted Owlet","Yes","No","No","No","No"
"Spotted Pardalote","Yes","No","No","No","No"
"Spotted Rail","Yes","No","No","No","No"
"Spotted Sandpiper","Yes","Yes","No","No","No"
"Spotted Shag","Yes","No","No","No","No"
"Spotless Starling","Yes","No","No","No","No"
"Spotted Towhee","Yes","No","No","No","No"
"Spotted Woodcreeper","Yes","No","No","No","No"
"Spotted Wren","Yes","No","No","No","No"
"Spruce Grouse","Yes","No","No","No","No"
"Sprague's Pipit","Yes","No","No","Yes","No"
"Spotted Tody-Flycatcher","Yes","No","No","No","No"
"Sparkling-tailed Hummingbird","Yes","No","No","No","No"
"Spot-tailed Nightjar","Yes","No","No","No","No"
"Sparkling Violetear","Yes","No","No","No","No"
"Spot-winged Pigeon","Yes","No","No","No","No"
"Spotted Wood-Quail","Yes","No","No","No","No"
"Squirrel Cuckoo","Yes","No","No","No","No"
"Southern Rough-winged Swallow","Yes","No","No","No","No"
"Saltmarsh Sparrow","Yes","No","No","No","No"
"Stripe-backed Bittern","Yes","No","No","No","No"
"Straight-billed Earthcreeper","Yes","No","No","No","No"
"Streak-backed Oriole","Yes","No","No","No","No"
"Straight-billed Reedhaunter","Yes","No","No","No","No"
"Stripe-breasted Spinetail","Yes","No","No","No","No"
"Streak-breasted Treehunter","Yes","No","No","No","No"
"Strong-billed Woodcreeper","Yes","No","No","No","No"
"Straight-billed Woodcreeper","Yes","No","No","No","No"
"Stripe-breasted Wren","Yes","No","No","No","No"
"Streak-chested Antpitta","Yes","No","No","No","No"
"Stripe-cheeked Woodpecker","Yes","No","No","No","No"
"Steppe Eagle","Yes","No","No","No","No"
"Steller's Eider","Yes","No","No","No","No"
"Steller's Jay","Yes","No","No","No","No"
"Taiwan Liocichla","Yes","No","No","No","No"
"Scaly-throated Foliage-gleaner","Yes","No","No","No","No"
"Short-tailed Field Tyrant","Yes","No","No","No","No"
"Costa Rican Brushfinch","Yes","No","No","No","No"
"Stripe-headed Sparrow","Yes","No","No","No","No"
"Streak-headed Woodcreeper","Yes","No","No","No","No"
"Stilt Sandpiper","Yes","No","No","No","No"
"Stiles's Tapaculo","Yes","No","No","No","No"
"Stitchbird","Yes","No","No","No","No"
"St. Lucia Oriole","Yes","No","No","No","No"
"St. Lucia Amazon","Yes","No","No","No","No"
"St. Lucia Warbler","Yes","No","No","No","No"
"Straw-necked Ibis","Yes","No","No","No","No"
"Stolid Flycatcher","Yes","No","No","No","No"
"European Stonechat","Yes","No","No","No","No"
"Striated Caracara","Yes","No","No","No","No"
"Striped Cuckoo","Yes","No","No","No","No"
"Red-billed Streamertail","Yes","No","No","No","No"
"Black-billed Streamertail","Yes","No","No","No","No"
"Streaked Flycatcher","Yes","No","No","No","No"
"Striated Heron","Yes","No","No","No","No"
"Striped Owl","Yes","No","No","No","No"
"Striped Prinia","Yes","No","No","No","No"
"Streaked Saltator","Yes","No","No","No","No"
"Striped Sparrow","Yes","No","No","No","No"
"Striated Thornbill","Yes","No","No","No","No"
"Streaked Weaver","Yes","No","No","No","No"
"Strickland's Woodpecker","Yes","No","No","No","No"
"Western Woodhaunter","Yes","No","No","No","No"
"Striped Woodpecker","Yes","No","No","No","No"
"Streaked Xenops","Yes","No","No","No","No"
"Pin-striped Tit-Babbler","Yes","No","No","No","No"
"Stripe-throated Hermit","Yes","No","No","No","No"
"Stripe-tailed Hummingbird","Yes","No","No","No","No"
"Stub-tailed Spadebill","Yes","No","No","No","No"
"Streaked Tit-Spinetail","Yes","No","No","No","No"
"Stripe-throated Wren","Yes","No","No","No","No"
"St. Vincent Amazon","Yes","No","No","No","No"
"Styan's Bulbul","Yes","No","No","No","No"
"Stygian Owl","Yes","No","No","No","No"
"Sulphur-bellied Flycatcher","Yes","No","No","No","No"
"Subantarctic Snipe","Yes","No","No","No","No"
"Sulphur-crested Cockatoo","Yes","No","No","No","No"
"Superb Fruit-Dove","Yes","No","No","No","No"
"Sulphury Flycatcher","Yes","No","No","No","No"
"Summer Tanager","Yes","No","No","No","No"
"Sumichrast's Wren","Yes","No","No","No","No"
"Sunbittern","Yes","No","No","No","No"
"Sungrebe","Yes","No","No","No","No"
"Superb Fairywren","Yes","No","No","No","No"
"Superb Parrot","Yes","No","No","No","No"
"Superciliated Wren","Yes","No","No","No","No"
"Surfbird","Yes","No","No","No","No"
"Sulphur-rumped Flycatcher","Yes","No","No","No","No"
"Surf Scoter","Yes","No","No","No","No"
"Sulphur-rumped Tanager","Yes","No","No","No","No"
"Sulphur-winged Parakeet","Yes","No","No","No","No"
"Swainson's Flycatcher","Yes","No","No","No","No"
"Swamp Francolin","Yes","No","No","No","No"
"Swamp Harrier","Yes","No","No","No","No"
"Swainson's Hawk","Yes","No","No","No","No"
"Swamp Sparrow","Yes","Yes","No","No","No"
"Swallow Tanager","Yes","No","No","No","No"
"Swainson's Thrush","Yes","Yes","Yes","No","No"
"Swainson's Warbler","Yes","No","No","No","No"
"Slaty-winged Foliage-gleaner","Yes","No","No","No","No"
"Swinhoe's Pheasant","Yes","No","No","No","No"
"Swinhoe's White-eye","Yes","No","No","No","No"
"Swallow-tailed Kite","Yes","No","No","No","No"
"Syrian Woodpecker","Yes","No","No","No","No"
"Tawny-bellied Seedeater","Yes","No","No","No","No"
"Tawny-capped Euphonia","Yes","No","No","No","No"
"Tawny-crowned Greenlet","Yes","No","No","No","No"
"Fulvous-faced Scrub-Tyrant","Yes","No","No","No","No"
"Tawny-crested Tanager","Yes","No","No","No","No"
"Tawny-faced Gnatwren","Yes","No","No","No","No"
"Tawny Fish-Owl","Yes","No","No","No","No"
"Tawny-faced Quail","Yes","No","No","No","No"
"Taiwan Bamboo-Partridge","Yes","No","No","No","No"
"Taiwan Barwing","Yes","No","No","No","No"
"Taiwan Barbet","Yes","No","No","No","No"
"Taiwan Bush Warbler","Yes","No","No","No","No"
"Taiga Flycatcher","Yes","No","No","No","No"
"Taiwan Fulvetta","Yes","No","No","No","No"
"Taiwan Hwamei","Yes","No","No","No","No"
"Taiwan Partridge","Yes","No","No","No","No"
"Taiwan Scimitar-Babbler","Yes","No","No","No","No"
"Taiwan Cupwing","Yes","No","No","No","No"
"Taiwan Yuhina","Yes","No","No","No","No"
"South Island Takahe","Yes","No","No","No","No"
"Tamarugo Conebill","Yes","No","No","No","No"
"Tamaulipas Crow","Yes","No","No","No","No"
"Tawny-shouldered Blackbird","Yes","No","No","No","No"
"Tawny-throated Dotterel","Yes","No","No","No","No"
"Middle American Leaftosser","Yes","No","No","No","No"
"Tataupa Tinamou","Yes","No","No","No","No"
"Tawny Eagle","Yes","No","No","No","No"
"Tawny Lark","Yes","No","No","No","No"
"Tawny Owl","Yes","No","No","No","No"
"Tawny-winged Woodcreeper","Yes","No","No","No","No"
"Thick-billed Seed-Finch","Yes","No","No","No","No"
"Temminck's Stint","Yes","No","No","No","No"
"Tennessee Warbler","Yes","Yes","Yes","No","No"
"Terek Sandpiper","Yes","No","No","No","No"
"Thick-billed Euphonia","Yes","No","No","No","No"
"Thick-billed Kingbird","Yes","No","No","No","No"
"Thick-billed Murre","Yes","No","No","No","No"
"Thick-billed Siskin","Yes","No","No","No","No"
"Thick-billed Vireo","Yes","No","No","No","No"
"Thekla's Lark","Yes","No","No","No","No"
"Thicket Antpitta","Yes","No","No","No","No"
"Thicket Tinamou","Yes","No","No","No","No"
"Northern Schiffornis","Yes","No","No","No","No"
"Russet-winged Schiffornis","Yes","No","No","No","No"
"Thrush Nightingale","Yes","No","No","No","No"
"Yungas Warbler","Yes","No","No","No","No"
"Costa Rican Warbler","Yes","No","No","No","No"
"Thorn-tailed Rayadito","Yes","No","No","No","No"
"Three-wattled Bellbird","Yes","No","No","No","No"
"Timberline Wren","Yes","No","No","No","No"
"Tiny Hawk","Yes","No","No","No","No"
"Tody Motmot","Yes","No","No","No","No"
"Tomtit","Yes","No","No","No","No"
"Topknot Pigeon","Yes","No","No","No","No"
"Torresian Crow","Yes","No","No","No","No"
"Torrent Duck","Yes","No","No","No","No"
"Torresian Imperial-Pigeon","Yes","No","No","No","No"
"Torrent Tyrannulet","Yes","No","No","No","No"
"Toucan Barbet","Yes","No","No","No","No"
"Townsend's Solitaire","Yes","Yes","Yes","No","No"
"Townsend's Warbler","Yes","Yes","Yes","No","No"
"Tree Martin","Yes","No","No","No","No"
"Tree Pipit","Yes","No","No","No","No"
"Tree Swallow","Yes","Yes","Yes","No","No"
"Tricolored Blackbird","Yes","No","No","No","No"
"Trinidad Euphonia","Yes","No","No","No","No"
"Tricolored Heron","Yes","No","No","No","No"
"Trinidad Motmot","Yes","No","No","No","No"
"Tricolored Munia","Yes","No","No","No","No"
"White-browed Gnatcatcher","Yes","No","No","No","No"
"Tropical Kingbird","Yes","No","No","No","No"
"Tropical Mockingbird","Yes","No","No","No","No"
"Tropical Parula","Yes","No","No","No","No"
"Northern Tropical Pewee","Yes","No","No","No","No"
"Trinidad Piping-Guan","Yes","No","No","No","No"
"Tropical Screech-Owl","Yes","No","No","No","No"
"Trumpeter Swan","Yes","No","No","No","No"
"Snowy-crowned Tern","Yes","No","No","No","No"
"Turquoise-browed Motmot","Yes","No","No","No","No"
"Tufted Coquette","Yes","No","No","No","No"
"Tufted Duck","Yes","No","No","No","No"
"Tufted Flycatcher","Yes","No","No","No","No"
"Tufted Jay","Yes","No","No","No","No"
"Tufted Puffin","Yes","No","No","No","No"
"Tufted Titmouse","Yes","No","No","No","No"
"Tui","Yes","No","No","No","No"
"Tundra Bean-Goose","Yes","No","No","No","No"
"Tundra Swan","Yes","No","No","No","No"
"Tuxtla Quail-Dove","Yes","No","No","No","No"
"Turquoise Cotinga","Yes","No","No","No","No"
"Turquoise Dacnis","Yes","No","No","No","No"
"Turquoise Tanager","Yes","No","No","No","No"
"Turkey Vulture","Yes","No","No","No","No"
"Tufted Tit-Tyrant","Yes","No","No","No","No"
"Two-banded Plover","Yes","No","No","No","No"
"Tyrian Metaltail","Yes","No","No","No","No"
"Uniform Crake","Yes","No","No","No","No"
"Unicolored Jay","Yes","No","No","No","No"
"Upland Goose","Yes","No","No","No","No"
"Upland Sandpiper","Yes","Yes","No","Yes","No"
"Unspotted Saw-whet Owl","Yes","No","No","No","No"
"Varied Bunting","Yes","No","No","No","No"
"Purple-backed Fairywren","Yes","No","No","No","No"
"Variegated Fairywren","Yes","No","No","No","No"
"Variegated Flycatcher","Yes","No","No","No","No"
"Variable Oystercatcher","Yes","No","No","No","No"
"Variable Seedeater","Yes","No","No","No","No"
"Varied Solitaire","Yes","No","No","No","No"
"Varied Thrush","Yes","Yes","Yes","No","No"
"Varied Tit","Yes","No","No","No","No"
"Vaux's Swift","Yes","No","No","No","No"
"Veery","Yes","Yes","Yes","No","No"
"Velvet-fronted Euphonia","Yes","No","No","No","No"
"Venezuelan Flycatcher","Yes","No","No","No","No"
"Venezuelan Troupial","Yes","No","No","No","No"
"Velvet-purple Coronet","Yes","No","No","No","No"
"Verdin","Yes","No","No","No","No"
"Verreaux's Eagle","Yes","No","No","No","No"
"Vermilion Flycatcher","Yes","No","No","No","No"
"Vervain Hummingbird","Yes","No","No","No","No"
"Veraguan Mango","Yes","No","No","No","No"
"Choco Screech-Owl","Yes","No","No","No","No"
"Middle American Screech-Owl","Yes","No","No","No","No"
"Vesper Sparrow","Yes","Yes","Yes","Yes","No"
"Violet-bellied Hummingbird","Yes","No","No","No","No"
"Violet-crowned Hummingbird","Yes","No","No","No","No"
"Violet-green Swallow","Yes","No","No","No","No"
"Violet-headed Hummingbird","Yes","No","No","No","No"
"Village Weaver","Yes","No","No","No","No"
"Taiwan Rosefinch","Yes","No","No","No","No"
"Violaceous Euphonia","Yes","No","No","No","No"
"Violet Sabrewing","Yes","No","No","No","No"
"Guianan Trogon","Yes","No","No","No","No"
"Virginia Rail","Yes","No","No","No","No"
"Virginia's Warbler","Yes","No","No","No","No"
"Vinous-throated Parrotbill","Yes","No","No","No","No"
"Vitelline Warbler","Yes","No","No","No","No"
"Taiwan Vivid Niltava","Yes","No","No","No","No"
"Volcano Hummingbird","Yes","No","No","No","No"
"Volcano Junco","Yes","No","No","No","No"
"Wandering Tattler","Yes","No","No","No","No"
"Warbling Doradito","Yes","No","No","No","No"
"Warbling Vireo","Yes","Yes","Yes","No","No"
"Warbling White-eye","Yes","No","No","No","No"
"Watercock","Yes","No","No","No","No"
"Wattled Jacana","Yes","No","No","No","No"
"White-bellied Blue Flycatcher","Yes","No","No","No","No"
"White-browed Chat-Tyrant","Yes","No","No","No","No"
"White-browed Ground-Tyrant","Yes","No","No","No","No"
"White-bellied Mountain-gem","Yes","No","No","No","No"
"White-bellied Sea-Eagle","Yes","No","No","No","No"
"White-breasted Wood-Wren","Yes","No","No","No","No"
"Western Bonelli's Warbler","Yes","No","No","No","No"
"Wedge-billed Woodcreeper","Yes","No","No","No","No"
"Western Crowned Warbler","Yes","No","No","No","No"
"Vigors's Sunbird","Yes","No","No","No","No"
"Western Chat-Tanager","Yes","No","No","No","No"
"Weebill","Yes","No","No","No","No"
"White-eared Ground-Sparrow","Yes","No","No","No","No"
"West Indian Woodpecker","Yes","No","No","No","No"
"Weka","Yes","No","No","No","No"
"Welcome Swallow","Yes","No","No","No","No"
"West Mexican Chachalaca","Yes","No","No","No","No"
"Western Orphean Warbler","Yes","No","No","No","No"
"West Peruvian Dove","Yes","No","No","No","No"
"Western Reef-Heron","Yes","No","No","No","No"
"Black-crowned Antshrike","Yes","No","No","No","No"
"Western Bluebird","Yes","No","No","No","No"
"Western Emerald","Yes","No","No","No","No"
"Western Flycatcher","Yes","No","No","No","No"
"Western Grebe","Yes","No","No","No","No"
"Western Gull","Yes","No","No","No","No"
"Western Kingbird","Yes","No","No","Yes","No"
"Western Meadowlark","Yes","No","No","Yes","No"
"Western Screech-Owl","Yes","No","No","No","No"
"Western Sandpiper","Yes","No","No","No","No"
"Western Spindalis","Yes","No","No","No","No"
"Western Tanager","Yes","Yes","No","No","No"
"Wedge-tailed Eagle","Yes","No","No","No","No"
"Wedge-tailed Sabrewing","Yes","No","No","No","No"
"Western Wood-Pewee","Yes","Yes","Yes","No","No"
"White-fronted Ground-Tyrant","Yes","No","No","No","No"
"White-faced Quail-Dove","Yes","No","No","No","No"
"White-faced Whistling-Duck","Yes","No","No","No","No"
"White-bellied Antbird","Yes","No","No","No","No"
"White-browed Meadowlark","Yes","No","No","No","No"
"White-browed Bulbul","Yes","No","No","No","No"
"White-bellied Chachalaca","Yes","No","No","No","No"
"White-bellied Emerald","Yes","No","No","No","No"
"White-browed Fulvetta","Yes","No","No","No","No"
"White-browed Laughingthrush","Yes","No","No","No","No"
"White-bearded Manakin","Yes","No","No","No","No"
"White-banded Mockingbird","Yes","No","No","No","No"
"White-breasted Nuthatch","Yes","Yes","No","No","No"
"White-bellied Parrot","Yes","No","No","No","No"
"White-browed Scrubwren","Yes","No","No","No","No"
"Taiwan Shortwing","Yes","No","No","No","No"
"White-bellied Treepie","Yes","No","No","No","No"
"White-backed Vulture","Yes","No","No","No","No"
"White-breasted Waterhen","Yes","No","No","No","No"
"White-breasted Woodswallow","Yes","No","No","No","No"
"White-browed Woodswallow","Yes","No","No","No","No"
"White-bellied Wren","Yes","No","No","No","No"
"White-bellied Erpornis","Yes","No","No","No","No"
"White-capped Albatross","Yes","No","No","No","No"
"White-cheeked Barbet","Yes","No","No","No","No"
"Himalayan Bulbul","Yes","No","No","No","No"
"White-crested Coquette","Yes","No","No","No","No"
"White-crested Elaenia","Yes","No","No","No","No"
"White-chested Emerald","Yes","No","No","No","No"
"White-collared Manakin","Yes","No","No","No","No"
"White-crowned Manakin","Yes","No","No","No","No"
"White-crowned Parrot","Yes","No","No","No","No"
"White-chinned Petrel","Yes","No","No","No","No"
"White-crowned Pigeon","Yes","No","No","No","No"
"White-cheeked Pintail","Yes","No","No","No","No"
"Morelet's Seedeater","Yes","No","No","No","No"
"Cinnamon-rumped Seedeater","Yes","No","No","No","No"
"White-crowned Sparrow","Yes","Yes","Yes","No","No"
"White-cheeked Starling","Yes","No","No","No","No"
"White-collared Swift","Yes","No","No","No","No"
"White-chinned Swift","Yes","No","No","No","No"
"White-capped Tanager","Yes","No","No","No","No"
"White-chinned Thrush","Yes","No","No","No","No"
"White-eyed Buzzard","Yes","No","No","No","No"
"White-eared Conebill","Yes","No","No","No","No"
"White-eared Hummingbird","Yes","No","No","No","No"
"White-eyed Parakeet","Yes","No","No","No","No"
"White-eared Sibia","Yes","No","No","No","No"
"White-eyed Thrush","Yes","No","No","No","No"
"White-eyed Vireo","Yes","No","No","No","No"
"White-flanked Antwren","Yes","No","No","No","No"
"Northern White-fringed Antwren","Yes","No","No","No","No"
"White-faced Heron","Yes","No","No","No","No"
"White-faced Ibis","Yes","No","No","No","No"
"White-fronted Nunbird","Yes","No","No","No","No"
"White-fronted Amazon","Yes","No","No","No","No"
"White-fronted Tern","Yes","No","No","No","No"
"White-headed Munia","Yes","No","No","No","No"
"White-headed Petrel","Yes","No","No","No","No"
"White-headed Vulture","Yes","No","No","No","No"
"White-headed Woodpecker","Yes","No","No","No","No"
"White-headed Wren","Yes","No","No","No","No"
"White Hawk","Yes","No","No","No","No"
"Whistling Heron","Yes","No","No","No","No"
"White Ibis","Yes","No","No","No","No"
"Whistling Kite","Yes","No","No","No","No"
"Whimbrel","Yes","No","No","No","No"
"White Stork","Yes","No","No","No","No"
"Whitehead","Yes","No","No","No","No"
"Whiskered Tern","Yes","No","No","No","No"
"White Wagtail","Yes","No","No","No","No"
"Whistling Warbler","Yes","No","No","No","No"
"White Woodpecker","Yes","No","No","No","No"
"White-lored Gnatcatcher","Yes","No","No","No","No"
"Yucatan Gnatcatcher","Yes","No","No","No","No"
"White-lined Tanager","Yes","No","No","No","No"
"White-mantled Barbet","Yes","No","No","No","No"
"White-headed Marsh Tyrant","Yes","No","No","No","No"
"White-naped Honeyeater","Yes","No","No","No","No"
"White-necked Jacobin","Yes","No","No","No","No"
"White-necked Puffbird","Yes","No","No","No","No"
"White-necked Thrush","Yes","No","No","No","No"
"White-naped Swift","Yes","No","No","No","No"
"White-naped Woodpecker","Yes","No","No","No","No"
"Whooping Crane","Yes","No","No","No","No"
"Whooper Swan","Yes","No","No","No","No"
"White-ringed Flycatcher","Yes","No","No","No","No"
"White-ruffed Manakin","Yes","No","No","No","No"
"White-rumped Munia","Yes","No","No","No","No"
"White-rumped Sandpiper","Yes","No","No","No","No"
"White-sided Hillstar","Yes","No","No","No","No"
"Whiskered Screech-Owl","Yes","No","No","No","No"
"White-shouldered Tanager","Yes","No","No","No","No"
"White-striped Woodcreeper","Yes","No","No","No","No"
"White-spotted Woodpecker","Yes","No","No","No","No"
"White-throated Caracara","Yes","No","No","No","No"
"White-throated Crake","Yes","No","No","No","No"
"White-tipped Dove","Yes","No","No","No","No"
"White-throated Earthcreeper","Yes","No","No","No","No"
"White-tailed Emerald","Yes","No","No","No","No"
"White-throated Flycatcher","Yes","No","No","No","No"
"White-tailed Goldenthroat","Yes","No","No","No","No"
"White-tufted Grebe","Yes","No","No","No","No"
"White-tailed Hawk","Yes","No","No","No","No"
"White-throated Hawk","Yes","No","No","No","No"
"White-throated Hummingbird","Yes","No","No","No","No"
"White-tailed Iora","Yes","No","No","No","No"
"White-throated Kingfisher","Yes","No","No","No","No"
"White-tailed Kite","Yes","No","No","No","No"
"White-throated Needletail","Yes","No","No","No","No"
"White-tailed Nightjar","Yes","No","No","No","No"
"White-tipped Plantcutter","Yes","No","No","No","No"
"White-tailed Ptarmigan","Yes","No","No","No","No"
"White-throated Thrush","Yes","No","No","No","No"
"White-tailed Robin","Yes","No","No","No","No"
"White-throated Robin","Yes","No","No","No","No"
"White-tailed Sabrewing","Yes","No","No","No","No"
"White-tipped Sicklebill","Yes","No","No","No","No"
"White-throated Sparrow","Yes","Yes","No","No","No"
"White-throated Spadebill","Yes","No","No","No","No"
"White-thighed Swallow","Yes","No","No","No","No"
"White-throated Swift","Yes","No","No","No","No"
"White-throated Tapaculo","Yes","No","No","No","No"
"White-throated Toucan","Yes","No","No","No","No"
"White-throated Towhee","Yes","No","No","No","No"
"White-throated Treerunner","Yes","No","No","No","No"
"White-throated Treecreeper","Yes","No","No","No","No"
"White-tailed Trogon","Yes","No","No","No","No"
"White-vented Euphonia","Yes","No","No","No","No"
"Javan Myna","Yes","No","No","No","No"
"White-vented Plumeleteer","Yes","No","No","No","No"
"White-winged Becard","Yes","No","No","No","No"
"White-winged Cinclodes","Yes","No","No","No","No"
"White-winged Coot","Yes","No","No","No","No"
"White-winged Crossbill","Yes","Yes","Yes","No","No"
"White-winged Dove","Yes","No","No","No","No"
"White-winged Fairywren","Yes","No","No","No","No"
"White-whiskered Laughingthrush","Yes","No","No","No","No"
"White-winged Parakeet","Yes","No","No","No","No"
"White-whiskered Puffbird","Yes","No","No","No","No"
"Stejneger's Scoter","Yes","No","No","No","No"
"White-winged Scoter","Yes","No","No","No","No"
"White-winged Swallow","Yes","No","No","No","No"
"White-winged Tanager","Yes","No","No","No","No"
"White-winged Tern","Yes","No","No","No","No"
"Wing-banded Antbird","Yes","No","No","No","No"
"Willow Flycatcher","Yes","No","No","No","No"
"Willet","Yes","No","No","Yes","No"
"Wilson's Phalarope","Yes","No","No","No","No"
"Wilson's Plover","Yes","No","No","No","No"
"Willow Ptarmigan","Yes","Yes","No","No","No"
"Williamson's Sapsucker","Yes","No","No","No","No"
"Wilson's Snipe","Yes","Yes","No","No","No"
"Wild Turkey","Yes","No","No","No","No"
"Willie-wagtail","Yes","No","No","No","No"
"Winter Wren","Yes","Yes","Yes","No","No"
"Wilson's Storm-Petrel","Yes","No","No","No","No"
"Wine-throated Hummingbird","Yes","No","No","No","No"
"West Indian Whistling-Duck","Yes","No","No","No","No"
"Wilson's Warbler","Yes","Yes","Yes","No","No"
"Willow Warbler","Yes","No","No","No","No"
"White-naped Brushfinch","Yes","No","No","No","No"
"Worm-eating Warbler","Yes","No","No","No","No"
"Asian Woolly-necked Stork","Yes","No","No","No","No"
"Wood Duck","Yes","No","No","No","No"
"Wood Sandpiper","Yes","No","No","No","No"
"Woodhouse's Scrub-Jay","Yes","No","No","No","No"
"Woodchat Shrike","Yes","No","No","No","No"
"Wood Stork","Yes","No","No","No","No"
"Wood Thrush","Yes","Yes","Yes","No","No"
"Wrenthrush","Yes","No","No","No","No"
"Wrentit","Yes","No","No","No","No"
"Wren-like Rushbird","Yes","No","No","No","No"
"Wrybill","Yes","No","No","No","No"
"Wedge-tailed Grass-Finch","Yes","No","No","No","No"
"White-throated Mountain-gem","Yes","No","No","No","No"
"White-throated Magpie-Jay","Yes","No","No","No","No"
"White-throated Sierra Finch","Yes","No","No","No","No"
"White-throated Shrike-Tanager","Yes","No","No","No","No"
"White-tailed Shrike-Tyrant","Yes","No","No","No","No"
"Elliot's Storm-Petrel","Yes","No","No","No","No"
"Glacier Finch","Yes","No","No","No","No"
"Wayanad Laughingthrush","Yes","No","No","No","No"
"Xantus's Hummingbird","Yes","No","No","No","No"
"Scripps's Murrelet","Yes","No","No","No","No"
"American Coot","Yes","No","No","No","No"
"Iceland Gull","Yes","No","No","No","No"
"Scarlet-rumped Tanager","Yes","No","No","No","No"
"Crested Caracara","Yes","No","No","No","No"
"Mouse-colored Tyrannulet","Yes","No","No","No","No"
"European/Gray-crowned Goldfinch","Yes","No","No","No","No"
"House Wren","Yes","Yes","No","No","No"
"Brown/Cocos Booby","Yes","No","No","No","No"
"Yellowish-bellied Bush Warbler","Yes","No","No","No","No"
"Yellow-billed Tit-Tyrant","Yes","No","No","No","No"
"Yellow-crowned Night Heron","Yes","No","No","No","No"
"Yellow-breasted Antwren","Yes","No","No","No","No"
"Yellow-billed Babbler","Yes","No","No","No","No"
"Yellow-browed Bulbul","Yes","No","No","No","No"
"Yellow-breasted Bunting","Yes","No","No","No","No"
"Yellow-billed Cacique","Yes","No","No","No","No"
"Yellow-breasted Chat","Yes","No","No","No","No"
"Yellow-billed Cotinga","Yes","No","No","No","No"
"Yellow-breasted Crake","Yes","No","No","No","No"
"Yellow-billed Cuckoo","Yes","No","No","No","No"
"Yellow-bellied Elaenia","Yes","No","No","No","No"
"Yellow-bridled Finch","Yes","No","No","No","No"
"Yellow-bellied Flycatcher","Yes","Yes","Yes","No","No"
"Ochre-lored Flatbill","Yes","No","No","No","No"
"Yellow-billed Grosbeak","Yes","No","No","No","No"
"Yellow-billed Loon","Yes","No","No","No","No"
"Yellow-billed Magpie","Yes","No","No","No","No"
"Yellow-backed Oriole","Yes","No","No","No","No"
"Yellow-billed Amazon","Yes","No","No","No","No"
"Yellow-billed Pintail","Yes","No","No","No","No"
"Yellow-bellied Prinia","Yes","No","No","No","No"
"Yellow-bellied Sapsucker","Yes","Yes","No","No","No"
"Yellow-bellied Seedeater","Yes","No","No","No","No"
"Yellow-bellied Siskin","Yes","No","No","No","No"
"Yellow-billed Spoonbill","Yes","No","No","No","No"
"Yellow-billed Stork","Yes","No","No","No","No"
"Yellow-billed Teal","Yes","No","No","No","No"
"Yellow-billed Tern","Yes","No","No","No","No"
"Yellow-bellied Tyrannulet","Yes","No","No","No","No"
"Yellow-browed Tyrant","Yes","No","No","No","No"
"Yellow-crowned Bishop","Yes","No","No","No","No"
"Yellow-crowned Euphonia","Yes","No","No","No","No"
"Yellow-chevroned Parakeet","Yes","No","No","No","No"
"Yellow-crowned Redstart","Yes","No","No","No","No"
"Yellow-chinned Spinetail","Yes","No","No","No","No"
"Yellow-crowned Tyrannulet","Yes","No","No","No","No"
"Yellow-eyed Junco","Yes","No","No","No","No"
"Yellow-eared Parrot","Yes","No","No","No","No"
"Yellow-eyed Penguin","Yes","No","No","No","No"
"Yellow-eared Toucanet","Yes","No","No","No","No"
"Yellow-faced Grassquit","Yes","No","No","No","No"
"Yellow-footed Gull","Yes","No","No","No","No"
"Yellow-faced Honeyeater","Yes","No","No","No","No"
"Yellow-crowned Parakeet","Yes","No","No","No","No"
"Yellow-footed Green-Pigeon","Yes","No","No","No","No"
"Yellow-green Tyrannulet","Yes","No","No","No","No"
"Yellow-green Vireo","Yes","No","No","No","No"
"Yellow-headed Blackbird","Yes","Yes","No","No","No"
"Yellow-hooded Blackbird","Yes","No","No","No","No"
"Yellow-headed Brushfinch","Yes","No","No","No","No"
"Yellow-headed Caracara","Yes","No","No","No","No"
"Yellow-headed Amazon","Yes","No","No","No","No"
"Yellow-headed Warbler","Yes","No","No","No","No"
"Yellow Bittern","Yes","No","No","No","No"
"Yellow Cardinal","Yes","No","No","No","No"
"Yellowish Flycatcher","Yes","No","No","No","No"
"Yellow Grosbeak","Yes","No","No","No","No"
"Yellow-legged Gull","Yes","No","No","No","No"
"Yellowhammer","Yes","No","No","No","No"
"Yellowhead","Yes","No","No","No","No"
"Yellow Oriole","Yes","No","No","No","No"
"Yellow-lored Amazon","Yes","No","No","No","No"
"Yellowish Pipit","Yes","No","No","No","No"
"Peruvian Pipit","Yes","No","No","No","No"
"Yellow Rail","Yes","No","No","No","No"
"Eastern Yellow Robin","Yes","No","No","No","No"
"Yellow-legged Thrush","Yes","No","No","No","No"
"Taiwan Yellow Tit","Yes","No","No","No","No"
"Yellow Tyrannulet","Yes","No","No","No","No"
"Yellow Warbler","Yes","Yes","No","No","No"
"Yellow-winged Flatbill","Yes","No","No","No","No"
"Yellow-naped Amazon","Yes","No","No","No","No"
"Yellow-olive Flatbill","Yes","No","No","No","No"
"Yellow-rumped Cacique","Yes","No","No","No","No"
"Yellow-rumped Siskin","Yes","No","No","No","No"
"Yellow-rumped Warbler","Yes","Yes","No","No","No"
"Yellow-shouldered Blackbird","Yes","No","No","No","No"
"Yellow-shouldered Grassquit","Yes","No","No","No","No"
"Yellow-shouldered Amazon","Yes","No","No","No","No"
"Yellow-throated Bulbul","Yes","No","No","No","No"
"Yellow-throated Bunting","Yes","No","No","No","No"
"Yellow-throated Euphonia","Yes","No","No","No","No"
"Yellow-thighed Brushfinch","Yes","No","No","No","No"
"Yellow-tailed Oriole","Yes","No","No","No","No"
"Yellow-throated Vireo","Yes","Yes","No","No","No"
"Yellow-throated Warbler","Yes","No","No","No","No"
"Bahama Warbler","Yes","No","No","No","No"
"Yellow-vented Bulbul","Yes","No","No","No","No"
"Yellow-winged Blackbird","Yes","No","No","No","No"
"Yellow-winged Cacique","Yes","No","No","No","No"
"Yellow-wattled Lapwing","Yes","No","No","No","No"
"Yellow-winged Tanager","Yes","No","No","No","No"
"Yellow-winged Vireo","Yes","No","No","No","No"
"Yellow-tailed Black-Cockatoo","Yes","No","No","No","No"
"Yellow-throated Chlorospingus","Yes","No","No","No","No"
"Yucatan Flycatcher","Yes","No","No","No","No"
"Yucatan Jay","Yes","No","No","No","No"
"Yucatan Nightjar","Yes","No","No","No","No"
"Yucatan Poorwill","Yes","No","No","No","No"
"Yucatan Vireo","Yes","No","No","No","No"
"Yucatan Woodpecker","Yes","No","No","No","No"
"Yucatan Wren","Yes","No","No","No","No"
"Yellow-crowned Amazon","Yes","No","No","No","No"
"Zapata Sparrow","Yes","No","No","No","No"
"Zapata Wren","Yes","No","No","No","No"
"Zebra Dove","Yes","No","No","No","No"
"Zebra Finch","Yes","No","No","No","No"
"Zeledon's Antbird","Yes","No","No","No","No"
"Zenaida Dove","Yes","No","No","No","No"
"Zitting Cisticola","Yes","No","No","No","No"
"Zone-tailed Hawk","Yes","No","No","No","No"
